ID,TIPO PRODUTO,QUANTIDADE (Kg),Nº ONU,Nº PERIGO,CLASSE,RAIO MINIMO,RAIO MAXIMO,RAIO INCENDIO,RISCO EXPLOSAO,OBSERVAÇÕES,ONU_NORM,ONU_LIMPEZA,CLASSE_NORM,CLASSE_LIMPEZA,CLASSE_DESC,PRODUTO_CANON
1646,Adesivos contendo um liquido inflamavel,8280.0,1133,33,3.0,50,300.0,800,True,,1133,ok,3,recuperado major de '3.0' (provável Nº perigo na coluna),3 — Líquidos inflamáveis,adesivos contendo um liquido inflamavel
1646,Resina em solucao,800.0,1866,33,3.0,50,300.0,800,True,,1866,ok,3,recuperado major de '3.0' (provável Nº perigo na coluna),3 — Líquidos inflamáveis,resina em solucao
1646,Butanol,680.0,1120,30 ou 33,3.0,50,300.0,800,True,,1120,ok,3,recuperado major de '3.0' (provável Nº perigo na coluna),3 — Líquidos inflamáveis,butanol
1646,Esteres n.s.a.,400.0,3272,30 ou 33,3.0,50,300.0,800,True,,3272,ok,3,recuperado major de '3.0' (provável Nº perigo na coluna),3 — Líquidos inflamáveis,esteres n.s.a.
1646,Liquido inflamavel n.s.a.,190.0,1993,33,3.0,50,300.0,800,True,,1993,ok,3,recuperado major de '3.0' (provável Nº perigo na coluna),3 — Líquidos inflamáveis,liquido inflamavel n.s.a.
1646,Solido organico inflamavel n.s.a.,25.0,1325,40,4.1,25,100.0,800,True,,1325,ok,4.1,ok,4.1 — Sólidos inflamáveis,solido organico inflamavel n.s.a.
1646,Acetona,320.0,1090,33,3.0,50,300.0,800,True,,1090,ok,3,recuperado major de '3.0' (provável Nº perigo na coluna),3 — Líquidos inflamáveis,acetona
1646,Etilmetilcetona,320.0,1193,33,3.0,50,300.0,800,True,,1193,ok,3,recuperado major de '3.0' (provável Nº perigo na coluna),3 — Líquidos inflamáveis,etilmetilcetona
1647,Liquido inflamavel n.s.a.,171.0,1993,33,3.0,50,300.0,800,True,,1993,ok,3,recuperado major de '3.0' (provável Nº perigo na coluna),3 — Líquidos inflamáveis,liquido inflamavel n.s.a.
1647,Hipoclorito em solucao,7191.0,1791,80,8.0,50,,800,True,,1791,ok,8,recuperado major de '8.0' (provável Nº perigo na coluna),8 — Matérias corrosivas,hipoclorito em solucao
1647,Isobutano,4.0,1969,30,3.0,100,800.0,1600,True,,1969,ok,3,recuperado major de '3.0' (provável Nº perigo na coluna),3 — Líquidos inflamáveis,isobutano
1648,Tintas ou materias aparentadas as tintas,2614.0,1263,33,3.0,50,300.0,800,True,,1263,ok,3,recuperado major de '3.0' (provável Nº perigo na coluna),3 — Líquidos inflamáveis,tintas ou materias aparentadas as tintas
1648,Hidrocarbonetos liquidos n.s.a.,725.0,3295,33,3.0,50,300.0,800,True,,3295,ok,3,recuperado major de '3.0' (provável Nº perigo na coluna),3 — Líquidos inflamáveis,hidrocarbonetos liquidos n.s.a.
1648,Sucedaneo de essencia de terebentina,660.0,1300,30 ou 33,3.0,50,300.0,800,True,,1300,ok,3,recuperado major de '3.0' (provável Nº perigo na coluna),3 — Líquidos inflamáveis,sucedaneo de essencia de terebentina
1648,Isobutanol,170.0,1212,30,3.0,50,300.0,800,True,,1212,ok,3,recuperado major de '3.0' (provável Nº perigo na coluna),3 — Líquidos inflamáveis,isobutanol
1648,Liquido corrosivo n.s.a.,800.0,1760,88,8.0,50,,800,True,,1760,ok,8,recuperado major de '8.0' (provável Nº perigo na coluna),8 — Matérias corrosivas,liquido corrosivo n.s.a.
1648,Acetona,3.0,1090,33,3.0,50,300.0,800,True,,1090,ok,3,recuperado major de '3.0' (provável Nº perigo na coluna),3 — Líquidos inflamáveis,acetona
1648,Liquido inflamavel n.s.a.,48.0,1993,33,3.0,50,300.0,800,True,,1993,ok,3,recuperado major de '3.0' (provável Nº perigo na coluna),3 — Líquidos inflamáveis,liquido inflamavel n.s.a.
1648,Aerossois,132.0,1950,20,2.0,50,500.0,800,True,,1950,ok,2,recuperado major de '2.0' (provável Nº perigo na coluna),2 — Gases,aerossois
1648,Materia perigosa do ponto de vista do ambiente liquida n.s.a,48.0,3082,90,9.0,50,,800,True,,3082,ok,9,recuperado major de '9.0' (provável Nº perigo na coluna),9 — Matérias e objetos perigosos diversos,materia perigosa do ponto de vista do ambiente liquida n.s.a
1648,"Produtos de conservação de madeira, liquidos",6.0,1306,33,3.0,50,300.0,800,True,,1306,ok,3,recuperado major de '3.0' (provável Nº perigo na coluna),3 — Líquidos inflamáveis,"produtos de conservacao de madeira, liquidos"
1648,Adesivos contendo um liquido inflamavel,27414.0,1133,33,3.0,50,300.0,800,True,,1133,ok,3,recuperado major de '3.0' (provável Nº perigo na coluna),3 — Líquidos inflamáveis,adesivos contendo um liquido inflamavel
1648,Hidroxido de sodio em solucao,25.0,1824,80,8.0,50,,800,True,,1824,ok,8,recuperado major de '8.0' (provável Nº perigo na coluna),8 — Matérias corrosivas,hidroxido de sodio em solucao
1649,Tintas ou materias aparentadas as tintas,778.0,1263,33,3.0,50,300.0,800,True,,1263,ok,3,recuperado major de '3.0' (provável Nº perigo na coluna),3 — Líquidos inflamáveis,tintas ou materias aparentadas as tintas
1649,Sucedaneo de essencia de terebentina,660.0,1300,30 ou 33,3.0,50,300.0,800,True,,1300,ok,3,recuperado major de '3.0' (provável Nº perigo na coluna),3 — Líquidos inflamáveis,sucedaneo de essencia de terebentina
1649,"Destilados de petroleo, n.s.a.",740.0,1268,33,3.0,50,300.0,800,True,,1268,ok,3,recuperado major de '3.0' (provável Nº perigo na coluna),3 — Líquidos inflamáveis,"destilados de petroleo, n.s.a."
1649,Liquido corrosivo n.s.a.,600.0,1760,88,8.0,50,,800,True,,1760,ok,8,recuperado major de '8.0' (provável Nº perigo na coluna),8 — Matérias corrosivas,liquido corrosivo n.s.a.
1649,Liquido inflamavel n.s.a.,1250.0,1993,33,3.0,50,300.0,800,True,,1993,ok,3,recuperado major de '3.0' (provável Nº perigo na coluna),3 — Líquidos inflamáveis,liquido inflamavel n.s.a.
1649,Etilmetilcetona,20.0,1193,33,3.0,50,300.0,800,True,,1193,ok,3,recuperado major de '3.0' (provável Nº perigo na coluna),3 — Líquidos inflamáveis,etilmetilcetona
1649,Aerossois,16.0,1950,20,2.0,50,500.0,800,True,,1950,ok,2,recuperado major de '2.0' (provável Nº perigo na coluna),2 — Gases,aerossois
1650,Argon liquido refrigerado,22540.0,1951,22,2.0,100,100.0,800,True,,1951,ok,2,recuperado major de '2.0' (provável Nº perigo na coluna),2 — Gases,argon liquido refrigerado
1650,Liquido inflamavel n.s.a.,1050.0,1933,33,3.0,50,300.0,800,True,,1933,ok,3,recuperado major de '3.0' (provável Nº perigo na coluna),3 — Líquidos inflamáveis,liquido inflamavel n.s.a.
1651,Liquido inflamavel n.s.a.,16496.0,1993,33,3.0,50,300.0,800,True,,1993,ok,3,recuperado major de '3.0' (provável Nº perigo na coluna),3 — Líquidos inflamáveis,liquido inflamavel n.s.a.
1651,Tintas ou materias aparentadas as tintas,3960.0,1263,30 ou 33,3.0,50,300.0,800,True,,1263,ok,3,recuperado major de '3.0' (provável Nº perigo na coluna),3 — Líquidos inflamáveis,tintas ou materias aparentadas as tintas
1651,Isopropanol,160.0,1219,33,3.0,50,300.0,800,True,,1219,ok,3,recuperado major de '3.0' (provável Nº perigo na coluna),3 — Líquidos inflamáveis,isopropanol
1651,Materia perigosa do ponto de vista do ambiente liquida n.s.a,150.0,3082,90,9.0,50,,800,True,,3082,ok,9,recuperado major de '9.0' (provável Nº perigo na coluna),9 — Matérias e objetos perigosos diversos,materia perigosa do ponto de vista do ambiente liquida n.s.a
1651,Resina em solucao,1000.0,1866,33,3.0,50,300.0,800,True,,1866,ok,3,recuperado major de '3.0' (provável Nº perigo na coluna),3 — Líquidos inflamáveis,resina em solucao
1651,"Liquido corrosivo, inflamavel, nsa",200.0,2920,80,8.0,50,,800,True,,2920,ok,8,recuperado major de '8.0' (provável Nº perigo na coluna),8 — Matérias corrosivas,"liquido corrosivo, inflamavel, nsa"
1651,Liquido inflamavel n.s.a.,1700.0,1993,33,3.0,50,300.0,800,True,,1993,ok,3,recuperado major de '3.0' (provável Nº perigo na coluna),3 — Líquidos inflamáveis,liquido inflamavel n.s.a.
1652,Liquido inflamavel n.s.a.,2229.0,1993,33,3.0,50,300.0,800,True,,1993,ok,3,recuperado major de '3.0' (provável Nº perigo na coluna),3 — Líquidos inflamáveis,liquido inflamavel n.s.a.
1652,Liquido corrosivo n.s.a.,5035.0,1760,88,8.0,50,,800,True,,1760,ok,8,recuperado major de '8.0' (provável Nº perigo na coluna),8 — Matérias corrosivas,liquido corrosivo n.s.a.
1653,Aerossois inflamaveis,8.0,1950,20,2.0,50,500.0,800,True,,1950,ok,2,recuperado major de '2.0' (provável Nº perigo na coluna),2 — Gases,aerossois inflamaveis
1653,Materia perigosa do ponto de vista do ambiente liquida n.s.a,47.0,3082,90,9.0,50,,800,True,,3082,ok,9,recuperado major de '9.0' (provável Nº perigo na coluna),9 — Matérias e objetos perigosos diversos,materia perigosa do ponto de vista do ambiente liquida n.s.a
1654,Tintas ou materias aparentadas as tintas,304.0,1263,33,3.0,50,300.0,800,True,,1263,ok,3,recuperado major de '3.0' (provável Nº perigo na coluna),3 — Líquidos inflamáveis,tintas ou materias aparentadas as tintas
1654,Liquido inflamavel n.s.a.,268.0,1993,33,3.0,50,300.0,800,True,,1993,ok,3,recuperado major de '3.0' (provável Nº perigo na coluna),3 — Líquidos inflamáveis,liquido inflamavel n.s.a.
1654,Liquido inflamavel toxico n.s.a.,211.0,1992,33,3.0,50,,800,True,,1992,ok,3,recuperado major de '3.0' (provável Nº perigo na coluna),3 — Líquidos inflamáveis,liquido inflamavel toxico n.s.a.
1654,"Produtos de conservação de madeira, liquidos",315.0,1306,33,3.0,50,300.0,800,True,,1306,ok,3,recuperado major de '3.0' (provável Nº perigo na coluna),3 — Líquidos inflamáveis,"produtos de conservacao de madeira, liquidos"
1654,Liquido corrosivo n.s.a.,57.0,1760,88,8.0,50,,800,True,,1760,ok,8,recuperado major de '8.0' (provável Nº perigo na coluna),8 — Matérias corrosivas,liquido corrosivo n.s.a.
1655,Argon liquido refrigerado,0.0,1951,22,2.0,100,100.0,800,True,,1951,ok,2,recuperado major de '2.0' (provável Nº perigo na coluna),2 — Gases,argon liquido refrigerado
1656,Liquido inflamavel n.s.a.,343.0,1993,33,3.0,50,300.0,800,True,,1993,ok,3,recuperado major de '3.0' (provável Nº perigo na coluna),3 — Líquidos inflamáveis,liquido inflamavel n.s.a.
1656,Liquido corrosivo n.s.a.,1906.0,1760,88,8.0,50,,800,True,,1760,ok,8,recuperado major de '8.0' (provável Nº perigo na coluna),8 — Matérias corrosivas,liquido corrosivo n.s.a.
1657,Argon liquido refrigerado,22470.0,1951,22,2.0,100,100.0,800,True,,1951,ok,2,recuperado major de '2.0' (provável Nº perigo na coluna),2 — Gases,argon liquido refrigerado
1657,Liquido inflamavel n.s.a.,7140.0,1933,33,3.0,50,300.0,800,True,,1933,ok,3,recuperado major de '3.0' (provável Nº perigo na coluna),3 — Líquidos inflamáveis,liquido inflamavel n.s.a.
1657,Liquido corrosivo n.s.a.,6349.0,1760,88,8.0,50,,800,True,,1760,ok,8,recuperado major de '8.0' (provável Nº perigo na coluna),8 — Matérias corrosivas,liquido corrosivo n.s.a.
1657,Acido hidrocloridrico,1670.0,1789,80,8.0,50,,800,True,,1789,ok,8,recuperado major de '8.0' (provável Nº perigo na coluna),8 — Matérias corrosivas,acido hidrocloridrico
1657,Acido fluoridrico,500.0,1790,80,8.0,50,,800,True,,1790,ok,8,recuperado major de '8.0' (provável Nº perigo na coluna),8 — Matérias corrosivas,acido fluoridrico
1657,Materia perigosa do ponto de vista do ambiente solida n.s.a.,512.0,3077,90,9.0,50,,800,True,,3077,ok,9,recuperado major de '9.0' (provável Nº perigo na coluna),9 — Matérias e objetos perigosos diversos,materia perigosa do ponto de vista do ambiente solida n.s.a.
1658,Liquido inflamavel n.s.a.,26800.0,1993,33,3.0,50,300.0,800,True,,1993,ok,3,recuperado major de '3.0' (provável Nº perigo na coluna),3 — Líquidos inflamáveis,liquido inflamavel n.s.a.
1658,Liquido corrosivo n.s.a.,4666.0,1760,88,8.0,50,,800,True,,1760,ok,8,recuperado major de '8.0' (provável Nº perigo na coluna),8 — Matérias corrosivas,liquido corrosivo n.s.a.
1659,Produtos de perfumaria,62576.0,1266,33,3.0,50,300.0,800,True,,1266,ok,3,recuperado major de '3.0' (provável Nº perigo na coluna),3 — Líquidos inflamáveis,produtos de perfumaria
1659,Tintas ou materias aparentadas as tintas,304.0,1263,33,3.0,50,300.0,800,True,,1263,ok,3,recuperado major de '3.0' (provável Nº perigo na coluna),3 — Líquidos inflamáveis,tintas ou materias aparentadas as tintas
1659,Acumuladores electricos cheios de electrolito liquido acido,11.0,2794,80,8.0,50,,800,True,,2794,ok,8,recuperado major de '8.0' (provável Nº perigo na coluna),8 — Matérias corrosivas,acumuladores electricos cheios de electrolito liquido acido
1659,Argon liquido refrigerado,22470.0,1951,22,2.0,100,100.0,800,True,,1951,ok,2,recuperado major de '2.0' (provável Nº perigo na coluna),2 — Gases,argon liquido refrigerado
1660,Liquido inflamavel n.s.a.,25398.0,1933,33,3.0,50,,800,True,,1933,ok,3,recuperado major de '3.0' (provável Nº perigo na coluna),3 — Líquidos inflamáveis,liquido inflamavel n.s.a.
1660,"Gas liquefeito, n.s.a.",14.0,3163,20,2.0,100,500.0,800,True,,3163,ok,2,recuperado major de '2.0' (provável Nº perigo na coluna),2 — Gases,"gas liquefeito, n.s.a."
1661,Tintas ou materias aparentadas as tintas,7979.0,1263,30,3.0,50,300.0,800,True,,1263,ok,3,recuperado major de '3.0' (provável Nº perigo na coluna),3 — Líquidos inflamáveis,tintas ou materias aparentadas as tintas
1661,Resina em solucao,15970.0,1866,30 ou 33,3.0,50,300.0,800,True,,1866,ok,3,recuperado major de '3.0' (provável Nº perigo na coluna),3 — Líquidos inflamáveis,resina em solucao
1661,Materia perigosa do ponto de vista do ambiente liquida n.s.a,3000.0,3082,90,9.0,50,,800,True,,3082,ok,9,recuperado major de '9.0' (provável Nº perigo na coluna),9 — Matérias e objetos perigosos diversos,materia perigosa do ponto de vista do ambiente liquida n.s.a
1661,Acido fosforico em solucao,1584.0,1805,80,8.0,50,,800,True,,1805,ok,8,recuperado major de '8.0' (provável Nº perigo na coluna),8 — Matérias corrosivas,acido fosforico em solucao
1661,"Destilados de petroleo, n.s.a.",680.0,1268,33,3.0,50,300.0,800,True,,1268,ok,3,recuperado major de '3.0' (provável Nº perigo na coluna),3 — Líquidos inflamáveis,"destilados de petroleo, n.s.a."
1661,Acetona,790.0,1090,33,3.0,50,300.0,800,True,,1090,ok,3,recuperado major de '3.0' (provável Nº perigo na coluna),3 — Líquidos inflamáveis,acetona
1661,Aerossois inflamaveis,2000.0,1950,20,2.0,50,500.0,800,True,,1950,ok,2,recuperado major de '2.0' (provável Nº perigo na coluna),2 — Gases,aerossois inflamaveis
1662,Tintas ou materias aparentadas as tintas,13400.0,1263,30,3.0,50,300.0,800,True,,1263,ok,3,recuperado major de '3.0' (provável Nº perigo na coluna),3 — Líquidos inflamáveis,tintas ou materias aparentadas as tintas
1663,"Hidrocarbonetos gasosos em mistura liquefeita, nsa",19940.0,1965,23,2.0,100,800.0,1600,True,,1965,ok,2,recuperado major de '2.0' (provável Nº perigo na coluna),2 — Gases,"hidrocarbonetos gasosos em mistura liquefeita, nsa"
1663,Argon comprimido,35760.0,1006,20,2.0,100,,800,True,,1006,ok,2,recuperado major de '2.0' (provável Nº perigo na coluna),2 — Gases,argon comprimido
1663,Adesivos contendo um liquido inflamavel,2690.0,1133,33,3.0,50,300.0,800,True,,1133,ok,3,recuperado major de '3.0' (provável Nº perigo na coluna),3 — Líquidos inflamáveis,adesivos contendo um liquido inflamavel
1664,Hidroxido de sodio em solucao,21980.0,1824,80,8.0,50,,800,False,,1824,ok,8,recuperado major de '8.0' (provável Nº perigo na coluna),8 — Matérias corrosivas,hidroxido de sodio em solucao
1664,Xilenos,18760.0,1307,33,3.0,50,300.0,800,True,,1307,ok,3,recuperado major de '3.0' (provável Nº perigo na coluna),3 — Líquidos inflamáveis,xilenos
1665,Alcool etilico,16140.0,1170,33,3.0,50,800.0,800,True,,1170,ok,3,recuperado major de '3.0' (provável Nº perigo na coluna),3 — Líquidos inflamáveis,alcool etilico
1666,Argon comprimido,34875.0,1006,20,2.0,100,,800,True,,1006,ok,2,recuperado major de '2.0' (provável Nº perigo na coluna),2 — Gases,argon comprimido
1666,Tintas ou materias aparentadas as tintas,2661.0,1263,30,3.0,50,300.0,800,True,,1263,ok,3,recuperado major de '3.0' (provável Nº perigo na coluna),3 — Líquidos inflamáveis,tintas ou materias aparentadas as tintas
1667,Argon comprimido,8280.0,1006,20,2.0,100,,800,True,,1006,ok,2,recuperado major de '2.0' (provável Nº perigo na coluna),2 — Gases,argon comprimido
1668,Materia perigosa do ponto de vista do ambiente liquida n.s.a,10413.0,3082,90,9.0,50,,800,True,,3082,ok,9,recuperado major de '9.0' (provável Nº perigo na coluna),9 — Matérias e objetos perigosos diversos,materia perigosa do ponto de vista do ambiente liquida n.s.a
1669,Acumuladores electricos insusceptivel de verter,13.0,2800,80,8.0,25,,800,True,,2800,ok,8,recuperado major de '8.0' (provável Nº perigo na coluna),8 — Matérias corrosivas,acumuladores electricos insusceptivel de verter
1669,Argon comprimido,30540.0,1006,22,2.0,100,,800,True,,1006,ok,2,recuperado major de '2.0' (provável Nº perigo na coluna),2 — Gases,argon comprimido
1670,Liquido inflamavel n.s.a.,30.0,1993,33,3.0,50,,800,True,,1993,ok,3,recuperado major de '3.0' (provável Nº perigo na coluna),3 — Líquidos inflamáveis,liquido inflamavel n.s.a.
1670,Acumuladores electricos cheios de electrolito liquido acido,14936.0,2794,80,8.0,50,,800,True,,2794,ok,8,recuperado major de '8.0' (provável Nº perigo na coluna),8 — Matérias corrosivas,acumuladores electricos cheios de electrolito liquido acido
1671,Acido acetico em solucao,308.0,2790,80,8.0,25,,800,True,,2790,ok,8,recuperado major de '8.0' (provável Nº perigo na coluna),8 — Matérias corrosivas,acido acetico em solucao
1671,Liquido organico corrosivo acido n.s.a.,324.0,3265,80,8.0,50,,800,True,,3265,ok,8,recuperado major de '8.0' (provável Nº perigo na coluna),8 — Matérias corrosivas,liquido organico corrosivo acido n.s.a.
1671,Acumuladores electricos cheios de electrolito liquido acido,2576.0,2794,80,8.0,50,,800,True,,2794,ok,8,recuperado major de '8.0' (provável Nº perigo na coluna),8 — Matérias corrosivas,acumuladores electricos cheios de electrolito liquido acido
1671,Materia perigosa do ponto de vista do ambiente liquida n.s.a,791.0,3082,90,9.0,50,,800,True,,3082,ok,9,recuperado major de '9.0' (provável Nº perigo na coluna),9 — Matérias e objetos perigosos diversos,materia perigosa do ponto de vista do ambiente liquida n.s.a
1671,"Poliaminas liquidas corrosivas, n.s.a.",1841.0,1841,80,8.0,50,,800,True,,1841,ok,8,recuperado major de '8.0' (provável Nº perigo na coluna),8 — Matérias corrosivas,"poliaminas liquidas corrosivas, n.s.a."
1672,Argon comprimido,15875.0,1006,20,2.2,100,,800,True,,1006,ok,2.2,ok,"2.2 — Gases não inflamáveis, não tóxicos",argon comprimido
1672,Acido sulfurico com mais de 51% de acido,21600.0,1830,80,8.0,50,,800,True,,1830,ok,8,recuperado major de '8.0' (provável Nº perigo na coluna),8 — Matérias corrosivas,acido sulfurico com mais de 51% de acido
1672,Tintas ou materias aparentadas as tintas,14530.0,1263,30,3.0,50,300.0,800,True,,1263,ok,3,recuperado major de '3.0' (provável Nº perigo na coluna),3 — Líquidos inflamáveis,tintas ou materias aparentadas as tintas
1672,Tintas ou materias aparentadas as tintas,3717.0,1263,30,3.0,50,300.0,800,True,,1263,ok,3,recuperado major de '3.0' (provável Nº perigo na coluna),3 — Líquidos inflamáveis,tintas ou materias aparentadas as tintas
1672,Tintas ou materias aparentadas as tintas,5437.0,3066,80,8.0,50,300.0,800,True,,3066,ok,8,recuperado major de '8.0' (provável Nº perigo na coluna),8 — Matérias corrosivas,tintas ou materias aparentadas as tintas
1672,Tintas ou materias aparentadas as tintas,5949.0,1263,30,3.0,50,300.0,800,True,,1263,ok,3,recuperado major de '3.0' (provável Nº perigo na coluna),3 — Líquidos inflamáveis,tintas ou materias aparentadas as tintas
1672,Materia perigosa do ponto de vista do ambiente liquida n.s.a,3055.0,3082,90,9.0,50,,800,True,,3082,ok,9,recuperado major de '9.0' (provável Nº perigo na coluna),9 — Matérias e objetos perigosos diversos,materia perigosa do ponto de vista do ambiente liquida n.s.a
1672,Argon comprimido,15875.0,1006,20,2.2,100,,800,True,,1006,ok,2.2,ok,"2.2 — Gases não inflamáveis, não tóxicos",argon comprimido
1672,Helio comprimido,16907.0,16907,20,2.2,100,100.0,800,False,,,inválido: '16907',2.2,ok,"2.2 — Gases não inflamáveis, não tóxicos",helio comprimido
1673,Liquido corrosivo n.s.a.,770.0,1760,88,8.0,50,,800,True,,1760,ok,8,recuperado major de '8.0' (provável Nº perigo na coluna),8 — Matérias corrosivas,liquido corrosivo n.s.a.
1673,Tintas ou materias aparentadas as tintas,4050.0,1263,30,3.0,50,300.0,800,True,,1263,ok,3,recuperado major de '3.0' (provável Nº perigo na coluna),3 — Líquidos inflamáveis,tintas ou materias aparentadas as tintas
1674,Tintas ou materias aparentadas as tintas,2460.0,1263,33,3.0,50,300.0,800,True,,1263,ok,3,recuperado major de '3.0' (provável Nº perigo na coluna),3 — Líquidos inflamáveis,tintas ou materias aparentadas as tintas
1674,Adesivos,60.0,1133,33,3.0,50,300.0,800,True,,1133,ok,3,recuperado major de '3.0' (provável Nº perigo na coluna),3 — Líquidos inflamáveis,adesivos
1674,Acumuladores electricos cheios de eletrolitos liquido acido,4939.0,2794,80,8.0,50,,800,True,,2794,ok,8,recuperado major de '8.0' (provável Nº perigo na coluna),8 — Matérias corrosivas,acumuladores electricos cheios de eletrolitos liquido acido
1674,Aerossois,7.0,1950,263,2.0,50,500.0,800,True,,1950,ok,2,recuperado major de '2.0' (provável Nº perigo na coluna),2 — Gases,aerossois
1675,Argon liquido refrigerado,11250.0,1951,22,2.2,100,100.0,800,True,,1951,ok,2.2,ok,"2.2 — Gases não inflamáveis, não tóxicos",argon liquido refrigerado
1675,Tintas ou materias aparentadas as tintas,240.0,1263,33,3.3,50,300.0,800,True,,1263,ok,3,recuperado major de '3.3' (provável Nº perigo na coluna),3 — Líquidos inflamáveis,tintas ou materias aparentadas as tintas
1676,Materia perigosa do ponto de vista do ambiente liquida n.s.a,139.0,3082,90,9.0,50,,800,True,,3082,ok,9,recuperado major de '9.0' (provável Nº perigo na coluna),9 — Matérias e objetos perigosos diversos,materia perigosa do ponto de vista do ambiente liquida n.s.a
1676,Acido acetico em solucao,13.0,2790,80,8.0,25,,800,True,,2790,ok,8,recuperado major de '8.0' (provável Nº perigo na coluna),8 — Matérias corrosivas,acido acetico em solucao
1676,Liquido inorganico corrosivo acido n.s.a.,30.0,3264,88,8.0,50,,800,True,,3264,ok,8,recuperado major de '8.0' (provável Nº perigo na coluna),8 — Matérias corrosivas,liquido inorganico corrosivo acido n.s.a.
1677,Acumuladores eléctricos cheios de electrólito liquido acido,19180.0,2794,80,8.0,50,,800,True,,2794,ok,8,recuperado major de '8.0' (provável Nº perigo na coluna),8 — Matérias corrosivas,acumuladores electricos cheios de electrolito liquido acido
1678,Acumuladores electricos cheios de eletrolitos liquido acido,24.0,2794,80,8.8,50,,800,True,,2794,ok,8,recuperado major de '8.8' (provável Nº perigo na coluna),8 — Matérias corrosivas,acumuladores electricos cheios de eletrolitos liquido acido
1679,Polímeros expansiveis em granulados,13675.0,2211,90,9.0,25,100.0,800,False,,2211,ok,9,recuperado major de '9.0' (provável Nº perigo na coluna),9 — Matérias e objetos perigosos diversos,polimeros expansiveis em granulados
1679,Argon liquido refrigerado,30600.0,1951,22,2.0,100,100.0,800,True,,1951,ok,2,recuperado major de '2.0' (provável Nº perigo na coluna),2 — Gases,argon liquido refrigerado
1680,"Gas frigorifico, n.s.a.",10100.0,1078,20,2.0,100,500.0,800,True,,1078,ok,2,recuperado major de '2.0' (provável Nº perigo na coluna),2 — Gases,"gas frigorifico, n.s.a."
1681,Dioxido de carbono,23000.0,1013,20,2.0,100,100.0,800,True,,1013,ok,2,recuperado major de '2.0' (provável Nº perigo na coluna),2 — Gases,dioxido de carbono
1682,Argon liquido refrigerado,14590.0,1951,22,2.0,100,100.0,800,True,,1951,ok,2,recuperado major de '2.0' (provável Nº perigo na coluna),2 — Gases,argon liquido refrigerado
1682,Aerossois inflamaveis,27420.0,1219,28,2.0,50,500.0,800,True,,1219,ok,2,recuperado major de '2.0' (provável Nº perigo na coluna),2 — Gases,aerossois inflamaveis
1683,Aerossois,10600.0,1950,28,2.0,50,500.0,800,True,,1950,ok,2,recuperado major de '2.0' (provável Nº perigo na coluna),2 — Gases,aerossois
1684,Argon liquido refrigerado,27640.0,1951,22,2.0,100,100.0,800,True,,1951,ok,2,recuperado major de '2.0' (provável Nº perigo na coluna),2 — Gases,argon liquido refrigerado
1684,Liquido inflamavel n.s.a.,12937.0,1993,33,3.0,50,,800,True,,1993,ok,3,recuperado major de '3.0' (provável Nº perigo na coluna),3 — Líquidos inflamáveis,liquido inflamavel n.s.a.
1684,Liquido inorganico corrosivo acido n.s.a.,27040.0,3264,80,8.0,50,,800,True,,3264,ok,8,recuperado major de '8.0' (provável Nº perigo na coluna),8 — Matérias corrosivas,liquido inorganico corrosivo acido n.s.a.
1684,Acumuladores electricos cheios de electrolito liquido acido,16380.0,2794,80,8.0,50,,800,True,,2794,ok,8,recuperado major de '8.0' (provável Nº perigo na coluna),8 — Matérias corrosivas,acumuladores electricos cheios de electrolito liquido acido
1684,Ar comprimido,35580.0,1002,20,2.0,100,500.0,800,True,,1002,ok,2,recuperado major de '2.0' (provável Nº perigo na coluna),2 — Gases,ar comprimido
1684,Aerossois,24540.0,1950,28,2.0,50,500.0,800,True,,1950,ok,2,recuperado major de '2.0' (provável Nº perigo na coluna),2 — Gases,aerossois
1685,Etanolamina ou etanolamina em solucao,52580.0,2491,80,8.0,50,50.0,800,True,,2491,ok,8,recuperado major de '8.0' (provável Nº perigo na coluna),8 — Matérias corrosivas,etanolamina ou etanolamina em solucao
1685,Acido sulfurico,26460.0,1830,80,8.0,50,,800,True,,1830,ok,8,recuperado major de '8.0' (provável Nº perigo na coluna),8 — Matérias corrosivas,acido sulfurico
1685,Solido comburente,11200.0,3082,58,5.1,25,,800,True,,3082,ok,5.1,ok,5.1 — Matérias comburentes,solido comburente
1685,Liquido organico corrosivo acido n.s.a.,11200.0,3265,80,8.0,50,,800,True,,3265,ok,8,recuperado major de '8.0' (provável Nº perigo na coluna),8 — Matérias corrosivas,liquido organico corrosivo acido n.s.a.
1686,Aerossois,17280.0,1950,23,2.0,50,500.0,800,True,,1950,ok,2,recuperado major de '2.0' (provável Nº perigo na coluna),2 — Gases,aerossois
1687,Argon liquido refrigerado,11250.0,1951,22,2.2,100,100.0,800,True,,1951,ok,2.2,ok,"2.2 — Gases não inflamáveis, não tóxicos",argon liquido refrigerado
1688,Hipoclorito em solucao,17220.0,1791,80,8.0,50,,800,True,,1791,ok,8,recuperado major de '8.0' (provável Nº perigo na coluna),8 — Matérias corrosivas,hipoclorito em solucao
1688,Hidroxido de sodio solido,7200.0,1823,80,8.0,50,,800,True,,1823,ok,8,recuperado major de '8.0' (provável Nº perigo na coluna),8 — Matérias corrosivas,hidroxido de sodio solido
1688,Liquido inflamavel n.s.a.,7000.0,1993,33,3.0,50,,800,True,,1993,ok,3,recuperado major de '3.0' (provável Nº perigo na coluna),3 — Líquidos inflamáveis,liquido inflamavel n.s.a.
1688,Acumuladores electricos cheios de eletrolitos liquido acido,13140.0,2794,80,8.0,50,,800,True,,2794,ok,8,recuperado major de '8.0' (provável Nº perigo na coluna),8 — Matérias corrosivas,acumuladores electricos cheios de eletrolitos liquido acido
1688,Acido sulfurico com mais de 51% de acido,23780.0,1830,80,8.0,50,,800,True,,1830,ok,8,recuperado major de '8.0' (provável Nº perigo na coluna),8 — Matérias corrosivas,acido sulfurico com mais de 51% de acido
1689,Argon refrigerado liquido,11250.0,1951,20,2.0,100,100.0,800,True,,1951,ok,2,recuperado major de '2.0' (provável Nº perigo na coluna),2 — Gases,argon refrigerado liquido
1690,Acido sulfurico com mais de 51% de acido,24000.0,1830,80,8.0,50,,800,True,,1830,ok,8,recuperado major de '8.0' (provável Nº perigo na coluna),8 — Matérias corrosivas,acido sulfurico com mais de 51% de acido
1691,Hipoclorito em solucao,24430.0,1791,80,8.0,50,,800,True,,1791,ok,8,recuperado major de '8.0' (provável Nº perigo na coluna),8 — Matérias corrosivas,hipoclorito em solucao
1692,Aerossois corrosivos,16620.0,1950,28,2.0,50,500.0,800,True,,1950,ok,2,recuperado major de '2.0' (provável Nº perigo na coluna),2 — Gases,aerossois corrosivos
1692,Liquido inorganico toxico,11820.0,3289,68,6.1,25,,800,True,,3289,ok,6.1,ok,6.1 — Matérias tóxicas,liquido inorganico toxico
1693,Diisocianato de toluileno,20000.0,2078,60,6.1,50,,800,True,,2078,ok,6.1,ok,6.1 — Matérias tóxicas,diisocianato de toluileno
1694,Enxofre,20000.0,1350,40,4.1,25,100.0,800,False,,1350,ok,4.1,ok,4.1 — Sólidos inflamáveis,enxofre
1695,Hipoclorito em solucao,12600.0,1791,80,8.0,50,,800,True,,1791,ok,8,recuperado major de '8.0' (provável Nº perigo na coluna),8 — Matérias corrosivas,hipoclorito em solucao
1695,Liquido inflamavel toxico n.s.a.,1950.0,1992,336,3.0,50,,800,True,,1992,ok,3,recuperado major de '3.0' (provável Nº perigo na coluna),3 — Líquidos inflamáveis,liquido inflamavel toxico n.s.a.
1696,Resina em solucao,1640.0,1866,33,3.0,50,300.0,800,True,,1866,ok,3,recuperado major de '3.0' (provável Nº perigo na coluna),3 — Líquidos inflamáveis,resina em solucao
1696,Isopropanol,790.0,1219,33,3.0,50,300.0,800,True,,1219,ok,3,recuperado major de '3.0' (provável Nº perigo na coluna),3 — Líquidos inflamáveis,isopropanol
1696,Tintas ou materias aparentadas as tintas,6518.0,1263,33,3.0,50,300.0,800,True,,1263,ok,3,recuperado major de '3.0' (provável Nº perigo na coluna),3 — Líquidos inflamáveis,tintas ou materias aparentadas as tintas
1696,Aerossois,157.0,1950,263,2.0,50,500.0,800,True,,1950,ok,2,recuperado major de '2.0' (provável Nº perigo na coluna),2 — Gases,aerossois
1696,Composto soluvel de chumbo n.s.a.,50.0,2291,60,6.1,50,,800,True,,2291,ok,6.1,ok,6.1 — Matérias tóxicas,composto soluvel de chumbo n.s.a.
1696,Etilmetilcetona,185.0,1193,33,3.0,50,300.0,800,True,,1193,ok,3,recuperado major de '3.0' (provável Nº perigo na coluna),3 — Líquidos inflamáveis,etilmetilcetona
1696,Materia perigosa do ponto de vista do ambiente liquida n.s.a,411.0,3082,90,9.0,50,,800,True,,3082,ok,9,recuperado major de '9.0' (provável Nº perigo na coluna),9 — Matérias e objetos perigosos diversos,materia perigosa do ponto de vista do ambiente liquida n.s.a
1696,Xilenos,850.0,1307,30,3.0,50,300.0,800,True,,1307,ok,3,recuperado major de '3.0' (provável Nº perigo na coluna),3 — Líquidos inflamáveis,xilenos
1696,Liquido inflamavel n.s.a.,10.0,1993,33,3.0,50,300.0,800,True,,1993,ok,3,recuperado major de '3.0' (provável Nº perigo na coluna),3 — Líquidos inflamáveis,liquido inflamavel n.s.a.
1696,Sucedaneo de essencia de terebentina,2640.0,1300,33,3.0,50,300.0,800,True,,1300,ok,3,recuperado major de '3.0' (provável Nº perigo na coluna),3 — Líquidos inflamáveis,sucedaneo de essencia de terebentina
1696,Liquido corrosivo n.s.a.,840.0,1760,88,8.0,50,,800,True,,1760,ok,8,recuperado major de '8.0' (provável Nº perigo na coluna),8 — Matérias corrosivas,liquido corrosivo n.s.a.
1697,Argon liquido refrigerado,22500.0,1951,22,2.0,100,100.0,800,True,,1951,ok,2,recuperado major de '2.0' (provável Nº perigo na coluna),2 — Gases,argon liquido refrigerado
1697,Hidroxido de sodio em solucao,24480.0,1824,80,8.0,50,,800,False,,1824,ok,8,recuperado major de '8.0' (provável Nº perigo na coluna),8 — Matérias corrosivas,hidroxido de sodio em solucao
1697,Tintas ou materias aparentadas as tintas,330.0,1263,33,3.0,50,300.0,800,True,,1263,ok,3,recuperado major de '3.0' (provável Nº perigo na coluna),3 — Líquidos inflamáveis,tintas ou materias aparentadas as tintas
1698,Argon liquido refrigerado,22500.0,1951,22,2.0,100,100.0,800,True,,1951,ok,2,recuperado major de '2.0' (provável Nº perigo na coluna),2 — Gases,argon liquido refrigerado
1698,Hidroxido de sodio em solucao,24480.0,1824,80,8.0,50,,800,False,,1824,ok,8,recuperado major de '8.0' (provável Nº perigo na coluna),8 — Matérias corrosivas,hidroxido de sodio em solucao
1698,Tintas ou materias aparentadas as tintas,330.0,1263,33,3.0,50,300.0,800,True,,1263,ok,3,recuperado major de '3.0' (provável Nº perigo na coluna),3 — Líquidos inflamáveis,tintas ou materias aparentadas as tintas
1699,Tintas ou materias aparentadas as tintas,3568.0,1263,33,3.0,50,300.0,800,True,,1263,ok,3,recuperado major de '3.0' (provável Nº perigo na coluna),3 — Líquidos inflamáveis,tintas ou materias aparentadas as tintas
1699,Acido cloridrico,31930.0,1789,80,8.0,50,,800,True,,1789,ok,8,recuperado major de '8.0' (provável Nº perigo na coluna),8 — Matérias corrosivas,acido cloridrico
1699,Difluoreto de oxigenio comprimido,3200.0,2190,265,2.0,100,,800,True,,2190,ok,2,recuperado major de '2.0' (provável Nº perigo na coluna),2 — Gases,difluoreto de oxigenio comprimido
1700,Hidrogenio comprimido,161.0,1049,23,2.1,100,800.0,1600,True,,1049,ok,2.1,ok,2.1 — Gases inflamáveis,hidrogenio comprimido
1701,Acido sulfurico,46800.0,1830,80,8.0,50,,800,True,,1830,ok,8,recuperado major de '8.0' (provável Nº perigo na coluna),8 — Matérias corrosivas,acido sulfurico
1701,hidrogenossulfitos em solucao aquosa,50.0,2693,80,8.0,25,,800,False,,2693,ok,8,recuperado major de '8.0' (provável Nº perigo na coluna),8 — Matérias corrosivas,hidrogenossulfitos em solucao aquosa
1702,Metoxi-1 propanol-2,25.0,3092,30,3.0,50,300.0,800,True,,3092,ok,3,recuperado major de '3.0' (provável Nº perigo na coluna),3 — Líquidos inflamáveis,metoxi-1 propanol-2
1702,Etilmetilcetona,170.0,1193,33,3.0,50,300.0,800,True,,1193,ok,3,recuperado major de '3.0' (provável Nº perigo na coluna),3 — Líquidos inflamáveis,etilmetilcetona
37,Adesivos contendo um liquido inflamavel,9680.0,1133,33,3.0,50,300.0,800,True,,1133,ok,3,recuperado major de '3.0' (provável Nº perigo na coluna),3 — Líquidos inflamáveis,adesivos contendo um liquido inflamavel
36,Adesivos contendo um liquido inflamavel,16000.0,1133,33,3.0,50,300.0,800,True,,1133,ok,3,recuperado major de '3.0' (provável Nº perigo na coluna),3 — Líquidos inflamáveis,adesivos contendo um liquido inflamavel
38,Adesivos contendo um liquido inflamavel,6400.0,1133,33,3.0,50,300.0,800,True,,1133,ok,3,recuperado major de '3.0' (provável Nº perigo na coluna),3 — Líquidos inflamáveis,adesivos contendo um liquido inflamavel
39,Tintas ou materias aparentadas as tintas,4740.0,1263,30,3.0,50,300.0,800,True,,1263,ok,3,recuperado major de '3.0' (provável Nº perigo na coluna),3 — Líquidos inflamáveis,tintas ou materias aparentadas as tintas
40,Tintas ou materias aparentadas as tintas,700.0,1263,30,3.0,50,300.0,800,True,,1263,ok,3,recuperado major de '3.0' (provável Nº perigo na coluna),3 — Líquidos inflamáveis,tintas ou materias aparentadas as tintas
40,Resina em solucao,120.0,1866,30,3.0,50,300.0,800,True,,1866,ok,3,recuperado major de '3.0' (provável Nº perigo na coluna),3 — Líquidos inflamáveis,resina em solucao
41,Adesivos contendo um liquido inflamavel,14800.0,1133,33,3.0,50,300.0,800,True,,1133,ok,3,recuperado major de '3.0' (provável Nº perigo na coluna),3 — Líquidos inflamáveis,adesivos contendo um liquido inflamavel
42,Cloro,20100.0,1017,268,2.0,100,,800,False,,1017,ok,2,recuperado major de '2.0' (provável Nº perigo na coluna),2 — Gases,cloro
42,Acido cloridrico,4550.0,1789,80,8.0,50,,800,True,,1789,ok,8,recuperado major de '8.0' (provável Nº perigo na coluna),8 — Matérias corrosivas,acido cloridrico
43,Tintas ou materias aparentadas as tintas,8000.0,1263,30,3.0,50,300.0,800,True,,1263,ok,3,recuperado major de '3.0' (provável Nº perigo na coluna),3 — Líquidos inflamáveis,tintas ou materias aparentadas as tintas
44,Nitrocelulose em alcool,9000.0,2556,40,4.1,100,500.0,800,True,,2556,ok,4.1,ok,4.1 — Sólidos inflamáveis,nitrocelulose em alcool
45,Adesivos contendo um liquido inflamavel,11000.0,1133,33,3.0,50,300.0,800,True,,1133,ok,3,recuperado major de '3.0' (provável Nº perigo na coluna),3 — Líquidos inflamáveis,adesivos contendo um liquido inflamavel
46,Estireno monomero estabilizado,20000.0,2055,39,3.0,50,300.0,800,True,,2055,ok,3,recuperado major de '3.0' (provável Nº perigo na coluna),3 — Líquidos inflamáveis,estireno monomero estabilizado
47,Tintas ou materias aparentadas as tintas,900.0,1263,33,3.0,50,300.0,800,True,,1263,ok,3,recuperado major de '3.0' (provável Nº perigo na coluna),3 — Líquidos inflamáveis,tintas ou materias aparentadas as tintas
47,Acido cloridrico,50.0,1789,80,8.0,50,,800,True,,1789,ok,8,recuperado major de '8.0' (provável Nº perigo na coluna),8 — Matérias corrosivas,acido cloridrico
48,Adesivos contendo um liquido inflamavel,12400.0,1133,33,3.0,50,300.0,800,True,,1133,ok,3,recuperado major de '3.0' (provável Nº perigo na coluna),3 — Líquidos inflamáveis,adesivos contendo um liquido inflamavel
49,Tintas ou materias aparentadas as tintas,19800.0,1263,33,3.0,50,300.0,800,True,,1263,ok,3,recuperado major de '3.0' (provável Nº perigo na coluna),3 — Líquidos inflamáveis,tintas ou materias aparentadas as tintas
50,Liquido inflamavel n.s.a.,1250.0,1993,30,3.0,50,300.0,800,True,,1993,ok,3,recuperado major de '3.0' (provável Nº perigo na coluna),3 — Líquidos inflamáveis,liquido inflamavel n.s.a.
51,Adesivos contendo um liquido inflamavel,11900.0,1133,33,3.0,50,300.0,800,True,,1133,ok,3,recuperado major de '3.0' (provável Nº perigo na coluna),3 — Líquidos inflamáveis,adesivos contendo um liquido inflamavel
52,Tintas ou materias aparentadas as tintas,4900.0,1263,33,3.0,50,300.0,800,True,,1263,ok,3,recuperado major de '3.0' (provável Nº perigo na coluna),3 — Líquidos inflamáveis,tintas ou materias aparentadas as tintas
55,Adesivos contendo um liquido inflamavel,20600.0,1133,33,3.0,50,300.0,800,True,,1133,ok,3,recuperado major de '3.0' (provável Nº perigo na coluna),3 — Líquidos inflamáveis,adesivos contendo um liquido inflamavel
54,Aerossois,5763.0,1950,26,2.0,100,500.0,800,True,,1950,ok,2,recuperado major de '2.0' (provável Nº perigo na coluna),2 — Gases,aerossois
53,Tintas ou materias aparentadas as tintas,17000.0,1263,33,3.0,50,300.0,800,True,,1263,ok,3,recuperado major de '3.0' (provável Nº perigo na coluna),3 — Líquidos inflamáveis,tintas ou materias aparentadas as tintas
56,Amianto branco,126378.0,2590,90,9.0,50,,800,True,,2590,ok,9,recuperado major de '9.0' (provável Nº perigo na coluna),9 — Matérias e objetos perigosos diversos,amianto branco
57,Amianto branco,36108.0,2590,90,9.0,50,,800,True,,2590,ok,9,recuperado major de '9.0' (provável Nº perigo na coluna),9 — Matérias e objetos perigosos diversos,amianto branco
58,Adesivos contendo um liquido inflamavel,16500.0,1133,33,3.0,50,300.0,800,True,,1133,ok,3,recuperado major de '3.0' (provável Nº perigo na coluna),3 — Líquidos inflamáveis,adesivos contendo um liquido inflamavel
59,Aerossois,27000.0,1950,26,2.0,100,500.0,800,True,,1950,ok,2,recuperado major de '2.0' (provável Nº perigo na coluna),2 — Gases,aerossois
60,Ferro-silicio,26000.0,1408,462,4.3,50,,800,True,,1408,ok,4.3,ok,4.3 — Em contacto c/ água libertam gases inflamáveis,ferro-silicio
61,Aerossois,13392.0,1950,26,2.0,100,500.0,800,True,,1950,ok,2,recuperado major de '2.0' (provável Nº perigo na coluna),2 — Gases,aerossois
62,Aerossois,13392.0,1950,26,2.0,100,500.0,800,True,,1950,ok,2,recuperado major de '2.0' (provável Nº perigo na coluna),2 — Gases,aerossois
63,Adesivos contendo um liquido inflamavel,18000.0,1133,33,3.0,50,300.0,800,True,,1133,ok,3,recuperado major de '3.0' (provável Nº perigo na coluna),3 — Líquidos inflamáveis,adesivos contendo um liquido inflamavel
64,Aerossois,13392.0,1950,26,2.0,100,500.0,800,True,,1950,ok,2,recuperado major de '2.0' (provável Nº perigo na coluna),2 — Gases,aerossois
65,Nitrocelulose em alcool,12000.0,2556,40,4.1,100,500.0,800,True,,2556,ok,4.1,ok,4.1 — Sólidos inflamáveis,nitrocelulose em alcool
19,Tintas ou materias aparentadas as tintas,4000.0,1263,33,3.0,50,300.0,800,True,,1263,ok,3,recuperado major de '3.0' (provável Nº perigo na coluna),3 — Líquidos inflamáveis,tintas ou materias aparentadas as tintas
20,Diclorometano,13850.0,1593,60,6.1,50,100.0,800,True,,1593,ok,6.1,ok,6.1 — Matérias tóxicas,diclorometano
21,Adesivos contendo um liquido inflamavel,16000.0,1133,33,3.0,50,300.0,800,True,,1133,ok,3,recuperado major de '3.0' (provável Nº perigo na coluna),3 — Líquidos inflamáveis,adesivos contendo um liquido inflamavel
22,Tintas ou materias aparentadas as tintas,,1263,30,3.0,50,300.0,800,True,,1263,ok,3,recuperado major de '3.0' (provável Nº perigo na coluna),3 — Líquidos inflamáveis,tintas ou materias aparentadas as tintas
23,Anilina,16000.0,1547,60,6.1,50,,800,True,,1547,ok,6.1,ok,6.1 — Matérias tóxicas,anilina
24,Tintas ou materias aparentadas as tintas,5000.0,1263,30,3.0,50,300.0,800,True,,1263,ok,3,recuperado major de '3.0' (provável Nº perigo na coluna),3 — Líquidos inflamáveis,tintas ou materias aparentadas as tintas
25,Resina em solucao,24500.0,1866,30,3.0,50,300.0,800,True,,1866,ok,3,recuperado major de '3.0' (provável Nº perigo na coluna),3 — Líquidos inflamáveis,resina em solucao
26,Tintas ou materias aparentadas as tintas,2287.0,1263,30,3.0,50,300.0,800,True,,1263,ok,3,recuperado major de '3.0' (provável Nº perigo na coluna),3 — Líquidos inflamáveis,tintas ou materias aparentadas as tintas
27,Tintas ou materias aparentadas as tintas,2287.0,1263,30,3.0,50,300.0,800,True,,1263,ok,3,recuperado major de '3.0' (provável Nº perigo na coluna),3 — Líquidos inflamáveis,tintas ou materias aparentadas as tintas
1,Cloro,35400.0,1017,268,2.0,100,,800,False,,1017,ok,2,recuperado major de '2.0' (provável Nº perigo na coluna),2 — Gases,cloro
2,Cloro,23600.0,1017,268,2.0,100,,800,False,,1017,ok,2,recuperado major de '2.0' (provável Nº perigo na coluna),2 — Gases,cloro
3,Anilina,32000.0,1547,60,6.1,50,,800,True,,1547,ok,6.1,ok,6.1 — Matérias tóxicas,anilina
4,Carbonato de bario,120000.0,1564,60,6.1,50,,800,True,,1564,ok,6.1,ok,6.1 — Matérias tóxicas,carbonato de bario
5,Resina em solucao,,1866,33,3.0,50,300.0,800,True,,1866,ok,3,recuperado major de '3.0' (provável Nº perigo na coluna),3 — Líquidos inflamáveis,resina em solucao
6,Adesivos contendo um liquido inflamavel,,1133,33,3.0,50,300.0,800,True,,1133,ok,3,recuperado major de '3.0' (provável Nº perigo na coluna),3 — Líquidos inflamáveis,adesivos contendo um liquido inflamavel
7,Anilina,16000.0,1547,60,6.1,50,,800,True,,1547,ok,6.1,ok,6.1 — Matérias tóxicas,anilina
8,Adesivos contendo um liquido inflamavel,,1133,33,3.0,50,300.0,800,True,,1133,ok,3,recuperado major de '3.0' (provável Nº perigo na coluna),3 — Líquidos inflamáveis,adesivos contendo um liquido inflamavel
9,Anilina,16000.0,1547,60,6.1,50,,800,True,,1547,ok,6.1,ok,6.1 — Matérias tóxicas,anilina
10,Cloro,24000.0,1017,268,2.0,100,,800,False,,1017,ok,2,recuperado major de '2.0' (provável Nº perigo na coluna),2 — Gases,cloro
11,Tintas ou materias aparentadas as tintas,16140.0,1263,33,3.0,50,300.0,800,True,,1263,ok,3,recuperado major de '3.0' (provável Nº perigo na coluna),3 — Líquidos inflamáveis,tintas ou materias aparentadas as tintas
12,Tintas ou materias aparentadas as tintas,,1263,33,3.0,50,300.0,800,True,,1263,ok,3,recuperado major de '3.0' (provável Nº perigo na coluna),3 — Líquidos inflamáveis,tintas ou materias aparentadas as tintas
13,Tintas ou materias aparentadas as tintas,,1263,33,3.0,50,300.0,800,True,,1263,ok,3,recuperado major de '3.0' (provável Nº perigo na coluna),3 — Líquidos inflamáveis,tintas ou materias aparentadas as tintas
14,Diclorometano,,1593,60,6.1,50,100.0,800,True,,1593,ok,6.1,ok,6.1 — Matérias tóxicas,diclorometano
15,Tintas ou materias aparentadas as tintas,1480.0,1263,33,3.0,50,300.0,800,True,,1263,ok,3,recuperado major de '3.0' (provável Nº perigo na coluna),3 — Líquidos inflamáveis,tintas ou materias aparentadas as tintas
16,"Destilados de petroleo, n.s.a.",32640.0,1268,33,3.0,50,300.0,800,True,,1268,ok,3,recuperado major de '3.0' (provável Nº perigo na coluna),3 — Líquidos inflamáveis,"destilados de petroleo, n.s.a."
17,Cloro,36000.0,1017,268,2.0,100,,800,False,,1017,ok,2,recuperado major de '2.0' (provável Nº perigo na coluna),2 — Gases,cloro
18,Peroxido de hidrogenio em solucao aquosa estabilizado,43000.0,2015,559,5.1,50,,800,True,,2015,ok,5.1,ok,5.1 — Matérias comburentes,peroxido de hidrogenio em solucao aquosa estabilizado
5,Tintas ou materias aparentadas as tintas,,1263,33,3.0,50,300.0,800,True,,1263,ok,3,recuperado major de '3.0' (provável Nº perigo na coluna),3 — Líquidos inflamáveis,tintas ou materias aparentadas as tintas
5,Tintas ou materias aparentadas as tintas,,1263,33,3.0,50,300.0,800,True,,1263,ok,3,recuperado major de '3.0' (provável Nº perigo na coluna),3 — Líquidos inflamáveis,tintas ou materias aparentadas as tintas
6,Tintas ou materias aparentadas as tintas,,1263,33,3.0,50,300.0,800,True,,1263,ok,3,recuperado major de '3.0' (provável Nº perigo na coluna),3 — Líquidos inflamáveis,tintas ou materias aparentadas as tintas
6,Acido cloridrico,,1789,80,8.0,50,,800,True,,1789,ok,8,recuperado major de '8.0' (provável Nº perigo na coluna),8 — Matérias corrosivas,acido cloridrico
6,Clorofenoleto,,2904,80,8.0,50,,800,True,,2904,ok,8,recuperado major de '8.0' (provável Nº perigo na coluna),8 — Matérias corrosivas,clorofenoleto
8,Tintas ou materias aparentadas as tintas,,1263,33,3.0,50,300.0,800,True,,1263,ok,3,recuperado major de '3.0' (provável Nº perigo na coluna),3 — Líquidos inflamáveis,tintas ou materias aparentadas as tintas
12,Tintas ou materias aparentadas as tintas,,1263,33,3.0,50,300.0,800,True,Diluentes,1263,ok,3,recuperado major de '3.0' (provável Nº perigo na coluna),3 — Líquidos inflamáveis,tintas ou materias aparentadas as tintas
12,Resina em solucao,,1866,33,3.0,50,300.0,800,True,,1866,ok,3,recuperado major de '3.0' (provável Nº perigo na coluna),3 — Líquidos inflamáveis,resina em solucao
15,Adesivos contendo um liquido inflamavel,2000.0,1133,33,3.0,50,300.0,800,True,,1133,ok,3,recuperado major de '3.0' (provável Nº perigo na coluna),3 — Líquidos inflamáveis,adesivos contendo um liquido inflamavel
15,Resina em solucao,18000.0,1866,33,3.0,50,300.0,800,True,,1866,ok,3,recuperado major de '3.0' (provável Nº perigo na coluna),3 — Líquidos inflamáveis,resina em solucao
22,Diclorometano,265.0,1593,60,6.1,50,100.0,800,True,cloreto de metileno,1593,ok,6.1,ok,6.1 — Matérias tóxicas,diclorometano
22,Gas refrigerante,120.0,3159,20,2.0,100,500.0,800,True,,3159,ok,2,recuperado major de '2.0' (provável Nº perigo na coluna),2 — Gases,gas refrigerante
22,Cloro,36000.0,1017,268,2.0,100,,800,False,,1017,ok,2,recuperado major de '2.0' (provável Nº perigo na coluna),2 — Gases,cloro
22,Resina em solucao,,1866,30,3.0,50,300.0,800,True,,1866,ok,3,recuperado major de '3.0' (provável Nº perigo na coluna),3 — Líquidos inflamáveis,resina em solucao
28,Tintas ou materias aparentadas as tintas,1332.0,1263,33,3.0,50,300.0,800,True,,1263,ok,3,recuperado major de '3.0' (provável Nº perigo na coluna),3 — Líquidos inflamáveis,tintas ou materias aparentadas as tintas
30,Tintas ou materias aparentadas as tintas,325.0,1263,33,3.0,50,300.0,800,True,,1263,ok,3,recuperado major de '3.0' (provável Nº perigo na coluna),3 — Líquidos inflamáveis,tintas ou materias aparentadas as tintas
31,Acidos alquilsulfonicos liquidos,21000.0,2586,80,8.0,50,,800,True,,2586,ok,8,recuperado major de '8.0' (provável Nº perigo na coluna),8 — Matérias corrosivas,acidos alquilsulfonicos liquidos
32,Resina em solucao,27700.0,1866,33,3.0,50,300.0,800,True,,1866,ok,3,recuperado major de '3.0' (provável Nº perigo na coluna),3 — Líquidos inflamáveis,resina em solucao
33,Tintas ou materias aparentadas as tintas,3165.0,1263,30,3.0,50,300.0,800,True,,1263,ok,3,recuperado major de '3.0' (provável Nº perigo na coluna),3 — Líquidos inflamáveis,tintas ou materias aparentadas as tintas
34,Tintas ou materias aparentadas as tintas,3400.0,1263,30,3.0,50,300.0,800,True,,1263,ok,3,recuperado major de '3.0' (provável Nº perigo na coluna),3 — Líquidos inflamáveis,tintas ou materias aparentadas as tintas
35,Materia perigosa do ponto de vista do ambiente liquida n.s.a,19000.0,3082,90,9.0,50,,800,True,,3082,ok,9,recuperado major de '9.0' (provável Nº perigo na coluna),9 — Matérias e objetos perigosos diversos,materia perigosa do ponto de vista do ambiente liquida n.s.a
29,Materia perigosa do ponto de vista do ambiente liquida n.s.a,19750.0,3082,90,9.0,50,,800,True,,3082,ok,9,recuperado major de '9.0' (provável Nº perigo na coluna),9 — Matérias e objetos perigosos diversos,materia perigosa do ponto de vista do ambiente liquida n.s.a
66,Amianto branco,72216.0,2590,90,9.0,50,,800,True,,2590,ok,9,recuperado major de '9.0' (provável Nº perigo na coluna),9 — Matérias e objetos perigosos diversos,amianto branco
67,Diclorometano,530.0,1593,60,6.11,50,100.0,800,True,,1593,ok,6.1,truncado de '6.11' (provável Nº perigo na coluna classe),6.1 — Matérias tóxicas,diclorometano
68,Aerossois,10000.0,1950,26,2.0,100,500.0,800,True,,1950,ok,2,recuperado major de '2.0' (provável Nº perigo na coluna),2 — Gases,aerossois
69,Amianto branco,54000.0,2590,90,9.0,50,,800,True,,2590,ok,9,recuperado major de '9.0' (provável Nº perigo na coluna),9 — Matérias e objetos perigosos diversos,amianto branco
70,Aerossois,13000.0,1950,26,2.0,100,500.0,800,True,,1950,ok,2,recuperado major de '2.0' (provável Nº perigo na coluna),2 — Gases,aerossois
71,Adesivos contendo um liquido inflamavel,16000.0,1133,33,3.0,50,300.0,800,True,,1133,ok,3,recuperado major de '3.0' (provável Nº perigo na coluna),3 — Líquidos inflamáveis,adesivos contendo um liquido inflamavel
72,Adesivos contendo um liquido inflamavel,6400.0,1133,33,3.0,50,300.0,800,True,,1133,ok,3,recuperado major de '3.0' (provável Nº perigo na coluna),3 — Líquidos inflamáveis,adesivos contendo um liquido inflamavel
73,Aerossois,13400.0,1950,263,2.0,100,500.0,800,True,,1950,ok,2,recuperado major de '2.0' (provável Nº perigo na coluna),2 — Gases,aerossois
74,Peroxido de hidrogenio em solucao aquosa estabilizado,92000.0,2015,559,5.1,50,,800,True,,2015,ok,5.1,ok,5.1 — Matérias comburentes,peroxido de hidrogenio em solucao aquosa estabilizado
75,Aerossois,13400.0,1950,263,2.0,100,500.0,800,True,,1950,ok,2,recuperado major de '2.0' (provável Nº perigo na coluna),2 — Gases,aerossois
76,Aerossois,13500.0,1950,263,2.0,100,500.0,800,True,,1950,ok,2,recuperado major de '2.0' (provável Nº perigo na coluna),2 — Gases,aerossois
77,Tintas ou materias aparentadas as tintas,2300.0,1263,33,3.0,50,300.0,800,True,,1263,ok,3,recuperado major de '3.0' (provável Nº perigo na coluna),3 — Líquidos inflamáveis,tintas ou materias aparentadas as tintas
77,Liquido inflamavel toxico n.s.a.,100.0,1992,33,3.0,50,,800,True,,1992,ok,3,recuperado major de '3.0' (provável Nº perigo na coluna),3 — Líquidos inflamáveis,liquido inflamavel toxico n.s.a.
78,Resina em solucao,2361.0,1866,33,3.0,50,300.0,800,True,,1866,ok,3,recuperado major de '3.0' (provável Nº perigo na coluna),3 — Líquidos inflamáveis,resina em solucao
79,Hexafluoreto de enxofre,3000.0,1080,20,2.0,100,500.0,800,False,,1080,ok,2,recuperado major de '2.0' (provável Nº perigo na coluna),2 — Gases,hexafluoreto de enxofre
80,Ferro-silicio,26000.0,1408,462,4.3,50,,800,True,,1408,ok,4.3,ok,4.3 — Em contacto c/ água libertam gases inflamáveis,ferro-silicio
81,Ferro-silicio,26000.0,1408,462,4.3,50,,800,True,,1408,ok,4.3,ok,4.3 — Em contacto c/ água libertam gases inflamáveis,ferro-silicio
82,Aerossois,21392.0,1950,263,2.0,100,500.0,800,True,,1950,ok,2,recuperado major de '2.0' (provável Nº perigo na coluna),2 — Gases,aerossois
83,Tintas ou materias aparentadas as tintas,15558.0,1263,30,3.0,50,300.0,800,True,,1263,ok,3,recuperado major de '3.0' (provável Nº perigo na coluna),3 — Líquidos inflamáveis,tintas ou materias aparentadas as tintas
84,Cloro,12000.0,1017,268,2.0,100,,800,False,,1017,ok,2,recuperado major de '2.0' (provável Nº perigo na coluna),2 — Gases,cloro
85,Resina em solucao,2202.0,1866,30,3.0,50,300.0,800,True,,1866,ok,3,recuperado major de '3.0' (provável Nº perigo na coluna),3 — Líquidos inflamáveis,resina em solucao
86,Tintas ou materias aparentadas as tintas,,1263,30 ou 33,3.0,50,300.0,800,True,,1263,ok,3,recuperado major de '3.0' (provável Nº perigo na coluna),3 — Líquidos inflamáveis,tintas ou materias aparentadas as tintas
86,Hidrocarbonetos liquidos n.s.a.,,3295,30,3.0,50,300.0,800,True,,3295,ok,3,recuperado major de '3.0' (provável Nº perigo na coluna),3 — Líquidos inflamáveis,hidrocarbonetos liquidos n.s.a.
87,Aerossois,26734.0,1950,263,2.0,100,500.0,800,True,,1950,ok,2,recuperado major de '2.0' (provável Nº perigo na coluna),2 — Gases,aerossois
88,Adesivos contendo um liquido inflamavel,7800.0,1133,33,3.0,50,300.0,800,True,,1133,ok,3,recuperado major de '3.0' (provável Nº perigo na coluna),3 — Líquidos inflamáveis,adesivos contendo um liquido inflamavel
89,Adesivos contendo um liquido inflamavel,7194.0,1133,33,3.0,50,300.0,800,True,,1133,ok,3,recuperado major de '3.0' (provável Nº perigo na coluna),3 — Líquidos inflamáveis,adesivos contendo um liquido inflamavel
90,Amianto branco,126378.0,2590,90,9.0,50,,800,True,,2590,ok,9,recuperado major de '9.0' (provável Nº perigo na coluna),9 — Matérias e objetos perigosos diversos,amianto branco
91,Aerossois,26784.0,1950,26,2.0,100,500.0,800,True,,1950,ok,2,recuperado major de '2.0' (provável Nº perigo na coluna),2 — Gases,aerossois
92,Materia perigosa do ponto de vista do ambiente liquida n.s.a,8875.0,3082,90,9.0,50,,800,True,,3082,ok,9,recuperado major de '9.0' (provável Nº perigo na coluna),9 — Matérias e objetos perigosos diversos,materia perigosa do ponto de vista do ambiente liquida n.s.a
93,Aerossois,14000.0,1950,26,2.0,100,500.0,800,True,,1950,ok,2,recuperado major de '2.0' (provável Nº perigo na coluna),2 — Gases,aerossois
94,Hidroxido de sodio solido,40000.0,1823,80,8.0,50,,800,True,,1823,ok,8,recuperado major de '8.0' (provável Nº perigo na coluna),8 — Matérias corrosivas,hidroxido de sodio solido
95,Amianto branco,18050.0,2590,90,9.0,50,,800,True,,2590,ok,9,recuperado major de '9.0' (provável Nº perigo na coluna),9 — Matérias e objetos perigosos diversos,amianto branco
96,Aerossois,8000.0,1950,26,2.0,100,500.0,800,True,,1950,ok,2,recuperado major de '2.0' (provável Nº perigo na coluna),2 — Gases,aerossois
97,Adesivos contendo um liquido inflamavel,14842.0,1133,33,3.0,50,300.0,800,True,,1133,ok,3,recuperado major de '3.0' (provável Nº perigo na coluna),3 — Líquidos inflamáveis,adesivos contendo um liquido inflamavel
98,Amianto branco,54150.0,2590,90,9.0,50,,800,True,,2590,ok,9,recuperado major de '9.0' (provável Nº perigo na coluna),9 — Matérias e objetos perigosos diversos,amianto branco
99,Tintas ou materias aparentadas as tintas,18660.0,1263,33,3.0,50,300.0,800,True,,1263,ok,3,recuperado major de '3.0' (provável Nº perigo na coluna),3 — Líquidos inflamáveis,tintas ou materias aparentadas as tintas
100,Tintas ou materias aparentadas as tintas,15060.0,1263,33,3.0,50,300.0,800,True,,1263,ok,3,recuperado major de '3.0' (provável Nº perigo na coluna),3 — Líquidos inflamáveis,tintas ou materias aparentadas as tintas
101,Aerossois,27062.0,1950,26,2.0,100,500.0,800,True,,1950,ok,2,recuperado major de '2.0' (provável Nº perigo na coluna),2 — Gases,aerossois
102,Amianto branco,72200.0,2590,90,9.0,50,,800,True,,2590,ok,9,recuperado major de '9.0' (provável Nº perigo na coluna),9 — Matérias e objetos perigosos diversos,amianto branco
103,Amianto branco,198550.0,2590,90,9.0,50,,800,True,,2590,ok,9,recuperado major de '9.0' (provável Nº perigo na coluna),9 — Matérias e objetos perigosos diversos,amianto branco
104,Hidroxido de sodio solido,40000.0,1823,80,8.0,50,,800,True,,1823,ok,8,recuperado major de '8.0' (provável Nº perigo na coluna),8 — Matérias corrosivas,hidroxido de sodio solido
105,Resina em solucao,7826.0,1866,30,3.0,50,300.0,800,True,,1866,ok,3,recuperado major de '3.0' (provável Nº perigo na coluna),3 — Líquidos inflamáveis,resina em solucao
143,Resina em solucao,44940.0,1866,30,3.0,50,300.0,800,True,,1866,ok,3,recuperado major de '3.0' (provável Nº perigo na coluna),3 — Líquidos inflamáveis,resina em solucao
143,Adesivos contendo um liquido inflamavel,8870.0,1133,30,3.0,50,300.0,800,True,,1133,ok,3,recuperado major de '3.0' (provável Nº perigo na coluna),3 — Líquidos inflamáveis,adesivos contendo um liquido inflamavel
144,Aerossois,17360.0,1950,26,2.0,100,500.0,800,True,,1950,ok,2,recuperado major de '2.0' (provável Nº perigo na coluna),2 — Gases,aerossois
145,Resina em solucao,12612.0,1866,30,3.0,50,300.0,800,True,,1866,ok,3,recuperado major de '3.0' (provável Nº perigo na coluna),3 — Líquidos inflamáveis,resina em solucao
146,Aerossois,4000.0,1950,26,2.0,100,500.0,800,True,,1950,ok,2,recuperado major de '2.0' (provável Nº perigo na coluna),2 — Gases,aerossois
147,Resina em solucao,8404.0,1866,30,3.0,50,300.0,800,True,,1866,ok,3,recuperado major de '3.0' (provável Nº perigo na coluna),3 — Líquidos inflamáveis,resina em solucao
148,Cloro,24000.0,1017,268,2.0,100,,800,False,,1017,ok,2,recuperado major de '2.0' (provável Nº perigo na coluna),2 — Gases,cloro
149,Liquido inflamavel n.s.a.,7500.0,1993,33,3.0,50,300.0,800,True,,1993,ok,3,recuperado major de '3.0' (provável Nº perigo na coluna),3 — Líquidos inflamáveis,liquido inflamavel n.s.a.
150,Adesivos contendo um liquido inflamavel,9600.0,1133,30 ou 33,3.0,50,300.0,800,True,,1133,ok,3,recuperado major de '3.0' (provável Nº perigo na coluna),3 — Líquidos inflamáveis,adesivos contendo um liquido inflamavel
151,Aerossois,17000.0,1950,26,2.0,100,500.0,800,True,,1950,ok,2,recuperado major de '2.0' (provável Nº perigo na coluna),2 — Gases,aerossois
151,Amianto branco,18000.0,2590,90,9.0,50,,800,True,,2590,ok,9,recuperado major de '9.0' (provável Nº perigo na coluna),9 — Matérias e objetos perigosos diversos,amianto branco
152,Cloro,36000.0,1017,26,2.0,100,,800,False,,1017,ok,2,recuperado major de '2.0' (provável Nº perigo na coluna),2 — Gases,cloro
153,Liquido inflamavel n.s.a.,300.0,1993,30 ou 33,3.0,50,300.0,800,True,,1993,ok,3,recuperado major de '3.0' (provável Nº perigo na coluna),3 — Líquidos inflamáveis,liquido inflamavel n.s.a.
154,Aerossois,17000.0,1950,26,2.0,100,500.0,800,True,,1950,ok,2,recuperado major de '2.0' (provável Nº perigo na coluna),2 — Gases,aerossois
155,Adesivos contendo um liquido inflamavel,1600.0,1133,30 ou 33,3.0,50,300.0,800,True,,1133,ok,3,recuperado major de '3.0' (provável Nº perigo na coluna),3 — Líquidos inflamáveis,adesivos contendo um liquido inflamavel
156,Cloro,36000.0,1017,26,2.0,100,,800,False,,1017,ok,2,recuperado major de '2.0' (provável Nº perigo na coluna),2 — Gases,cloro
157,Amianto branco,54162.0,2590,90,9.0,50,,800,True,,2590,ok,9,recuperado major de '9.0' (provável Nº perigo na coluna),9 — Matérias e objetos perigosos diversos,amianto branco
158,Diclorometano,16125.0,1593,60,6.1,50,100.0,800,True,,1593,ok,6.1,ok,6.1 — Matérias tóxicas,diclorometano
158,Metilisobutilcetona,1430.0,1245,33,3.0,50,300.0,800,True,,1245,ok,3,recuperado major de '3.0' (provável Nº perigo na coluna),3 — Líquidos inflamáveis,metilisobutilcetona
158,Adesivos contendo um liquido inflamavel,16000.0,1133,30,3.0,50,300.0,800,True,,1133,ok,3,recuperado major de '3.0' (provável Nº perigo na coluna),3 — Líquidos inflamáveis,adesivos contendo um liquido inflamavel
159,Aerossois,17000.0,1950,26,2.0,100,500.0,800,True,,1950,ok,2,recuperado major de '2.0' (provável Nº perigo na coluna),2 — Gases,aerossois
160,Aerossois,17000.0,1950,26,2.0,100,500.0,800,True,,1950,ok,2,recuperado major de '2.0' (provável Nº perigo na coluna),2 — Gases,aerossois
161,Tintas ou materias aparentadas as tintas,2400.0,1263,33,3.0,50,300.0,800,True,,1263,ok,3,recuperado major de '3.0' (provável Nº perigo na coluna),3 — Líquidos inflamáveis,tintas ou materias aparentadas as tintas
162,Amianto branco,54162.0,2590,90,9.0,50,,800,True,,2590,ok,9,recuperado major de '9.0' (provável Nº perigo na coluna),9 — Matérias e objetos perigosos diversos,amianto branco
163,Aerossois,17313.0,1950,26,2.0,100,500.0,800,True,,1950,ok,2,recuperado major de '2.0' (provável Nº perigo na coluna),2 — Gases,aerossois
163,Clorato de potassio,2000.0,1485,50,5.1,50,100.0,800,True,,1485,ok,5.1,ok,5.1 — Matérias comburentes,clorato de potassio
164,Cloro,24000.0,1017,26,2.0,100,,800,False,"24 cilindros, 12 por contentor",1017,ok,2,recuperado major de '2.0' (provável Nº perigo na coluna),2 — Gases,cloro
164,Adesivos contendo um liquido inflamavel,17234.0,1133,30 ou 33,3.0,50,300.0,800,True,11 volumes,1133,ok,3,recuperado major de '3.0' (provável Nº perigo na coluna),3 — Líquidos inflamáveis,adesivos contendo um liquido inflamavel
164,Resina em solucao,5910.0,1866,30 ou 33,3.0,50,300.0,800,True,10 paletes,1866,ok,3,recuperado major de '3.0' (provável Nº perigo na coluna),3 — Líquidos inflamáveis,resina em solucao
165,Adesivos contendo um liquido inflamavel,8800.0,1133,30,3.0,50,300.0,800,True,,1133,ok,3,recuperado major de '3.0' (provável Nº perigo na coluna),3 — Líquidos inflamáveis,adesivos contendo um liquido inflamavel
166,Etilmetilcetona,18705.0,1193,33,3.0,50,300.0,800,True,,1193,ok,3,recuperado major de '3.0' (provável Nº perigo na coluna),3 — Líquidos inflamáveis,etilmetilcetona
167,Tintas ou materias aparentadas as tintas,24120.0,1263,33,3.0,50,300.0,800,True,,1263,ok,3,recuperado major de '3.0' (provável Nº perigo na coluna),3 — Líquidos inflamáveis,tintas ou materias aparentadas as tintas
168,Aerossois,11880.0,1950,26,2.0,100,500.0,800,True,,1950,ok,2,recuperado major de '2.0' (provável Nº perigo na coluna),2 — Gases,aerossois
168,Liquido inflamavel n.s.a.,3300.0,1993,30 ou 33,3.0,50,300.0,800,True,Isopropanol,1993,ok,3,recuperado major de '3.0' (provável Nº perigo na coluna),3 — Líquidos inflamáveis,liquido inflamavel n.s.a.
169,Cloro,36000.0,1017,26,2.0,100,,800,False,,1017,ok,2,recuperado major de '2.0' (provável Nº perigo na coluna),2 — Gases,cloro
170,Aerossois,17313.0,1950,26,2.0,100,500.0,800,True,,1950,ok,2,recuperado major de '2.0' (provável Nº perigo na coluna),2 — Gases,aerossois
171,Etanol em solucao,88220.0,1170,33,3.0,50,300.0,800,True,,1170,ok,3,recuperado major de '3.0' (provável Nº perigo na coluna),3 — Líquidos inflamáveis,etanol em solucao
172,Clorato de potassio,17000.0,1485,50,5.1,50,100.0,800,True,,1485,ok,5.1,ok,5.1 — Matérias comburentes,clorato de potassio
173,Aerossois,12000.0,1950,26,2.0,100,500.0,800,True,,1950,ok,2,recuperado major de '2.0' (provável Nº perigo na coluna),2 — Gases,aerossois
174,Tintas ou materias aparentadas as tintas,24950.0,1263,30,3.0,50,300.0,800,True,,1263,ok,3,recuperado major de '3.0' (provável Nº perigo na coluna),3 — Líquidos inflamáveis,tintas ou materias aparentadas as tintas
175,Aerossois,17300.0,1950,26,2.0,100,500.0,800,True,,1950,ok,2,recuperado major de '2.0' (provável Nº perigo na coluna),2 — Gases,aerossois
176,Aerossois,17300.0,1950,26,2.0,100,500.0,800,True,,1950,ok,2,recuperado major de '2.0' (provável Nº perigo na coluna),2 — Gases,aerossois
106,Aerossois,40400.0,1950,26,2.0,100,500.0,800,True,,1950,ok,2,recuperado major de '2.0' (provável Nº perigo na coluna),2 — Gases,aerossois
107,Aerossois,27054.0,1950,26,2.0,100,500.0,800,True,,1950,ok,2,recuperado major de '2.0' (provável Nº perigo na coluna),2 — Gases,aerossois
108,Amianto branco,72216.0,2590,90,9.0,50,,800,True,,2590,ok,9,recuperado major de '9.0' (provável Nº perigo na coluna),9 — Matérias e objetos perigosos diversos,amianto branco
109,Aerossois,37535.0,1950,26,2.0,100,500.0,800,True,,1950,ok,2,recuperado major de '2.0' (provável Nº perigo na coluna),2 — Gases,aerossois
110,Adesivos contendo um liquido inflamavel,16000.0,1133,30,3.0,50,300.0,800,True,,1133,ok,3,recuperado major de '3.0' (provável Nº perigo na coluna),3 — Líquidos inflamáveis,adesivos contendo um liquido inflamavel
111,Aerossois,14200.0,1950,26,2.0,100,500.0,800,True,,1950,ok,2,recuperado major de '2.0' (provável Nº perigo na coluna),2 — Gases,aerossois
112,Tintas ou materias aparentadas as tintas,442.0,1263,30,3.0,50,300.0,800,True,,1263,ok,3,recuperado major de '3.0' (provável Nº perigo na coluna),3 — Líquidos inflamáveis,tintas ou materias aparentadas as tintas
113,Tintas ou materias aparentadas as tintas,4915.0,1263,30,3.0,50,300.0,800,True,,1263,ok,3,recuperado major de '3.0' (provável Nº perigo na coluna),3 — Líquidos inflamáveis,tintas ou materias aparentadas as tintas
113,Essencia de terebentina,48.0,1299,30,3.0,50,300.0,800,True,,1299,ok,3,recuperado major de '3.0' (provável Nº perigo na coluna),3 — Líquidos inflamáveis,essencia de terebentina
114,Tintas ou materias aparentadas as tintas,29483.0,1263,30,3.0,50,300.0,800,True,,1263,ok,3,recuperado major de '3.0' (provável Nº perigo na coluna),3 — Líquidos inflamáveis,tintas ou materias aparentadas as tintas
115,Aerossois,28000.0,1950,26,2.0,100,500.0,800,True,,1950,ok,2,recuperado major de '2.0' (provável Nº perigo na coluna),2 — Gases,aerossois
116,Tintas ou materias aparentadas as tintas,40893.0,1263,30,3.0,50,300.0,800,True,,1263,ok,3,recuperado major de '3.0' (provável Nº perigo na coluna),3 — Líquidos inflamáveis,tintas ou materias aparentadas as tintas
117,Tintas ou materias aparentadas as tintas,21468.0,1263,30,3.0,50,300.0,800,True,,1263,ok,3,recuperado major de '3.0' (provável Nº perigo na coluna),3 — Líquidos inflamáveis,tintas ou materias aparentadas as tintas
118,Amianto branco,108324.0,2590,90,9.0,50,,800,True,,2590,ok,9,recuperado major de '9.0' (provável Nº perigo na coluna),9 — Matérias e objetos perigosos diversos,amianto branco
119,Aerossois,28000.0,1950,26,2.0,100,500.0,800,True,,1950,ok,2,recuperado major de '2.0' (provável Nº perigo na coluna),2 — Gases,aerossois
120,Resina em solucao,48402.0,1866,30,3.0,50,300.0,800,True,,1866,ok,3,recuperado major de '3.0' (provável Nº perigo na coluna),3 — Líquidos inflamáveis,resina em solucao
121,Aerossois,18163.0,1950,26,2.0,100,500.0,800,True,,1950,ok,2,recuperado major de '2.0' (provável Nº perigo na coluna),2 — Gases,aerossois
122,Aerossois,33130.0,1950,26,2.0,100,500.0,800,True,,1950,ok,2,recuperado major de '2.0' (provável Nº perigo na coluna),2 — Gases,aerossois
123,Aerossois,30593.0,1950,26,2.0,100,500.0,800,True,,1950,ok,2,recuperado major de '2.0' (provável Nº perigo na coluna),2 — Gases,aerossois
124,Amianto branco,18084.0,2590,90,9.0,50,,800,True,,2590,ok,9,recuperado major de '9.0' (provável Nº perigo na coluna),9 — Matérias e objetos perigosos diversos,amianto branco
125,Resina em solucao,4601.0,1866,30,3.0,50,300.0,800,True,,1866,ok,3,recuperado major de '3.0' (provável Nº perigo na coluna),3 — Líquidos inflamáveis,resina em solucao
126,Amianto branco,108324.0,2590,90,9.0,50,,800,True,,2590,ok,9,recuperado major de '9.0' (provável Nº perigo na coluna),9 — Matérias e objetos perigosos diversos,amianto branco
127,Tintas ou materias aparentadas as tintas,,1263,30,3.0,50,300.0,800,True,,1263,ok,3,recuperado major de '3.0' (provável Nº perigo na coluna),3 — Líquidos inflamáveis,tintas ou materias aparentadas as tintas
127,Liquido inflamavel n.s.a.,,1993,30,3.0,50,300.0,800,True,,1993,ok,3,recuperado major de '3.0' (provável Nº perigo na coluna),3 — Líquidos inflamáveis,liquido inflamavel n.s.a.
128,Resina em solucao,69014.0,1866,30,3.0,50,300.0,800,True,,1866,ok,3,recuperado major de '3.0' (provável Nº perigo na coluna),3 — Líquidos inflamáveis,resina em solucao
129,Amianto branco,16000.0,2590,90,9.0,50,,800,True,,2590,ok,9,recuperado major de '9.0' (provável Nº perigo na coluna),9 — Matérias e objetos perigosos diversos,amianto branco
130,Adesivos contendo um liquido inflamavel,16000.0,1133,30,3.0,50,300.0,800,True,,1133,ok,3,recuperado major de '3.0' (provável Nº perigo na coluna),3 — Líquidos inflamáveis,adesivos contendo um liquido inflamavel
131,Hidroxido de sodio solido,48520.0,1823,80,8.0,50,,800,True,,1823,ok,8,recuperado major de '8.0' (provável Nº perigo na coluna),8 — Matérias corrosivas,hidroxido de sodio solido
132,Cloro,24000.0,1017,268,2.0,100,,800,False,,1017,ok,2,recuperado major de '2.0' (provável Nº perigo na coluna),2 — Gases,cloro
133,Resina em solucao,3800.0,1866,30,3.0,50,300.0,800,True,,1866,ok,3,recuperado major de '3.0' (provável Nº perigo na coluna),3 — Líquidos inflamáveis,resina em solucao
134,Adesivos contendo um liquido inflamavel,16000.0,1133,30,3.0,50,300.0,800,True,,1133,ok,3,recuperado major de '3.0' (provável Nº perigo na coluna),3 — Líquidos inflamáveis,adesivos contendo um liquido inflamavel
135,Aerossois,17219.0,1950,26,2.0,100,500.0,800,True,,1950,ok,2,recuperado major de '2.0' (provável Nº perigo na coluna),2 — Gases,aerossois
136,Amianto branco,54162.0,2590,90,9.0,50,,800,True,,2590,ok,9,recuperado major de '9.0' (provável Nº perigo na coluna),9 — Matérias e objetos perigosos diversos,amianto branco
137,Diclorometano,8190.0,1593,60,6.1,50,100.0,800,True,,1593,ok,6.1,ok,6.1 — Matérias tóxicas,diclorometano
137,Adesivos contendo um liquido inflamavel,36.0,1133,33,3.0,50,300.0,800,True,,1133,ok,3,recuperado major de '3.0' (provável Nº perigo na coluna),3 — Líquidos inflamáveis,adesivos contendo um liquido inflamavel
138,Cloro,36000.0,1017,26,2.0,100,,800,False,,1017,ok,2,recuperado major de '2.0' (provável Nº perigo na coluna),2 — Gases,cloro
139,Amianto branco,20254.0,2590,90,9.0,50,,800,True,,2590,ok,9,recuperado major de '9.0' (provável Nº perigo na coluna),9 — Matérias e objetos perigosos diversos,amianto branco
139,Aerossois,11000.0,1950,26,2.0,100,500.0,800,True,,1950,ok,2,recuperado major de '2.0' (provável Nº perigo na coluna),2 — Gases,aerossois
140,Aerossois,17800.0,1950,26,2.0,100,500.0,800,True,,1950,ok,2,recuperado major de '2.0' (provável Nº perigo na coluna),2 — Gases,aerossois
141,Amianto branco,20100.0,2590,90,9.0,50,,800,True,,2590,ok,9,recuperado major de '9.0' (provável Nº perigo na coluna),9 — Matérias e objetos perigosos diversos,amianto branco
142,Tintas ou materias aparentadas as tintas,3200.0,1263,33,3.0,50,300.0,800,True,,1263,ok,3,recuperado major de '3.0' (provável Nº perigo na coluna),3 — Líquidos inflamáveis,tintas ou materias aparentadas as tintas
214,Aerossois,16722.0,1950,26,2.0,100,500.0,800,True,,1950,ok,2,recuperado major de '2.0' (provável Nº perigo na coluna),2 — Gases,aerossois
215,Aerossois,16666.0,1950,26,2.0,100,500.0,800,True,,1950,ok,2,recuperado major de '2.0' (provável Nº perigo na coluna),2 — Gases,aerossois
216,Aerossois,19723.0,1950,26,2.0,100,500.0,800,True,,1950,ok,2,recuperado major de '2.0' (provável Nº perigo na coluna),2 — Gases,aerossois
217,Amianto branco,61500.0,2590,90,9.0,50,,800,True,,2590,ok,9,recuperado major de '9.0' (provável Nº perigo na coluna),9 — Matérias e objetos perigosos diversos,amianto branco
218,Aerossois,16656.0,1950,26,2.0,100,500.0,800,True,,1950,ok,2,recuperado major de '2.0' (provável Nº perigo na coluna),2 — Gases,aerossois
219,Materia perigosa do ponto de vista do ambiente solida n.s.a.,40000.0,3077,90,9.0,50,,800,True,,3077,ok,9,recuperado major de '9.0' (provável Nº perigo na coluna),9 — Matérias e objetos perigosos diversos,materia perigosa do ponto de vista do ambiente solida n.s.a.
220,Aerossois,16676.0,1950,26,2.0,100,500.0,800,True,,1950,ok,2,recuperado major de '2.0' (provável Nº perigo na coluna),2 — Gases,aerossois
221,Aerossois,16723.0,1950,26,2.0,100,500.0,800,True,,1950,ok,2,recuperado major de '2.0' (provável Nº perigo na coluna),2 — Gases,aerossois
222,Sucedaneo de essencia de terebentina,4000.0,1300,30,3.0,50,300.0,800,True,,1300,ok,3,recuperado major de '3.0' (provável Nº perigo na coluna),3 — Líquidos inflamáveis,sucedaneo de essencia de terebentina
222,Amoniaco em solucao aquosa,100.0,2672,80,8.0,50,,800,True,,2672,ok,8,recuperado major de '8.0' (provável Nº perigo na coluna),8 — Matérias corrosivas,amoniaco em solucao aquosa
222,Materia perigosa do ponto de vista do ambiente liquida n.s.a,600.0,3082,90,9.0,50,,800,True,,3082,ok,9,recuperado major de '9.0' (provável Nº perigo na coluna),9 — Matérias e objetos perigosos diversos,materia perigosa do ponto de vista do ambiente liquida n.s.a
222,Liquido organico corrosivo acido n.s.a.,100.0,3265,80,8.0,50,,800,True,,3265,ok,8,recuperado major de '8.0' (provável Nº perigo na coluna),8 — Matérias corrosivas,liquido organico corrosivo acido n.s.a.
223,Materia perigosa do ponto de vista do ambiente solida n.s.a.,,3077,90,9.0,50,,800,True,,3077,ok,9,recuperado major de '9.0' (provável Nº perigo na coluna),9 — Matérias e objetos perigosos diversos,materia perigosa do ponto de vista do ambiente solida n.s.a.
224,Aerossois,16552.0,1950,26,2.0,100,500.0,800,True,,1950,ok,2,recuperado major de '2.0' (provável Nº perigo na coluna),2 — Gases,aerossois
225,Tintas ou materias aparentadas as tintas,600.0,1263,30 ou 33,3.0,50,300.0,800,True,,1263,ok,3,recuperado major de '3.0' (provável Nº perigo na coluna),3 — Líquidos inflamáveis,tintas ou materias aparentadas as tintas
225,Tolueno,400.0,1294,33,3.0,50,300.0,800,True,,1294,ok,3,recuperado major de '3.0' (provável Nº perigo na coluna),3 — Líquidos inflamáveis,tolueno
225,Sucedaneo de essencia de terebentina,600.0,1300,30,3.0,50,300.0,800,True,,1300,ok,3,recuperado major de '3.0' (provável Nº perigo na coluna),3 — Líquidos inflamáveis,sucedaneo de essencia de terebentina
225,Xilenos,400.0,1307,30,3.0,50,300.0,800,True,,1307,ok,3,recuperado major de '3.0' (provável Nº perigo na coluna),3 — Líquidos inflamáveis,xilenos
225,Resina em solucao,600.0,1866,30 ou 33,3.0,50,300.0,800,True,,1866,ok,3,recuperado major de '3.0' (provável Nº perigo na coluna),3 — Líquidos inflamáveis,resina em solucao
225,Liquido inflamavel n.s.a.,46.0,1993,30 ou 33,3.0,50,300.0,800,True,,1993,ok,3,recuperado major de '3.0' (provável Nº perigo na coluna),3 — Líquidos inflamáveis,liquido inflamavel n.s.a.
225,Materia perigosa do ponto de vista do ambiente liquida n.s.a,305.0,3082,90,9.0,50,,800,True,,3082,ok,9,recuperado major de '9.0' (provável Nº perigo na coluna),9 — Matérias e objetos perigosos diversos,materia perigosa do ponto de vista do ambiente liquida n.s.a
225,Liquido organico corrosivo acido n.s.a.,50.0,3265,80,8.0,50,,800,True,,3265,ok,8,recuperado major de '8.0' (provável Nº perigo na coluna),8 — Matérias corrosivas,liquido organico corrosivo acido n.s.a.
226,Tintas ou materias aparentadas as tintas,7000.0,1263,30 ou 33,3.0,50,300.0,800,True,,1263,ok,3,recuperado major de '3.0' (provável Nº perigo na coluna),3 — Líquidos inflamáveis,tintas ou materias aparentadas as tintas
227,Diclorometano,3080.0,1593,60,6.1,50,100.0,800,True,,1593,ok,6.1,ok,6.1 — Matérias tóxicas,diclorometano
227,Resina em solucao,250.0,1866,30 ou 33,3.0,50,300.0,800,True,,1866,ok,3,recuperado major de '3.0' (provável Nº perigo na coluna),3 — Líquidos inflamáveis,resina em solucao
228,Tintas ou materias aparentadas as tintas,3120.0,1263,30 ou 33,3.0,50,300.0,800,True,,1263,ok,3,recuperado major de '3.0' (provável Nº perigo na coluna),3 — Líquidos inflamáveis,tintas ou materias aparentadas as tintas
229,Acido sulfurico com mais de 51% de acido,16000.0,1830,80,8.0,50,,800,True,,1830,ok,8,recuperado major de '8.0' (provável Nº perigo na coluna),8 — Matérias corrosivas,acido sulfurico com mais de 51% de acido
230,Aerossois,18723.0,1950,26,2.0,100,500.0,800,True,,1950,ok,2,recuperado major de '2.0' (provável Nº perigo na coluna),2 — Gases,aerossois
231,Aerossois,16723.0,1950,26,2.0,100,500.0,800,True,,1950,ok,2,recuperado major de '2.0' (provável Nº perigo na coluna),2 — Gases,aerossois
232,Aerossois,16728.0,1950,26,2.0,100,500.0,800,True,,1950,ok,2,recuperado major de '2.0' (provável Nº perigo na coluna),2 — Gases,aerossois
233,Composto soluvel de chumbo n.s.a.,1560.0,2291,60,6.1,50,,800,True,60 sacos,2291,ok,6.1,ok,6.1 — Matérias tóxicas,composto soluvel de chumbo n.s.a.
233,Aerossois,16723.0,1950,26,2.0,100,500.0,800,True,1764 caixas,1950,ok,2,recuperado major de '2.0' (provável Nº perigo na coluna),2 — Gases,aerossois
234,Aerossois,16723.0,1950,26,2.0,100,500.0,800,True,,1950,ok,2,recuperado major de '2.0' (provável Nº perigo na coluna),2 — Gases,aerossois
177,Etilmetilcetona,57309.0,1193,33,3.0,50,300.0,800,True,,1193,ok,3,recuperado major de '3.0' (provável Nº perigo na coluna),3 — Líquidos inflamáveis,etilmetilcetona
178,Cloro,48000.0,1017,26,2.0,100,,800,False,,1017,ok,2,recuperado major de '2.0' (provável Nº perigo na coluna),2 — Gases,cloro
179,Aerossois,17300.0,1950,26,2.0,100,500.0,800,True,,1950,ok,2,recuperado major de '2.0' (provável Nº perigo na coluna),2 — Gases,aerossois
180,Tintas ou materias aparentadas as tintas,24250.0,1263,33,3.0,50,300.0,800,True,,1263,ok,3,recuperado major de '3.0' (provável Nº perigo na coluna),3 — Líquidos inflamáveis,tintas ou materias aparentadas as tintas
181,Tintas ou materias aparentadas as tintas,12500.0,1263,33,3.0,50,300.0,800,True,,1263,ok,3,recuperado major de '3.0' (provável Nº perigo na coluna),3 — Líquidos inflamáveis,tintas ou materias aparentadas as tintas
182,Tintas ou materias aparentadas as tintas,715.0,1263,33,3.0,50,300.0,800,True,,1263,ok,3,recuperado major de '3.0' (provável Nº perigo na coluna),3 — Líquidos inflamáveis,tintas ou materias aparentadas as tintas
183,Ferrocerio,6157.0,1323,40,4.1,50,50.0,800,True,,1323,ok,4.1,ok,4.1 — Sólidos inflamáveis,ferrocerio
184,Resina em solucao,2345.0,1866,33,3.0,50,300.0,800,True,,1866,ok,3,recuperado major de '3.0' (provável Nº perigo na coluna),3 — Líquidos inflamáveis,resina em solucao
185,Tintas ou materias aparentadas as tintas,23952.0,1263,33,3.0,50,300.0,800,True,,1263,ok,3,recuperado major de '3.0' (provável Nº perigo na coluna),3 — Líquidos inflamáveis,tintas ou materias aparentadas as tintas
186,Adesivos contendo um liquido inflamavel,12000.0,1133,30,3.0,50,300.0,800,True,,1133,ok,3,recuperado major de '3.0' (provável Nº perigo na coluna),3 — Líquidos inflamáveis,adesivos contendo um liquido inflamavel
187,Aerossois,17300.0,1950,26,2.0,100,500.0,800,True,,1950,ok,2,recuperado major de '2.0' (provável Nº perigo na coluna),2 — Gases,aerossois
188,Tintas ou materias aparentadas as tintas,24104.0,1263,33,3.0,50,300.0,800,True,,1263,ok,3,recuperado major de '3.0' (provável Nº perigo na coluna),3 — Líquidos inflamáveis,tintas ou materias aparentadas as tintas
189,Tintas ou materias aparentadas as tintas,24620.0,1263,33,3.0,50,300.0,800,True,,1263,ok,3,recuperado major de '3.0' (provável Nº perigo na coluna),3 — Líquidos inflamáveis,tintas ou materias aparentadas as tintas
190,Tintas ou materias aparentadas as tintas,23480.0,1263,33,3.0,50,300.0,800,True,,1263,ok,3,recuperado major de '3.0' (provável Nº perigo na coluna),3 — Líquidos inflamáveis,tintas ou materias aparentadas as tintas
191,Etanol em solucao,45007.0,1170,33,3.0,50,300.0,800,True,,1170,ok,3,recuperado major de '3.0' (provável Nº perigo na coluna),3 — Líquidos inflamáveis,etanol em solucao
192,Tintas ou materias aparentadas as tintas,3800.0,1263,33,3.0,50,300.0,800,True,,1263,ok,3,recuperado major de '3.0' (provável Nº perigo na coluna),3 — Líquidos inflamáveis,tintas ou materias aparentadas as tintas
193,Tintas ou materias aparentadas as tintas,22600.0,1263,33,3.0,50,300.0,800,True,,1263,ok,3,recuperado major de '3.0' (provável Nº perigo na coluna),3 — Líquidos inflamáveis,tintas ou materias aparentadas as tintas
194,Etanol em solucao,176.0,1170,33,3.0,50,300.0,800,True,,1170,ok,3,recuperado major de '3.0' (provável Nº perigo na coluna),3 — Líquidos inflamáveis,etanol em solucao
195,Aerossois,17000.0,1950,26,2.0,100,500.0,800,True,,1950,ok,2,recuperado major de '2.0' (provável Nº perigo na coluna),2 — Gases,aerossois
196,Cloro,36000.0,1017,26,2.0,100,,800,False,,1017,ok,2,recuperado major de '2.0' (provável Nº perigo na coluna),2 — Gases,cloro
197,Cloro,36000.0,1017,26,2.0,100,,800,False,,1017,ok,2,recuperado major de '2.0' (provável Nº perigo na coluna),2 — Gases,cloro
198,Cloro,5250.0,1017,26,2.0,100,,800,False,,1017,ok,2,recuperado major de '2.0' (provável Nº perigo na coluna),2 — Gases,cloro
199,Liquido inflamavel n.s.a.,625.0,1993,30,3.0,50,300.0,800,True,,1993,ok,3,recuperado major de '3.0' (provável Nº perigo na coluna),3 — Líquidos inflamáveis,liquido inflamavel n.s.a.
200,Tintas ou materias aparentadas as tintas,500.0,1263,33,3.0,50,300.0,800,True,,1263,ok,3,recuperado major de '3.0' (provável Nº perigo na coluna),3 — Líquidos inflamáveis,tintas ou materias aparentadas as tintas
201,Tintas ou materias aparentadas as tintas,1800.0,1263,30,3.0,50,300.0,800,True,,1263,ok,3,recuperado major de '3.0' (provável Nº perigo na coluna),3 — Líquidos inflamáveis,tintas ou materias aparentadas as tintas
202,Materia perigosa do ponto de vista do ambiente liquida n.s.a,7000.0,3082,90,9.0,50,,800,True,,3082,ok,9,recuperado major de '9.0' (provável Nº perigo na coluna),9 — Matérias e objetos perigosos diversos,materia perigosa do ponto de vista do ambiente liquida n.s.a
203,Tintas ou materias aparentadas as tintas,900.0,1263,33,3.0,50,300.0,800,True,,1263,ok,3,recuperado major de '3.0' (provável Nº perigo na coluna),3 — Líquidos inflamáveis,tintas ou materias aparentadas as tintas
204,Aerossois,17400.0,1950,26,2.0,100,500.0,800,True,,1950,ok,2,recuperado major de '2.0' (provável Nº perigo na coluna),2 — Gases,aerossois
205,Tintas ou materias aparentadas as tintas,1000.0,1263,33,3.0,50,300.0,800,True,,1263,ok,3,recuperado major de '3.0' (provável Nº perigo na coluna),3 — Líquidos inflamáveis,tintas ou materias aparentadas as tintas
206,Tintas ou materias aparentadas as tintas,,1263,33,3.0,50,300.0,800,True,,1263,ok,3,recuperado major de '3.0' (provável Nº perigo na coluna),3 — Líquidos inflamáveis,tintas ou materias aparentadas as tintas
206,Liquido organico corrosivo basico n.s.a.,,3267,80,8.0,50,,800,True,,3267,ok,8,recuperado major de '8.0' (provável Nº perigo na coluna),8 — Matérias corrosivas,liquido organico corrosivo basico n.s.a.
207,Aerossois,17313.0,1950,26,2.0,100,500.0,800,True,,1950,ok,2,recuperado major de '2.0' (provável Nº perigo na coluna),2 — Gases,aerossois
208,Aerossois,10900.0,1950,26,2.0,100,500.0,800,True,,1950,ok,2,recuperado major de '2.0' (provável Nº perigo na coluna),2 — Gases,aerossois
209,Amianto branco,141900.0,2590,90,9.0,50,,800,True,,2590,ok,9,recuperado major de '9.0' (provável Nº perigo na coluna),9 — Matérias e objetos perigosos diversos,amianto branco
210,Aerossois,,1950,26,2.0,100,500.0,800,True,,1950,ok,2,recuperado major de '2.0' (provável Nº perigo na coluna),2 — Gases,aerossois
210,Isopropanol,,1219,33,3.0,50,300.0,800,True,,1219,ok,3,recuperado major de '3.0' (provável Nº perigo na coluna),3 — Líquidos inflamáveis,isopropanol
210,Adesivos contendo um liquido inflamavel,,1133,30,3.0,50,300.0,800,True,,1133,ok,3,recuperado major de '3.0' (provável Nº perigo na coluna),3 — Líquidos inflamáveis,adesivos contendo um liquido inflamavel
211,Tintas ou materias aparentadas as tintas,2000.0,1263,33,3.0,50,300.0,800,True,,1263,ok,3,recuperado major de '3.0' (provável Nº perigo na coluna),3 — Líquidos inflamáveis,tintas ou materias aparentadas as tintas
211,Liquido inflamavel n.s.a.,100.0,1993,33,3.0,50,300.0,800,True,,1993,ok,3,recuperado major de '3.0' (provável Nº perigo na coluna),3 — Líquidos inflamáveis,liquido inflamavel n.s.a.
212,Tintas ou materias aparentadas as tintas,16112.0,1263,30,3.0,50,300.0,800,True,,1263,ok,3,recuperado major de '3.0' (provável Nº perigo na coluna),3 — Líquidos inflamáveis,tintas ou materias aparentadas as tintas
213,Aerossois,16723.0,1950,26,2.0,100,500.0,800,True,,1950,ok,2,recuperado major de '2.0' (provável Nº perigo na coluna),2 — Gases,aerossois
235,Aerossois,16723.0,1950,26,2.0,100,500.0,800,True,,1950,ok,2,recuperado major de '2.0' (provável Nº perigo na coluna),2 — Gases,aerossois
236,Resina em solucao,150.0,1866,33,3.0,50,300.0,800,True,,1866,ok,3,recuperado major de '3.0' (provável Nº perigo na coluna),3 — Líquidos inflamáveis,resina em solucao
236,Diclorometano,2915.0,1593,60,6.1,50,100.0,800,True,,1593,ok,6.1,ok,6.1 — Matérias tóxicas,diclorometano
236,Diisocianato de toluileno,4000.0,2078,60,6.1,50,,800,True,,2078,ok,6.1,ok,6.1 — Matérias tóxicas,diisocianato de toluileno
237,Aerossois,3585.0,1950,26,2.0,100,500.0,800,True,,1950,ok,2,recuperado major de '2.0' (provável Nº perigo na coluna),2 — Gases,aerossois
238,Trioxido de cromio anidro (acido cromico solido),4865.0,1463,58,5.1,50,100.0,800,True,,1463,ok,5.1,ok,5.1 — Matérias comburentes,trioxido de cromio anidro (acido cromico solido)
239,Tintas ou materias aparentadas as tintas,,1263,30 ou 33,3.0,50,300.0,800,True,,1263,ok,3,recuperado major de '3.0' (provável Nº perigo na coluna),3 — Líquidos inflamáveis,tintas ou materias aparentadas as tintas
239,Hidrocarbonetos liquidos n.s.a.,,3295,30,3.0,50,300.0,800,True,,3295,ok,3,recuperado major de '3.0' (provável Nº perigo na coluna),3 — Líquidos inflamáveis,hidrocarbonetos liquidos n.s.a.
240,Aerossois,17313.0,1950,26,2.0,100,500.0,800,True,,1950,ok,2,recuperado major de '2.0' (provável Nº perigo na coluna),2 — Gases,aerossois
241,Acetato de etilo,200.0,1173,33,3.0,50,300.0,800,True,,1173,ok,3,recuperado major de '3.0' (provável Nº perigo na coluna),3 — Líquidos inflamáveis,acetato de etilo
241,Tintas ou materias aparentadas as tintas,2890.0,1263,30 ou 33,3.0,50,300.0,800,True,,1263,ok,3,recuperado major de '3.0' (provável Nº perigo na coluna),3 — Líquidos inflamáveis,tintas ou materias aparentadas as tintas
241,Sucedaneo de essencia de terebentina,600.0,1300,30,3.0,50,300.0,800,True,,1300,ok,3,recuperado major de '3.0' (provável Nº perigo na coluna),3 — Líquidos inflamáveis,sucedaneo de essencia de terebentina
241,Xilenos,400.0,1307,30,3.0,50,300.0,800,True,,1307,ok,3,recuperado major de '3.0' (provável Nº perigo na coluna),3 — Líquidos inflamáveis,xilenos
241,Resina em solucao,1000.0,1866,30 ou 33,3.0,50,300.0,800,True,,1866,ok,3,recuperado major de '3.0' (provável Nº perigo na coluna),3 — Líquidos inflamáveis,resina em solucao
241,Liquido inflamavel toxico n.s.a.,60.0,1992,336,3.0,50,,800,True,,1992,ok,3,recuperado major de '3.0' (provável Nº perigo na coluna),3 — Líquidos inflamáveis,liquido inflamavel toxico n.s.a.
241,Liquido inflamavel n.s.a.,20.0,1993,30 ou 33,3.0,50,300.0,800,True,,1993,ok,3,recuperado major de '3.0' (provável Nº perigo na coluna),3 — Líquidos inflamáveis,liquido inflamavel n.s.a.
241,Amoniaco em solucao aquosa,60.0,2672,80,8.0,50,,800,True,,2672,ok,8,recuperado major de '8.0' (provável Nº perigo na coluna),8 — Matérias corrosivas,amoniaco em solucao aquosa
241,Materia perigosa do ponto de vista do ambiente liquida n.s.a,450.0,3082,90,9.0,50,,800,True,,3082,ok,9,recuperado major de '9.0' (provável Nº perigo na coluna),9 — Matérias e objetos perigosos diversos,materia perigosa do ponto de vista do ambiente liquida n.s.a
241,Peroxido organico do tipo E liquido,300.0,3107,539,5.2,50,250.0,800,True,,3107,ok,5.2,ok,5.2 — Peróxidos orgânicos,peroxido organico do tipo e liquido
241,Liquido organico corrosivo acido n.s.a.,75.0,3265,88,8.0,50,,800,True,,3265,ok,8,recuperado major de '8.0' (provável Nº perigo na coluna),8 — Matérias corrosivas,liquido organico corrosivo acido n.s.a.
242,Aerossois,17313.0,1950,26,2.0,100,500.0,800,True,,1950,ok,2,recuperado major de '2.0' (provável Nº perigo na coluna),2 — Gases,aerossois
242,Helio comprimido,11810.0,1046,20,2.0,100,100.0,800,False,,1046,ok,2,recuperado major de '2.0' (provável Nº perigo na coluna),2 — Gases,helio comprimido
243,Tetraetilenopentamina,107.0,2320,80,8.0,50,,800,True,,2320,ok,8,recuperado major de '8.0' (provável Nº perigo na coluna),8 — Matérias corrosivas,tetraetilenopentamina
243,Liquido inorganico corrosivo acido n.s.a.,3749.0,3264,80,8.0,50,,800,True,,3264,ok,8,recuperado major de '8.0' (provável Nº perigo na coluna),8 — Matérias corrosivas,liquido inorganico corrosivo acido n.s.a.
244,Liquido inflamavel n.s.a.,500.0,1993,30 ou 33,3.0,50,300.0,800,True,,1993,ok,3,recuperado major de '3.0' (provável Nº perigo na coluna),3 — Líquidos inflamáveis,liquido inflamavel n.s.a.
245,Aerossois,3274.0,1950,26,2.0,100,500.0,800,True,,1950,ok,2,recuperado major de '2.0' (provável Nº perigo na coluna),2 — Gases,aerossois
246,Aerossois,16723.0,1950,26,2.0,100,500.0,800,True,,1950,ok,2,recuperado major de '2.0' (provável Nº perigo na coluna),2 — Gases,aerossois
247,Acetato de etilo,200.0,1173,33,3.0,50,300.0,800,True,,1173,ok,3,recuperado major de '3.0' (provável Nº perigo na coluna),3 — Líquidos inflamáveis,acetato de etilo
247,Tintas ou materias aparentadas as tintas,2890.0,1263,30 ou 33,3.0,50,300.0,800,True,,1263,ok,3,recuperado major de '3.0' (provável Nº perigo na coluna),3 — Líquidos inflamáveis,tintas ou materias aparentadas as tintas
247,Sucedaneo de essencia de terebentina,600.0,1300,30,3.0,50,300.0,800,True,,1300,ok,3,recuperado major de '3.0' (provável Nº perigo na coluna),3 — Líquidos inflamáveis,sucedaneo de essencia de terebentina
247,Xilenos,400.0,1307,30,3.0,50,300.0,800,True,,1307,ok,3,recuperado major de '3.0' (provável Nº perigo na coluna),3 — Líquidos inflamáveis,xilenos
247,Resina em solucao,1000.0,1866,30 ou 33,3.0,50,300.0,800,True,,1866,ok,3,recuperado major de '3.0' (provável Nº perigo na coluna),3 — Líquidos inflamáveis,resina em solucao
247,Liquido inflamavel toxico n.s.a.,60.0,1992,336,3.0,50,,800,True,,1992,ok,3,recuperado major de '3.0' (provável Nº perigo na coluna),3 — Líquidos inflamáveis,liquido inflamavel toxico n.s.a.
247,Liquido inflamavel n.s.a.,20.0,1993,30 ou 33,3.0,50,300.0,800,True,,1993,ok,3,recuperado major de '3.0' (provável Nº perigo na coluna),3 — Líquidos inflamáveis,liquido inflamavel n.s.a.
247,Amoniaco em solucao aquosa,60.0,2672,80,8.0,50,,800,True,contendo mais de 10% maximo 35%,2672,ok,8,recuperado major de '8.0' (provável Nº perigo na coluna),8 — Matérias corrosivas,amoniaco em solucao aquosa
247,Materia perigosa do ponto de vista do ambiente liquida n.s.a,450.0,3082,90,9.0,50,,800,True,,3082,ok,9,recuperado major de '9.0' (provável Nº perigo na coluna),9 — Matérias e objetos perigosos diversos,materia perigosa do ponto de vista do ambiente liquida n.s.a
247,Liquido organico corrosivo acido n.s.a.,75.0,3265,88,8.0,50,,800,True,,3265,ok,8,recuperado major de '8.0' (provável Nº perigo na coluna),8 — Matérias corrosivas,liquido organico corrosivo acido n.s.a.
248,Resina em solucao,4258.0,1866,30,3.0,50,300.0,800,True,,1866,ok,3,recuperado major de '3.0' (provável Nº perigo na coluna),3 — Líquidos inflamáveis,resina em solucao
249,Resina em solucao,4258.0,1866,30 ou 33,3.0,50,300.0,800,True,,1866,ok,3,recuperado major de '3.0' (provável Nº perigo na coluna),3 — Líquidos inflamáveis,resina em solucao
250,Aerossois,16723.0,1950,26,2.0,100,500.0,800,True,,1950,ok,2,recuperado major de '2.0' (provável Nº perigo na coluna),2 — Gases,aerossois
251,Aerossois,13244.0,1950,26,2.0,100,500.0,800,True,,1950,ok,2,recuperado major de '2.0' (provável Nº perigo na coluna),2 — Gases,aerossois
252,Dioxido de carbono,225.0,1013,20,2.0,100,,800,False,,1013,ok,2,recuperado major de '2.0' (provável Nº perigo na coluna),2 — Gases,dioxido de carbono
253,Aerossois,510.0,1950,26,2.0,100,500.0,800,True,,1950,ok,2,recuperado major de '2.0' (provável Nº perigo na coluna),2 — Gases,aerossois
254,Aerossois,16723.0,1950,26,2.0,100,500.0,800,True,,1950,ok,2,recuperado major de '2.0' (provável Nº perigo na coluna),2 — Gases,aerossois
255,Aerossois,4601.0,1950,26,2.0,100,500.0,800,True,,1950,ok,2,recuperado major de '2.0' (provável Nº perigo na coluna),2 — Gases,aerossois
255,Tintas ou materias aparentadas as tintas,23592.0,1263,30 ou 33,3.0,50,300.0,800,True,,1263,ok,3,recuperado major de '3.0' (provável Nº perigo na coluna),3 — Líquidos inflamáveis,tintas ou materias aparentadas as tintas
256,Aerossois,10800.0,1950,26,2.0,100,500.0,800,True,,1950,ok,2,recuperado major de '2.0' (provável Nº perigo na coluna),2 — Gases,aerossois
257,Aerossois,34037.0,1950,26,2.0,100,500.0,800,True,,1950,ok,2,recuperado major de '2.0' (provável Nº perigo na coluna),2 — Gases,aerossois
258,Etanol em solucao,20850.0,1170,33,3.0,50,300.0,800,True,,1170,ok,3,recuperado major de '3.0' (provável Nº perigo na coluna),3 — Líquidos inflamáveis,etanol em solucao
259,Adesivos contendo um liquido inflamavel,319.0,1133,30 ou 33,3.0,50,300.0,800,True,,1133,ok,3,recuperado major de '3.0' (provável Nº perigo na coluna),3 — Líquidos inflamáveis,adesivos contendo um liquido inflamavel
260,Aerossois,15926.0,1950,26,2.0,100,500.0,800,True,,1950,ok,2,recuperado major de '2.0' (provável Nº perigo na coluna),2 — Gases,aerossois
261,Ar comprimido,16640.0,1002,20,2.0,100,500.0,800,True,,1002,ok,2,recuperado major de '2.0' (provável Nº perigo na coluna),2 — Gases,ar comprimido
262,Acido sulfamico,,2967,80,8.0,50,,800,True,,2967,ok,8,recuperado major de '8.0' (provável Nº perigo na coluna),8 — Matérias corrosivas,acido sulfamico
263,Electrolito acido para acumuladores,6440.0,2796,80,8.0,50,,800,True,,2796,ok,8,recuperado major de '8.0' (provável Nº perigo na coluna),8 — Matérias corrosivas,electrolito acido para acumuladores
263,Adesivos contendo um liquido inflamavel,,1133,30 ou 33,3.0,50,300.0,800,True,,1133,ok,3,recuperado major de '3.0' (provável Nº perigo na coluna),3 — Líquidos inflamáveis,adesivos contendo um liquido inflamavel
263,Isopropanol,,1219,33,3.0,50,300.0,800,True,,1219,ok,3,recuperado major de '3.0' (provável Nº perigo na coluna),3 — Líquidos inflamáveis,isopropanol
263,Aerossois,,1950,26,2.0,100,500.0,800,True,,1950,ok,2,recuperado major de '2.0' (provável Nº perigo na coluna),2 — Gases,aerossois
263,Liquido organico corrosivo basico n.s.a.,,3267,80,8.0,50,,800,True,,3267,ok,8,recuperado major de '8.0' (provável Nº perigo na coluna),8 — Matérias corrosivas,liquido organico corrosivo basico n.s.a.
264,Electrolito acido para acumuladores,1349.0,2796,80,8.0,50,,800,True,,2796,ok,8,recuperado major de '8.0' (provável Nº perigo na coluna),8 — Matérias corrosivas,electrolito acido para acumuladores
265,Aerossois,16723.0,1950,26,2.0,100,500.0,800,True,,1950,ok,2,recuperado major de '2.0' (provável Nº perigo na coluna),2 — Gases,aerossois
266,Aerossois,16723.0,1950,26,2.0,100,500.0,800,True,,1950,ok,2,recuperado major de '2.0' (provável Nº perigo na coluna),2 — Gases,aerossois
267,Aerossois,16723.0,1950,26,2.0,100,500.0,800,True,,1950,ok,2,recuperado major de '2.0' (provável Nº perigo na coluna),2 — Gases,aerossois
268,Butanol,160.0,1120,30 ou 33,3.0,50,300.0,800,True,,1120,ok,3,recuperado major de '3.0' (provável Nº perigo na coluna),3 — Líquidos inflamáveis,butanol
268,Acetato de butilo,180.0,1123,30 ou 33,3.0,50,300.0,800,True,,1123,ok,3,recuperado major de '3.0' (provável Nº perigo na coluna),3 — Líquidos inflamáveis,acetato de butilo
268,Acetato de etilo,180.0,1173,33,3.0,50,300.0,800,True,,1173,ok,3,recuperado major de '3.0' (provável Nº perigo na coluna),3 — Líquidos inflamáveis,acetato de etilo
268,Tintas ou materias aparentadas as tintas,1130.0,1263,30 ou 33,3.0,50,300.0,800,True,,1263,ok,3,recuperado major de '3.0' (provável Nº perigo na coluna),3 — Líquidos inflamáveis,tintas ou materias aparentadas as tintas
268,Tolueno,720.0,1294,33,3.0,50,300.0,800,True,,1294,ok,3,recuperado major de '3.0' (provável Nº perigo na coluna),3 — Líquidos inflamáveis,tolueno
268,Sucedaneo de essencia de terebentina,340.0,1300,30,3.0,50,300.0,800,True,,1300,ok,3,recuperado major de '3.0' (provável Nº perigo na coluna),3 — Líquidos inflamáveis,sucedaneo de essencia de terebentina
268,Xilenos,360.0,1307,30,3.0,50,300.0,800,True,,1307,ok,3,recuperado major de '3.0' (provável Nº perigo na coluna),3 — Líquidos inflamáveis,xilenos
268,Resina em solucao,1130.0,1866,30 ou 33,3.0,50,300.0,800,True,,1866,ok,3,recuperado major de '3.0' (provável Nº perigo na coluna),3 — Líquidos inflamáveis,resina em solucao
268,Amoniaco em solucao aquosa,100.0,2672,80,8.0,50,,800,True,,2672,ok,8,recuperado major de '8.0' (provável Nº perigo na coluna),8 — Matérias corrosivas,amoniaco em solucao aquosa
268,Materia perigosa do ponto de vista do ambiente liquida n.s.a,175.0,3082,90,9.0,50,,800,True,,3082,ok,9,recuperado major de '9.0' (provável Nº perigo na coluna),9 — Matérias e objetos perigosos diversos,materia perigosa do ponto de vista do ambiente liquida n.s.a
268,Metoxi-1 Propanol-2,180.0,3092,30,3.0,50,300.0,800,True,,3092,ok,3,recuperado major de '3.0' (provável Nº perigo na coluna),3 — Líquidos inflamáveis,metoxi-1 propanol-2
268,Liquido organico corrosivo acido n.s.a.,100.0,3265,88,8.0,50,,800,True,,3265,ok,8,recuperado major de '8.0' (provável Nº perigo na coluna),8 — Matérias corrosivas,liquido organico corrosivo acido n.s.a.
269,Liquido inflamavel n.s.a.,92.0,1993,30,3.0,50,300.0,800,True,,1993,ok,3,recuperado major de '3.0' (provável Nº perigo na coluna),3 — Líquidos inflamáveis,liquido inflamavel n.s.a.
270,Aerossois,16723.0,1950,26,2.0,100,500.0,800,True,,1950,ok,2,recuperado major de '2.0' (provável Nº perigo na coluna),2 — Gases,aerossois
271,Diclorodifluormetano,9150.0,1028,20,2.0,100,500.0,800,False,Gas refrigerante R12,1028,ok,2,recuperado major de '2.0' (provável Nº perigo na coluna),2 — Gases,diclorodifluormetano
271,Clorodifluormetano,8860.0,1018,20,2.0,100,500.0,800,False,Gas refrigerante R22,1018,ok,2,recuperado major de '2.0' (provável Nº perigo na coluna),2 — Gases,clorodifluormetano
272,Aerossois,16723.0,1950,26,2.0,100,500.0,800,True,,1950,ok,2,recuperado major de '2.0' (provável Nº perigo na coluna),2 — Gases,aerossois
273,Aerossois,17.0,1950,26,2.0,100,500.0,800,True,,1950,ok,2,recuperado major de '2.0' (provável Nº perigo na coluna),2 — Gases,aerossois
274,Aerossois,33398.0,1950,26,2.0,100,500.0,800,True,,1950,ok,2,recuperado major de '2.0' (provável Nº perigo na coluna),2 — Gases,aerossois
275,Aerossois,33446.0,1950,26,2.0,100,500.0,800,True,,1950,ok,2,recuperado major de '2.0' (provável Nº perigo na coluna),2 — Gases,aerossois
276,Diclorodifluormetano,,1028,20,2.0,100,500.0,800,False,Gas refrigerante R12,1028,ok,2,recuperado major de '2.0' (provável Nº perigo na coluna),2 — Gases,diclorodifluormetano
277,Liquido inflamavel n.s.a.,300.0,1993,30 ou 33,3.0,50,300.0,800,True,,1993,ok,3,recuperado major de '3.0' (provável Nº perigo na coluna),3 — Líquidos inflamáveis,liquido inflamavel n.s.a.
278,Anilina,16000.0,1547,60,6.1,50,,800,True,,1547,ok,6.1,ok,6.1 — Matérias tóxicas,anilina
279,Etilmetilcetona,670.0,1193,33,3.0,50,300.0,800,True,,1193,ok,3,recuperado major de '3.0' (provável Nº perigo na coluna),3 — Líquidos inflamáveis,etilmetilcetona
280,Aerossois,16100.0,1950,26,2.0,100,500.0,800,True,,1950,ok,2,recuperado major de '2.0' (provável Nº perigo na coluna),2 — Gases,aerossois
281,Aerossois,16722.0,1950,26,2.0,100,500.0,800,True,,1950,ok,2,recuperado major de '2.0' (provável Nº perigo na coluna),2 — Gases,aerossois
282,Resina em solucao,6314.0,1866,30 ou 33,3.0,50,300.0,800,True,,1866,ok,3,recuperado major de '3.0' (provável Nº perigo na coluna),3 — Líquidos inflamáveis,resina em solucao
282,Liquido inflamavel n.s.a.,250.0,1993,30 ou 33,3.0,50,300.0,800,True,,1993,ok,3,recuperado major de '3.0' (provável Nº perigo na coluna),3 — Líquidos inflamáveis,liquido inflamavel n.s.a.
283,Fibras,8100.0,3360,sem np,4.1,50,100.0,800,True,,3360,ok,4.1,ok,4.1 — Sólidos inflamáveis,fibras
284,Tintas ou materias aparentadas as tintas,36000.0,1263,30 ou 33,3.0,50,300.0,800,True,,1263,ok,3,recuperado major de '3.0' (provável Nº perigo na coluna),3 — Líquidos inflamáveis,tintas ou materias aparentadas as tintas
285,Aerossois,33400.0,1950,26,2.0,100,500.0,800,True,,1950,ok,2,recuperado major de '2.0' (provável Nº perigo na coluna),2 — Gases,aerossois
286,Amianto branco,40200.0,2590,90,9.0,50,,800,True,,2590,ok,9,recuperado major de '9.0' (provável Nº perigo na coluna),9 — Matérias e objetos perigosos diversos,amianto branco
287,Aerossois,16723.0,1950,26,2.0,100,500.0,800,True,,1950,ok,2,recuperado major de '2.0' (provável Nº perigo na coluna),2 — Gases,aerossois
288,Diclorometano,6375.0,1593,60,6.1,50,100.0,800,True,cloreto de metileno,1593,ok,6.1,ok,6.1 — Matérias tóxicas,diclorometano
288,Etilmetilcetona,170.0,1193,33,3.0,50,300.0,800,True,Metiletilcetona,1193,ok,3,recuperado major de '3.0' (provável Nº perigo na coluna),3 — Líquidos inflamáveis,etilmetilcetona
289,Amianto branco,40200.0,2590,90,9.0,50,,800,True,,2590,ok,9,recuperado major de '9.0' (provável Nº perigo na coluna),9 — Matérias e objetos perigosos diversos,amianto branco
290,Aerossois,16723.0,1950,26,2.0,100,500.0,800,True,,1950,ok,2,recuperado major de '2.0' (provável Nº perigo na coluna),2 — Gases,aerossois
291,Liquido inflamavel n.s.a.,1900.0,1993,3,3.0,50,300.0,800,True,,1993,ok,3,recuperado major de '3.0' (provável Nº perigo na coluna),3 — Líquidos inflamáveis,liquido inflamavel n.s.a.
292,Aerossois,16609.0,1950,26,2.0,100,500.0,800,True,,1950,ok,2,recuperado major de '2.0' (provável Nº perigo na coluna),2 — Gases,aerossois
293,Butanol,200.0,1120,30 ou 33,3.0,50,300.0,800,True,,1120,ok,3,recuperado major de '3.0' (provável Nº perigo na coluna),3 — Líquidos inflamáveis,butanol
293,Acetato de butilo,200.0,1123,30 ou 33,3.0,50,300.0,800,True,,1123,ok,3,recuperado major de '3.0' (provável Nº perigo na coluna),3 — Líquidos inflamáveis,acetato de butilo
293,Tintas ou materias aparentadas as tintas,2200.0,1263,30 ou 33,3.0,50,300.0,800,True,,1263,ok,3,recuperado major de '3.0' (provável Nº perigo na coluna),3 — Líquidos inflamáveis,tintas ou materias aparentadas as tintas
293,Tolueno,400.0,1294,33,3.0,50,300.0,800,True,,1294,ok,3,recuperado major de '3.0' (provável Nº perigo na coluna),3 — Líquidos inflamáveis,tolueno
293,Sucedaneo de essencia de terebentina,400.0,1300,30,3.0,50,300.0,800,True,,1300,ok,3,recuperado major de '3.0' (provável Nº perigo na coluna),3 — Líquidos inflamáveis,sucedaneo de essencia de terebentina
293,Xilenos,200.0,1307,30,3.0,50,300.0,800,True,,1307,ok,3,recuperado major de '3.0' (provável Nº perigo na coluna),3 — Líquidos inflamáveis,xilenos
293,Resina em solucao,900.0,1866,30 ou 33,3.0,50,300.0,800,True,,1866,ok,3,recuperado major de '3.0' (provável Nº perigo na coluna),3 — Líquidos inflamáveis,resina em solucao
293,Amoniaco em solucao aquosa,25.0,2672,80,8.0,50,,800,True,,2672,ok,8,recuperado major de '8.0' (provável Nº perigo na coluna),8 — Matérias corrosivas,amoniaco em solucao aquosa
293,Materia perigosa do ponto de vista do ambiente liquida n.s.a,20.0,3082,90,9.0,50,,800,True,,3082,ok,9,recuperado major de '9.0' (provável Nº perigo na coluna),9 — Matérias e objetos perigosos diversos,materia perigosa do ponto de vista do ambiente liquida n.s.a
293,Liquido organico corrosivo acido n.s.a.,50.0,3265,88,8.0,50,,800,True,,3265,ok,8,recuperado major de '8.0' (provável Nº perigo na coluna),8 — Matérias corrosivas,liquido organico corrosivo acido n.s.a.
294,Resina em solucao,6845.0,1866,30 ou 33,3.0,50,300.0,800,True,,1866,ok,3,recuperado major de '3.0' (provável Nº perigo na coluna),3 — Líquidos inflamáveis,resina em solucao
295,Amianto branco,40200.0,2590,90,9.0,50,,800,True,,2590,ok,9,recuperado major de '9.0' (provável Nº perigo na coluna),9 — Matérias e objetos perigosos diversos,amianto branco
296,Aerossois,50075.0,1950,26,2.0,100,500.0,800,True,,1950,ok,2,recuperado major de '2.0' (provável Nº perigo na coluna),2 — Gases,aerossois
297,Nitrobenzeno,23000.0,1662,60,6.1,50,,800,True,,1662,ok,6.1,ok,6.1 — Matérias tóxicas,nitrobenzeno
298,Nitrobenzeno,46000.0,1662,60,6.1,50,,800,True,,1662,ok,6.1,ok,6.1 — Matérias tóxicas,nitrobenzeno
299,Nitrobenzeno,46000.0,1662,60,6.1,50,,800,True,,1662,ok,6.1,ok,6.1 — Matérias tóxicas,nitrobenzeno
300,Amianto branco,60300.0,2590,90,9.0,50,,800,True,,2590,ok,9,recuperado major de '9.0' (provável Nº perigo na coluna),9 — Matérias e objetos perigosos diversos,amianto branco
301,Diisocianato de toluileno,12200.0,2078,60,6.1,50,,800,True,,2078,ok,6.1,ok,6.1 — Matérias tóxicas,diisocianato de toluileno
302,Aerossois,17000.0,1950,26,2.0,100,500.0,800,True,,1950,ok,2,recuperado major de '2.0' (provável Nº perigo na coluna),2 — Gases,aerossois
303,Liquido inflamavel n.s.a.,100.0,1993,30 ou 33,3.0,50,300.0,800,True,,1993,ok,3,recuperado major de '3.0' (provável Nº perigo na coluna),3 — Líquidos inflamáveis,liquido inflamavel n.s.a.
304,Cloro,11000.0,1017,26,2.0,100,,800,False,,1017,ok,2,recuperado major de '2.0' (provável Nº perigo na coluna),2 — Gases,cloro
305,Aerossois,17276.0,1950,26,2.0,100,500.0,800,True,,1950,ok,2,recuperado major de '2.0' (provável Nº perigo na coluna),2 — Gases,aerossois
306,Liquido inflamavel n.s.a.,1900.0,1993,30 ou 33,3.0,50,300.0,800,True,,1993,ok,3,recuperado major de '3.0' (provável Nº perigo na coluna),3 — Líquidos inflamáveis,liquido inflamavel n.s.a.
307,Acrilatos de butilo estabilizados,24660.0,2348,39,3.0,50,300.0,800,True,,2348,ok,3,recuperado major de '3.0' (provável Nº perigo na coluna),3 — Líquidos inflamáveis,acrilatos de butilo estabilizados
308,Tintas ou materias aparentadas as tintas,1184.0,1263,30 ou 33,3.0,50,300.0,800,True,,1263,ok,3,recuperado major de '3.0' (provável Nº perigo na coluna),3 — Líquidos inflamáveis,tintas ou materias aparentadas as tintas
309,Resina em solucao,7430.0,1866,30 ou 33,3.0,50,300.0,800,True,,1866,ok,3,recuperado major de '3.0' (provável Nº perigo na coluna),3 — Líquidos inflamáveis,resina em solucao
310,Aerossois,16684.0,1950,26,2.0,100,500.0,800,True,,1950,ok,2,recuperado major de '2.0' (provável Nº perigo na coluna),2 — Gases,aerossois
311,Aerossois,15897.0,1950,26,2.0,100,500.0,800,True,,1950,ok,2,recuperado major de '2.0' (provável Nº perigo na coluna),2 — Gases,aerossois
312,Tintas ou materias aparentadas as tintas,442.0,1263,30 ou 33,3.0,50,300.0,800,True,,1263,ok,3,recuperado major de '3.0' (provável Nº perigo na coluna),3 — Líquidos inflamáveis,tintas ou materias aparentadas as tintas
313,Amianto branco,89560.0,2590,90,9.0,50,,800,True,,2590,ok,9,recuperado major de '9.0' (provável Nº perigo na coluna),9 — Matérias e objetos perigosos diversos,amianto branco
314,Aerossois,16773.0,1950,26,2.0,100,500.0,800,True,,1950,ok,2,recuperado major de '2.0' (provável Nº perigo na coluna),2 — Gases,aerossois
315,Tintas ou materias aparentadas as tintas,800.0,1263,30 ou 33,3.0,50,300.0,800,True,,1263,ok,3,recuperado major de '3.0' (provável Nº perigo na coluna),3 — Líquidos inflamáveis,tintas ou materias aparentadas as tintas
315,Tolueno,400.0,1294,33,3.0,50,300.0,800,True,,1294,ok,3,recuperado major de '3.0' (provável Nº perigo na coluna),3 — Líquidos inflamáveis,tolueno
315,Sucedaneo de essencia de terebentina,200.0,1300,30,3.0,50,300.0,800,True,,1300,ok,3,recuperado major de '3.0' (provável Nº perigo na coluna),3 — Líquidos inflamáveis,sucedaneo de essencia de terebentina
315,Xilenos,200.0,1307,30,3.0,50,300.0,800,True,,1307,ok,3,recuperado major de '3.0' (provável Nº perigo na coluna),3 — Líquidos inflamáveis,xilenos
315,Resina em solucao,400.0,1866,30 ou 33,3.0,50,300.0,800,True,,1866,ok,3,recuperado major de '3.0' (provável Nº perigo na coluna),3 — Líquidos inflamáveis,resina em solucao
315,Nitrocelulose em alcool,60.0,2556,40,4.1,100,500.0,800,True,,2556,ok,4.1,ok,4.1 — Sólidos inflamáveis,nitrocelulose em alcool
315,Solido organico toxico n.s.a.,50.0,2811,60,6.1,50,,800,True,,2811,ok,6.1,ok,6.1 — Matérias tóxicas,solido organico toxico n.s.a.
315,Materia perigosa do ponto de vista do ambiente liquida n.s.a,600.0,3082,90,9.0,50,,800,True,,3082,ok,9,recuperado major de '9.0' (provável Nº perigo na coluna),9 — Matérias e objetos perigosos diversos,materia perigosa do ponto de vista do ambiente liquida n.s.a
316,Aerossois,33446.0,1950,26,2.0,100,500.0,800,True,,1950,ok,2,recuperado major de '2.0' (provável Nº perigo na coluna),2 — Gases,aerossois
317,Aerossois,33446.0,1950,26,2.0,100,500.0,800,True,,1950,ok,2,recuperado major de '2.0' (provável Nº perigo na coluna),2 — Gases,aerossois
318,Etilmetilcetona,156.0,1193,33,3.0,50,300.0,800,True,,1193,ok,3,recuperado major de '3.0' (provável Nº perigo na coluna),3 — Líquidos inflamáveis,etilmetilcetona
318,Diclorometano,8480.0,1593,60,6.1,50,100.0,800,True,,1593,ok,6.1,ok,6.1 — Matérias tóxicas,diclorometano
318,Diisocianato de toluileno,2982.0,2078,60,6.1,50,,800,True,,2078,ok,6.1,ok,6.1 — Matérias tóxicas,diisocianato de toluileno
319,Aerossois,34000.0,1950,26,2.0,100,500.0,800,True,,1950,ok,2,recuperado major de '2.0' (provável Nº perigo na coluna),2 — Gases,aerossois
320,Aerossois,12000.0,1950,26,2.0,100,500.0,800,True,,1950,ok,2,recuperado major de '2.0' (provável Nº perigo na coluna),2 — Gases,aerossois
321,Aerossois,16723.0,1950,26,2.0,100,500.0,800,True,,1950,ok,2,recuperado major de '2.0' (provável Nº perigo na coluna),2 — Gases,aerossois
322,Aerossois,33199.0,1950,26,2.0,100,500.0,800,True,,1950,ok,2,recuperado major de '2.0' (provável Nº perigo na coluna),2 — Gases,aerossois
323,Resina em solucao,6004.0,1866,30 ou 33,3.0,50,300.0,800,True,,1866,ok,3,recuperado major de '3.0' (provável Nº perigo na coluna),3 — Líquidos inflamáveis,resina em solucao
323,Anilina,,1547,60,6.1,50,,800,True,,1547,ok,6.1,ok,6.1 — Matérias tóxicas,anilina
324,Tintas ou materias aparentadas as tintas,480.0,1263,30 ou 33,3.0,50,300.0,800,True,,1263,ok,3,recuperado major de '3.0' (provável Nº perigo na coluna),3 — Líquidos inflamáveis,tintas ou materias aparentadas as tintas
324,Tolueno,400.0,1294,33,3.0,50,300.0,800,True,,1294,ok,3,recuperado major de '3.0' (provável Nº perigo na coluna),3 — Líquidos inflamáveis,tolueno
324,Sucedaneo de essencia de terebentina,600.0,1300,30,3.0,50,300.0,800,True,,1300,ok,3,recuperado major de '3.0' (provável Nº perigo na coluna),3 — Líquidos inflamáveis,sucedaneo de essencia de terebentina
324,Xilenos,200.0,1307,30,3.0,50,300.0,800,True,,1307,ok,3,recuperado major de '3.0' (provável Nº perigo na coluna),3 — Líquidos inflamáveis,xilenos
324,Resina em solucao,600.0,1866,30 ou 33,3.0,50,300.0,800,True,,1866,ok,3,recuperado major de '3.0' (provável Nº perigo na coluna),3 — Líquidos inflamáveis,resina em solucao
324,Materia perigosa do ponto de vista do ambiente liquida n.s.a,365.0,3082,90,9.0,50,,800,True,,3082,ok,9,recuperado major de '9.0' (provável Nº perigo na coluna),9 — Matérias e objetos perigosos diversos,materia perigosa do ponto de vista do ambiente liquida n.s.a
324,Liquido organico corrosivo acido n.s.a.,75.0,3265,80,8.0,50,,800,True,,3265,ok,8,recuperado major de '8.0' (provável Nº perigo na coluna),8 — Matérias corrosivas,liquido organico corrosivo acido n.s.a.
325,Aerossois,42000.0,1950,26,2.0,100,500.0,800,True,,1950,ok,2,recuperado major de '2.0' (provável Nº perigo na coluna),2 — Gases,aerossois
326,Tintas ou materias aparentadas as tintas,51300.0,1263,30 ou 33,3.0,50,300.0,800,True,,1263,ok,3,recuperado major de '3.0' (provável Nº perigo na coluna),3 — Líquidos inflamáveis,tintas ou materias aparentadas as tintas
327,Aerossois,16646.0,1950,26,2.0,100,500.0,800,True,,1950,ok,2,recuperado major de '2.0' (provável Nº perigo na coluna),2 — Gases,aerossois
328,Aerossois,17313.0,1950,26,2.0,100,500.0,800,True,,1950,ok,2,recuperado major de '2.0' (provável Nº perigo na coluna),2 — Gases,aerossois
329,Resina em solucao,7231.0,1866,30 ou 33,3.0,50,300.0,800,True,,1866,ok,3,recuperado major de '3.0' (provável Nº perigo na coluna),3 — Líquidos inflamáveis,resina em solucao
329,Liquido inflamavel n.s.a.,5300.0,1993,30 ou 33,3.0,50,300.0,800,True,,1993,ok,3,recuperado major de '3.0' (provável Nº perigo na coluna),3 — Líquidos inflamáveis,liquido inflamavel n.s.a.
329,Diisocianato de toluileno,18640.0,2078,60,6.1,50,,800,True,,2078,ok,6.1,ok,6.1 — Matérias tóxicas,diisocianato de toluileno
330,Ferro-silicio,48400.0,1408,462,4.3,50,,800,True,,1408,ok,4.3,ok,4.3 — Em contacto c/ água libertam gases inflamáveis,ferro-silicio
331,Sucedaneo de essencia de terebentina,0.0,1300,30,3.0,50,300.0,800,True,Residuo,1300,ok,3,recuperado major de '3.0' (provável Nº perigo na coluna),3 — Líquidos inflamáveis,sucedaneo de essencia de terebentina
332,Resina em solucao,6750.0,1866,30 ou 33,3.0,50,300.0,800,True,,1866,ok,3,recuperado major de '3.0' (provável Nº perigo na coluna),3 — Líquidos inflamáveis,resina em solucao
333,Etilmetilcetona,37110.0,1193,33,3.0,50,300.0,800,True,,1193,ok,3,recuperado major de '3.0' (provável Nº perigo na coluna),3 — Líquidos inflamáveis,etilmetilcetona
334,Clorito em solucao,23580.0,1908,80,8.0,50,,800,True,,1908,ok,8,recuperado major de '8.0' (provável Nº perigo na coluna),8 — Matérias corrosivas,clorito em solucao
335,Resina em solucao,1371.0,1866,30 ou 33,3.0,50,300.0,800,True,,1866,ok,3,recuperado major de '3.0' (provável Nº perigo na coluna),3 — Líquidos inflamáveis,resina em solucao
336,Liquido inflamavel n.s.a.,21210.0,1993,3,3.0,50,300.0,800,True,,1993,ok,3,recuperado major de '3.0' (provável Nº perigo na coluna),3 — Líquidos inflamáveis,liquido inflamavel n.s.a.
337,Produtos de perfumaria,30000.0,1266,30,3.0,50,300.0,800,True,,1266,ok,3,recuperado major de '3.0' (provável Nº perigo na coluna),3 — Líquidos inflamáveis,produtos de perfumaria
338,Tintas ou materias aparentadas as tintas,2121.0,1263,30 ou 33,3.0,50,300.0,800,True,,1263,ok,3,recuperado major de '3.0' (provável Nº perigo na coluna),3 — Líquidos inflamáveis,tintas ou materias aparentadas as tintas
339,Helio comprimido,11095.0,1046,20,2.0,100,100.0,800,False,,1046,ok,2,recuperado major de '2.0' (provável Nº perigo na coluna),2 — Gases,helio comprimido
340,Resina em solucao,5240.0,1886,30 ou 33,3.0,50,300.0,800,True,,1886,ok,3,recuperado major de '3.0' (provável Nº perigo na coluna),3 — Líquidos inflamáveis,resina em solucao
341,Sucedaneo de essencia de terebentina,143250.0,1300,30,3.0,50,300.0,800,True,,1300,ok,3,recuperado major de '3.0' (provável Nº perigo na coluna),3 — Líquidos inflamáveis,sucedaneo de essencia de terebentina
342,Helio comprimido,6850.0,1046,20,2.0,100,100.0,800,False,,1046,ok,2,recuperado major de '2.0' (provável Nº perigo na coluna),2 — Gases,helio comprimido
343,Aerossois,4000.0,1950,26,2.0,100,500.0,800,True,,1950,ok,2,recuperado major de '2.0' (provável Nº perigo na coluna),2 — Gases,aerossois
344,Adesivos contendo um liquido inflamavel,21866.0,1133,30 ou 33,3.0,50,300.0,800,True,,1133,ok,3,recuperado major de '3.0' (provável Nº perigo na coluna),3 — Líquidos inflamáveis,adesivos contendo um liquido inflamavel
345,Adesivos contendo um liquido inflamavel,2600.0,1133,30 ou 33,3.0,50,300.0,800,True,,1133,ok,3,recuperado major de '3.0' (provável Nº perigo na coluna),3 — Líquidos inflamáveis,adesivos contendo um liquido inflamavel
345,Resina em solucao,1077.0,1866,30 ou 33,3.0,50,300.0,800,True,,1866,ok,3,recuperado major de '3.0' (provável Nº perigo na coluna),3 — Líquidos inflamáveis,resina em solucao
346,Tintas ou materias aparentadas as tintas,1730.0,1263,30 ou 33,3.0,50,300.0,800,True,,1263,ok,3,recuperado major de '3.0' (provável Nº perigo na coluna),3 — Líquidos inflamáveis,tintas ou materias aparentadas as tintas
347,Sucedaneo de essencia de terebentina,162660.0,1300,30,3.0,50,300.0,800,True,,1300,ok,3,recuperado major de '3.0' (provável Nº perigo na coluna),3 — Líquidos inflamáveis,sucedaneo de essencia de terebentina
348,Tintas ou materias aparentadas as tintas,15519.0,1263,30 ou 33,3.0,50,300.0,800,True,,1263,ok,3,recuperado major de '3.0' (provável Nº perigo na coluna),3 — Líquidos inflamáveis,tintas ou materias aparentadas as tintas
348,Sucedaneo de essencia de terebentina,143700.0,1300,30,3.0,50,300.0,800,True,,1300,ok,3,recuperado major de '3.0' (provável Nº perigo na coluna),3 — Líquidos inflamáveis,sucedaneo de essencia de terebentina
349,Sucedaneo de essencia de terebentina,285600.0,1300,30,3.0,50,300.0,800,True,,1300,ok,3,recuperado major de '3.0' (provável Nº perigo na coluna),3 — Líquidos inflamáveis,sucedaneo de essencia de terebentina
350,Sucedaneo de essencia de terebentina,167040.0,1300,30,3.0,50,300.0,800,True,,1300,ok,3,recuperado major de '3.0' (provável Nº perigo na coluna),3 — Líquidos inflamáveis,sucedaneo de essencia de terebentina
351,Butanol,400.0,1120,30 ou 33,3.0,50,300.0,800,True,,1120,ok,3,recuperado major de '3.0' (provável Nº perigo na coluna),3 — Líquidos inflamáveis,butanol
351,Acetato de butilo,200.0,1123,30 ou 33,3.0,50,300.0,800,True,,1123,ok,3,recuperado major de '3.0' (provável Nº perigo na coluna),3 — Líquidos inflamáveis,acetato de butilo
351,Tintas ou materias aparentadas as tintas,300.0,1263,30 ou 33,3.0,50,300.0,800,True,,1263,ok,3,recuperado major de '3.0' (provável Nº perigo na coluna),3 — Líquidos inflamáveis,tintas ou materias aparentadas as tintas
351,Sucedaneo de essencia de terebentina,400.0,1300,30,3.0,50,300.0,800,True,,1300,ok,3,recuperado major de '3.0' (provável Nº perigo na coluna),3 — Líquidos inflamáveis,sucedaneo de essencia de terebentina
351,Xilenos,200.0,1307,30,3.0,50,300.0,800,True,,1307,ok,3,recuperado major de '3.0' (provável Nº perigo na coluna),3 — Líquidos inflamáveis,xilenos
351,Acido cloridrico,100.0,1789,80,8.0,50,,800,True,,1789,ok,8,recuperado major de '8.0' (provável Nº perigo na coluna),8 — Matérias corrosivas,acido cloridrico
351,Resina em solucao,800.0,1866,30 ou 33,3.0,50,300.0,800,True,,1866,ok,3,recuperado major de '3.0' (provável Nº perigo na coluna),3 — Líquidos inflamáveis,resina em solucao
351,Liquido inflamavel n.s.a.,25.0,1993,30 ou 33,3.0,50,300.0,800,True,,1993,ok,3,recuperado major de '3.0' (provável Nº perigo na coluna),3 — Líquidos inflamáveis,liquido inflamavel n.s.a.
351,Amoniaco em solucao aquosa,50.0,2672,80,8.0,50,,800,True,contendo mais de 10% maximo 35%,2672,ok,8,recuperado major de '8.0' (provável Nº perigo na coluna),8 — Matérias corrosivas,amoniaco em solucao aquosa
351,Solido organico toxico n.s.a.,25.0,2811,60 ou 66,6.1,50,,800,True,,2811,ok,6.1,ok,6.1 — Matérias tóxicas,solido organico toxico n.s.a.
424,Diclorometano,24268.0,1593,60,6.1,50,100.0,800,True,,1593,ok,6.1,ok,6.1 — Matérias tóxicas,diclorometano
425,Tetracloroetileno,332.0,1897,60,6.1,50,100.0,800,True,,1897,ok,6.1,ok,6.1 — Matérias tóxicas,tetracloroetileno
426,Diisocianato de toluileno,20900.0,2078,60,6.1,50,,800,True,,2078,ok,6.1,ok,6.1 — Matérias tóxicas,diisocianato de toluileno
427,Resina em solucao,1975.0,1866,30 ou 33,3.0,50,300.0,800,True,,1866,ok,3,recuperado major de '3.0' (provável Nº perigo na coluna),3 — Líquidos inflamáveis,resina em solucao
428,Adesivos contendo um liquido inflamavel,52304.0,1133,30 ou 33,3.0,50,300.0,800,True,,1133,ok,3,recuperado major de '3.0' (provável Nº perigo na coluna),3 — Líquidos inflamáveis,adesivos contendo um liquido inflamavel
429,Adesivos contendo um liquido inflamavel,69.0,1133,30 ou 33,3.0,50,300.0,800,True,,1133,ok,3,recuperado major de '3.0' (provável Nº perigo na coluna),3 — Líquidos inflamáveis,adesivos contendo um liquido inflamavel
429,Isopropanol,72.0,1219,33,3.0,50,300.0,800,True,,1219,ok,3,recuperado major de '3.0' (provável Nº perigo na coluna),3 — Líquidos inflamáveis,isopropanol
429,Aerossois,744.0,1950,26,2.0,100,500.0,800,True,,1950,ok,2,recuperado major de '2.0' (provável Nº perigo na coluna),2 — Gases,aerossois
429,Liquido organico corrosivo basico n.s.a.,26.0,3267,80,8.0,50,,800,True,,3267,ok,8,recuperado major de '8.0' (provável Nº perigo na coluna),8 — Matérias corrosivas,liquido organico corrosivo basico n.s.a.
430,Nitrobenzeno,48000.0,1662,60,6.1,50,,800,True,,1662,ok,6.1,ok,6.1 — Matérias tóxicas,nitrobenzeno
431,Composto soluvel de chumbo n.s.a.,,2291,60,6.1,50,,800,True,,2291,ok,6.1,ok,6.1 — Matérias tóxicas,composto soluvel de chumbo n.s.a.
431,Materia perigosa do ponto de vista do ambiente solida n.s.a.,,3077,90,9.0,50,,800,True,,3077,ok,9,recuperado major de '9.0' (provável Nº perigo na coluna),9 — Matérias e objetos perigosos diversos,materia perigosa do ponto de vista do ambiente solida n.s.a.
432,Diisocianato de toluileno,20445.0,2078,60,6.1,50,,800,True,,2078,ok,6.1,ok,6.1 — Matérias tóxicas,diisocianato de toluileno
433,Tintas ou materias aparentadas as tintas,1911.0,1263,30 ou 33,3.0,50,300.0,800,True,,1263,ok,3,recuperado major de '3.0' (provável Nº perigo na coluna),3 — Líquidos inflamáveis,tintas ou materias aparentadas as tintas
434,Resina em solucao,2019.0,1866,30 ou 33,3.0,50,300.0,800,True,,1866,ok,3,recuperado major de '3.0' (provável Nº perigo na coluna),3 — Líquidos inflamáveis,resina em solucao
435,Tintas ou materias aparentadas as tintas,300.0,1263,30 ou 33,3.0,50,300.0,800,True,,1263,ok,3,recuperado major de '3.0' (provável Nº perigo na coluna),3 — Líquidos inflamáveis,tintas ou materias aparentadas as tintas
436,Adesivos contendo um liquido inflamavel,13018.0,1133,30 ou 33,3.0,50,300.0,800,True,,1133,ok,3,recuperado major de '3.0' (provável Nº perigo na coluna),3 — Líquidos inflamáveis,adesivos contendo um liquido inflamavel
437,Liquido inorganico corrosivo basico n.s.a.,23.0,3266,80,8.0,50,,800,True,,3266,ok,8,recuperado major de '8.0' (provável Nº perigo na coluna),8 — Matérias corrosivas,liquido inorganico corrosivo basico n.s.a.
438,Resina em solucao,4939.0,1866,30 ou 33,3.0,50,300.0,800,True,,1866,ok,3,recuperado major de '3.0' (provável Nº perigo na coluna),3 — Líquidos inflamáveis,resina em solucao
439,Aerossois,2105.0,1950,26,2.0,100,500.0,800,True,,1950,ok,2,recuperado major de '2.0' (provável Nº perigo na coluna),2 — Gases,aerossois
440,Adesivos contendo um liquido inflamavel,25140.0,1133,30 ou 33,3.0,50,300.0,800,True,,1133,ok,3,recuperado major de '3.0' (provável Nº perigo na coluna),3 — Líquidos inflamáveis,adesivos contendo um liquido inflamavel
441,Adesivos contendo um liquido inflamavel,25140.0,1133,30 ou 33,3.0,50,300.0,800,True,,1133,ok,3,recuperado major de '3.0' (provável Nº perigo na coluna),3 — Líquidos inflamáveis,adesivos contendo um liquido inflamavel
442,Hipoclorito de calcio hidratado,6800.0,2880,50,5.1,50,100.0,800,True,,2880,ok,5.1,ok,5.1 — Matérias comburentes,hipoclorito de calcio hidratado
443,Adesivos contendo um liquido inflamavel,18550.0,1133,30 ou 33,3.0,50,300.0,800,True,,1133,ok,3,recuperado major de '3.0' (provável Nº perigo na coluna),3 — Líquidos inflamáveis,adesivos contendo um liquido inflamavel
444,Sucedaneo de essencia de terebentina,384020.0,1300,30 ou 33,3.0,50,300.0,800,True,,1300,ok,3,recuperado major de '3.0' (provável Nº perigo na coluna),3 — Líquidos inflamáveis,sucedaneo de essencia de terebentina
445,Adesivos contendo um liquido inflamavel,14550.0,1133,30 ou 33,3.0,50,300.0,800,True,,1133,ok,3,recuperado major de '3.0' (provável Nº perigo na coluna),3 — Líquidos inflamáveis,adesivos contendo um liquido inflamavel
445,Resina em solucao,2670.0,1866,30 ou 33,3.0,50,300.0,800,True,,1866,ok,3,recuperado major de '3.0' (provável Nº perigo na coluna),3 — Líquidos inflamáveis,resina em solucao
446,Diisocianato de toluileno,20900.0,2078,60,6.1,50,,800,True,,2078,ok,6.1,ok,6.1 — Matérias tóxicas,diisocianato de toluileno
447,Sucedaneo de essencia de terebentina,208120.0,1300,30 ou 33,3.0,50,300.0,800,True,,1300,ok,3,recuperado major de '3.0' (provável Nº perigo na coluna),3 — Líquidos inflamáveis,sucedaneo de essencia de terebentina
448,Composto soluvel de chumbo n.s.a.,300.0,2291,60,6.1,50,,800,True,,2291,ok,6.1,ok,6.1 — Matérias tóxicas,composto soluvel de chumbo n.s.a.
448,Materia perigosa do ponto de vista do ambiente solida n.s.a.,6097.0,3077,90,9.0,50,,800,True,,3077,ok,9,recuperado major de '9.0' (provável Nº perigo na coluna),9 — Matérias e objetos perigosos diversos,materia perigosa do ponto de vista do ambiente solida n.s.a.
449,Tintas ou materias aparentadas as tintas,1800.0,1263,30 ou 33,3.0,50,300.0,800,True,,1263,ok,3,recuperado major de '3.0' (provável Nº perigo na coluna),3 — Líquidos inflamáveis,tintas ou materias aparentadas as tintas
449,Liquido inflamavel n.s.a.,600.0,1993,30 ou 33,3.0,50,300.0,800,True,,1993,ok,3,recuperado major de '3.0' (provável Nº perigo na coluna),3 — Líquidos inflamáveis,liquido inflamavel n.s.a.
450,Resina em solucao,2964.0,1866,30 ou 33,3.0,50,300.0,800,True,,1866,ok,3,recuperado major de '3.0' (provável Nº perigo na coluna),3 — Líquidos inflamáveis,resina em solucao
451,Sucedaneo de essencia de terebentina,191500.0,1300,30 ou 33,3.0,50,300.0,800,True,,1300,ok,3,recuperado major de '3.0' (provável Nº perigo na coluna),3 — Líquidos inflamáveis,sucedaneo de essencia de terebentina
452,Liquido inflamavel n.s.a.,11020.0,1993,30 ou 33,3.0,50,300.0,800,True,,1993,ok,3,recuperado major de '3.0' (provável Nº perigo na coluna),3 — Líquidos inflamáveis,liquido inflamavel n.s.a.
453,Adesivos contendo um liquido inflamavel,25140.0,1133,30 ou 33,3.0,50,300.0,800,True,,1133,ok,3,recuperado major de '3.0' (provável Nº perigo na coluna),3 — Líquidos inflamáveis,adesivos contendo um liquido inflamavel
454,Resina em solucao,14000.0,1866,30 ou 33,3.0,50,300.0,800,True,,1866,ok,3,recuperado major de '3.0' (provável Nº perigo na coluna),3 — Líquidos inflamáveis,resina em solucao
455,Sucedaneo de essencia de terebentina,189550.0,1300,30 ou 33,3.0,50,300.0,800,True,,1300,ok,3,recuperado major de '3.0' (provável Nº perigo na coluna),3 — Líquidos inflamáveis,sucedaneo de essencia de terebentina
456,Adesivos contendo um liquido inflamavel,21576.0,1133,30 ou 33,3.0,50,300.0,800,True,,1133,ok,3,recuperado major de '3.0' (provável Nº perigo na coluna),3 — Líquidos inflamáveis,adesivos contendo um liquido inflamavel
456,Diclorometano,1200.0,1593,60,6.1,50,100.0,800,True,,1593,ok,6.1,ok,6.1 — Matérias tóxicas,diclorometano
457,Sucedaneo de essencia de terebentina,166200.0,1300,30 ou 33,3.0,50,300.0,800,True,,1300,ok,3,recuperado major de '3.0' (provável Nº perigo na coluna),3 — Líquidos inflamáveis,sucedaneo de essencia de terebentina
458,Sucedaneo de essencia de terebentina,166590.0,1300,30 ou 33,3.0,50,300.0,800,True,,1300,ok,3,recuperado major de '3.0' (provável Nº perigo na coluna),3 — Líquidos inflamáveis,sucedaneo de essencia de terebentina
459,Adesivos contendo um liquido inflamavel,10080.0,1133,30 ou 33,3.0,50,300.0,800,True,,1133,ok,3,recuperado major de '3.0' (provável Nº perigo na coluna),3 — Líquidos inflamáveis,adesivos contendo um liquido inflamavel
459,Diclorometano,2400.0,1593,60,6.1,50,100.0,800,True,,1593,ok,6.1,ok,6.1 — Matérias tóxicas,diclorometano
460,Adesivos contendo um liquido inflamavel,47.0,1133,30 ou 33,3.0,50,300.0,800,True,,1133,ok,3,recuperado major de '3.0' (provável Nº perigo na coluna),3 — Líquidos inflamáveis,adesivos contendo um liquido inflamavel
460,Isopropanol,7.0,1219,33,3.0,50,300.0,800,True,,1219,ok,3,recuperado major de '3.0' (provável Nº perigo na coluna),3 — Líquidos inflamáveis,isopropanol
460,Resina em solucao,387.0,1866,30 ou 33,3.0,50,300.0,800,True,,1866,ok,3,recuperado major de '3.0' (provável Nº perigo na coluna),3 — Líquidos inflamáveis,resina em solucao
460,Aerossois,682.0,1950,26,2.0,100,500.0,800,True,,1950,ok,2,recuperado major de '2.0' (provável Nº perigo na coluna),2 — Gases,aerossois
460,Liquido organico corrosivo basico n.s.a.,12.0,3267,80,8.0,50,,800,True,,3267,ok,8,recuperado major de '8.0' (provável Nº perigo na coluna),8 — Matérias corrosivas,liquido organico corrosivo basico n.s.a.
461,Butanol,170.0,1120,30 ou 33,3.0,50,300.0,800,True,,1120,ok,3,recuperado major de '3.0' (provável Nº perigo na coluna),3 — Líquidos inflamáveis,butanol
461,Acetato de butilo,170.0,1123,30 ou 33,3.0,50,300.0,800,True,,1123,ok,3,recuperado major de '3.0' (provável Nº perigo na coluna),3 — Líquidos inflamáveis,acetato de butilo
461,Sucedaneo de essencia de terebentina,850.0,1300,30 ou 33,3.0,50,300.0,800,True,,1300,ok,3,recuperado major de '3.0' (provável Nº perigo na coluna),3 — Líquidos inflamáveis,sucedaneo de essencia de terebentina
461,Tintas ou materias aparentadas as tintas,800.0,1263,30 ou 33,3.0,50,300.0,800,True,,1263,ok,3,recuperado major de '3.0' (provável Nº perigo na coluna),3 — Líquidos inflamáveis,tintas ou materias aparentadas as tintas
461,Xilenos,340.0,1307,30 ou 33,3.0,50,300.0,800,True,,1307,ok,3,recuperado major de '3.0' (provável Nº perigo na coluna),3 — Líquidos inflamáveis,xilenos
461,Resina em solucao,925.0,1866,30 ou 33,3.0,50,300.0,800,True,,1866,ok,3,recuperado major de '3.0' (provável Nº perigo na coluna),3 — Líquidos inflamáveis,resina em solucao
461,Liquido inflamavel n.s.a.,55.0,1993,30 ou 33,3.0,50,300.0,800,True,,1993,ok,3,recuperado major de '3.0' (provável Nº perigo na coluna),3 — Líquidos inflamáveis,liquido inflamavel n.s.a.
462,Resina em solucao,15200.0,1866,30 ou 33,3.0,50,300.0,800,True,,1866,ok,3,recuperado major de '3.0' (provável Nº perigo na coluna),3 — Líquidos inflamáveis,resina em solucao
351,Materia perigosa do ponto de vista do ambiente liquida n.s.a,425.0,3082,90,9.0,50,,800,True,,3082,ok,9,recuperado major de '9.0' (provável Nº perigo na coluna),9 — Matérias e objetos perigosos diversos,materia perigosa do ponto de vista do ambiente liquida n.s.a
351,Liquido organico corrosivo acido n.s.a.,50.0,3265,80,8.0,50,,800,True,,3265,ok,8,recuperado major de '8.0' (provável Nº perigo na coluna),8 — Matérias corrosivas,liquido organico corrosivo acido n.s.a.
352,Resina em solucao,2680.0,1866,30 ou 33,3.0,50,300.0,800,True,,1866,ok,3,recuperado major de '3.0' (provável Nº perigo na coluna),3 — Líquidos inflamáveis,resina em solucao
353,Resina em solucao,1969.0,1866,30 ou 33,3.0,50,300.0,800,True,,1866,ok,3,recuperado major de '3.0' (provável Nº perigo na coluna),3 — Líquidos inflamáveis,resina em solucao
354,Dioxido de carbono,1125.0,1013,20,2.0,100,,800,False,,1013,ok,2,recuperado major de '2.0' (provável Nº perigo na coluna),2 — Gases,dioxido de carbono
355,Nitrobenzeno,24000.0,1662,60,6.1,50,,800,True,,1662,ok,6.1,ok,6.1 — Matérias tóxicas,nitrobenzeno
356,Nitrobenzeno,24000.0,1662,60,6.1,50,,800,True,,1662,ok,6.1,ok,6.1 — Matérias tóxicas,nitrobenzeno
357,Anilina,16000.0,1547,60,6.1,50,,800,True,,1547,ok,6.1,ok,6.1 — Matérias tóxicas,anilina
358,Nitrobenzeno,24000.0,1662,60,6.1,50,,800,True,,1662,ok,6.1,ok,6.1 — Matérias tóxicas,nitrobenzeno
359,Nitrobenzeno,24000.0,1662,60,6.1,50,,800,True,,1662,ok,6.1,ok,6.1 — Matérias tóxicas,nitrobenzeno
360,Nitrobenzeno,48000.0,1662,60,6.1,50,,800,True,,1662,ok,6.1,ok,6.1 — Matérias tóxicas,nitrobenzeno
361,Acetato de etilo,180.0,1173,33,3.0,50,300.0,800,True,,1173,ok,3,recuperado major de '3.0' (provável Nº perigo na coluna),3 — Líquidos inflamáveis,acetato de etilo
361,Tintas ou materias aparentadas as tintas,1822.0,1263,33,3.0,50,300.0,800,True,,1263,ok,3,recuperado major de '3.0' (provável Nº perigo na coluna),3 — Líquidos inflamáveis,tintas ou materias aparentadas as tintas
361,Tolueno,540.0,1294,33,3.0,50,300.0,800,True,,1294,ok,3,recuperado major de '3.0' (provável Nº perigo na coluna),3 — Líquidos inflamáveis,tolueno
361,Sucedaneo de essencia de terebentina,495.0,1300,30,3.0,50,300.0,800,True,,1300,ok,3,recuperado major de '3.0' (provável Nº perigo na coluna),3 — Líquidos inflamáveis,sucedaneo de essencia de terebentina
361,Xilenos,300.0,1307,33,3.0,50,300.0,800,True,,1307,ok,3,recuperado major de '3.0' (provável Nº perigo na coluna),3 — Líquidos inflamáveis,xilenos
361,Resina em solucao,1000.0,1866,33,3.0,50,300.0,800,True,,1866,ok,3,recuperado major de '3.0' (provável Nº perigo na coluna),3 — Líquidos inflamáveis,resina em solucao
361,Liquido inflamavel toxico n.s.a.,120.0,1992,336,3.0,50,,800,True,,1992,ok,3,recuperado major de '3.0' (provável Nº perigo na coluna),3 — Líquidos inflamáveis,liquido inflamavel toxico n.s.a.
361,Liquido inflamavel n.s.a.,38.0,1993,33,3.0,50,300.0,800,True,,1993,ok,3,recuperado major de '3.0' (provável Nº perigo na coluna),3 — Líquidos inflamáveis,liquido inflamavel n.s.a.
361,Solido organico toxico n.s.a.,50.0,2811,66,6.1,50,,800,True,,2811,ok,6.1,ok,6.1 — Matérias tóxicas,solido organico toxico n.s.a.
361,Materia perigosa do ponto de vista do ambiente liquida n.s.a,200.0,3082,90,9.0,50,,800,True,,3082,ok,9,recuperado major de '9.0' (provável Nº perigo na coluna),9 — Matérias e objetos perigosos diversos,materia perigosa do ponto de vista do ambiente liquida n.s.a
361,Liquido organico corrosivo acido n.s.a.,50.0,3265,80,8.0,50,,800,True,,3265,ok,8,recuperado major de '8.0' (provável Nº perigo na coluna),8 — Matérias corrosivas,liquido organico corrosivo acido n.s.a.
362,Nitrobenzeno,48000.0,1662,60,6.1,50,,800,True,,1662,ok,6.1,ok,6.1 — Matérias tóxicas,nitrobenzeno
363,Nitrobenzeno,24000.0,1662,60,6.1,50,,800,True,,1662,ok,6.1,ok,6.1 — Matérias tóxicas,nitrobenzeno
364,Tintas ou materias aparentadas as tintas,2228.0,1263,30 ou 33,3.0,50,300.0,800,True,,1263,ok,3,recuperado major de '3.0' (provável Nº perigo na coluna),3 — Líquidos inflamáveis,tintas ou materias aparentadas as tintas
365,Resina em solucao,3105.0,1866,30 ou 33,3.0,50,300.0,800,True,,1866,ok,3,recuperado major de '3.0' (provável Nº perigo na coluna),3 — Líquidos inflamáveis,resina em solucao
366,Dioxido de carbono,562.0,1013,20,2.0,100,,800,False,,1013,ok,2,recuperado major de '2.0' (provável Nº perigo na coluna),2 — Gases,dioxido de carbono
367,Helio comprimido,35.0,1046,20,2.0,100,100.0,800,False,,1046,ok,2,recuperado major de '2.0' (provável Nº perigo na coluna),2 — Gases,helio comprimido
368,Hidroxido de sodio em solucao,28650.0,1824,80,8.0,50,,800,True,,1824,ok,8,recuperado major de '8.0' (provável Nº perigo na coluna),8 — Matérias corrosivas,hidroxido de sodio em solucao
369,Liquido inflamavel n.s.a.,5050.0,1993,30 ou 33,3.0,50,300.0,800,True,,1993,ok,3,recuperado major de '3.0' (provável Nº perigo na coluna),3 — Líquidos inflamáveis,liquido inflamavel n.s.a.
370,Tintas ou materias aparentadas as tintas,2374.0,1263,30 ou 33,3.0,50,300.0,800,True,,1263,ok,3,recuperado major de '3.0' (provável Nº perigo na coluna),3 — Líquidos inflamáveis,tintas ou materias aparentadas as tintas
371,Resina em solucao,2742.0,1866,30 ou 33,3.0,50,300.0,800,True,,1866,ok,3,recuperado major de '3.0' (provável Nº perigo na coluna),3 — Líquidos inflamáveis,resina em solucao
372,Adesivos contendo um liquido inflamavel,6696.0,1133,30 ou 33,3.0,50,300.0,800,True,,1133,ok,3,recuperado major de '3.0' (provável Nº perigo na coluna),3 — Líquidos inflamáveis,adesivos contendo um liquido inflamavel
373,Adesivos contendo um liquido inflamavel,6696.0,1133,33,3.0,50,300.0,800,True,,1133,ok,3,recuperado major de '3.0' (provável Nº perigo na coluna),3 — Líquidos inflamáveis,adesivos contendo um liquido inflamavel
374,Tintas ou materias aparentadas as tintas,519.0,1263,30 ou 33,3.0,50,300.0,800,True,,1263,ok,3,recuperado major de '3.0' (provável Nº perigo na coluna),3 — Líquidos inflamáveis,tintas ou materias aparentadas as tintas
374,Tolueno,180.0,1294,33,3.0,50,300.0,800,True,,1294,ok,3,recuperado major de '3.0' (provável Nº perigo na coluna),3 — Líquidos inflamáveis,tolueno
374,Sucedaneo de essencia de terebentina,180.0,1300,30 ou 33,3.0,50,300.0,800,True,,1300,ok,3,recuperado major de '3.0' (provável Nº perigo na coluna),3 — Líquidos inflamáveis,sucedaneo de essencia de terebentina
374,Xilenos,280.0,1307,30 ou 33,3.0,50,300.0,800,True,,1307,ok,3,recuperado major de '3.0' (provável Nº perigo na coluna),3 — Líquidos inflamáveis,xilenos
374,Resina em solucao,430.0,1866,30 ou 33,3.0,50,300.0,800,True,,1866,ok,3,recuperado major de '3.0' (provável Nº perigo na coluna),3 — Líquidos inflamáveis,resina em solucao
374,Liquido inflamavel n.s.a.,32.0,1993,30 ou 33,3.0,50,300.0,800,True,,1993,ok,3,recuperado major de '3.0' (provável Nº perigo na coluna),3 — Líquidos inflamáveis,liquido inflamavel n.s.a.
374,Metoxi-1 Propanol-2,50.0,3092,30 ou 33,3.0,50,300.0,800,True,,3092,ok,3,recuperado major de '3.0' (provável Nº perigo na coluna),3 — Líquidos inflamáveis,metoxi-1 propanol-2
375,Nitrobenzeno,22880.0,1662,60,6.1,50,,800,True,,1662,ok,6.1,ok,6.1 — Matérias tóxicas,nitrobenzeno
376,Dioxido de carbono,900.0,1013,20,2.0,100,,800,False,,1013,ok,2,recuperado major de '2.0' (provável Nº perigo na coluna),2 — Gases,dioxido de carbono
377,Aerossois,957.0,1950,26,2.0,100,500.0,800,True,,1950,ok,2,recuperado major de '2.0' (provável Nº perigo na coluna),2 — Gases,aerossois
377,Liquido inflamavel n.s.a.,162.0,1993,30 ou 33,3.0,50,300.0,800,True,,1993,ok,3,recuperado major de '3.0' (provável Nº perigo na coluna),3 — Líquidos inflamáveis,liquido inflamavel n.s.a.
378,Nitrobenzeno,48000.0,1662,60,6.1,50,,800,True,,1662,ok,6.1,ok,6.1 — Matérias tóxicas,nitrobenzeno
379,Tintas ou materias aparentadas as tintas,1700.0,1263,30 ou 33,3.0,50,300.0,800,True,,1263,ok,3,recuperado major de '3.0' (provável Nº perigo na coluna),3 — Líquidos inflamáveis,tintas ou materias aparentadas as tintas
379,Tolueno,470.0,1294,33,3.0,50,300.0,800,True,,1294,ok,3,recuperado major de '3.0' (provável Nº perigo na coluna),3 — Líquidos inflamáveis,tolueno
379,Sucedaneo de essencia de terebentina,470.0,1300,30 ou 33,3.0,50,300.0,800,True,,1300,ok,3,recuperado major de '3.0' (provável Nº perigo na coluna),3 — Líquidos inflamáveis,sucedaneo de essencia de terebentina
379,Xilenos,470.0,1307,30 ou 33,3.0,50,300.0,800,True,,1307,ok,3,recuperado major de '3.0' (provável Nº perigo na coluna),3 — Líquidos inflamáveis,xilenos
379,Resina em solucao,1210.0,1866,30 ou 33,3.0,50,300.0,800,True,,1866,ok,3,recuperado major de '3.0' (provável Nº perigo na coluna),3 — Líquidos inflamáveis,resina em solucao
379,Liquido inflamavel n.s.a.,35.0,1993,30 ou 33,3.0,50,300.0,800,True,,1993,ok,3,recuperado major de '3.0' (provável Nº perigo na coluna),3 — Líquidos inflamáveis,liquido inflamavel n.s.a.
379,Metoxi-1 Propanol-2,119.0,3092,30 ou 33,3.0,50,300.0,800,True,,3092,ok,3,recuperado major de '3.0' (provável Nº perigo na coluna),3 — Líquidos inflamáveis,metoxi-1 propanol-2
380,Nitrobenzeno,24000.0,1662,60,6.1,50,,800,True,,1662,ok,6.1,ok,6.1 — Matérias tóxicas,nitrobenzeno
381,Resina em solucao,6713.0,1866,30 ou 33,3.0,50,300.0,800,True,,1866,ok,3,recuperado major de '3.0' (provável Nº perigo na coluna),3 — Líquidos inflamáveis,resina em solucao
382,Resina em solucao,16000.0,1866,30 ou 33,3.0,50,300.0,800,True,,1866,ok,3,recuperado major de '3.0' (provável Nº perigo na coluna),3 — Líquidos inflamáveis,resina em solucao
383,Nitrobenzeno,24000.0,1662,60,6.1,50,,800,True,,1662,ok,6.1,ok,6.1 — Matérias tóxicas,nitrobenzeno
384,Adesivos contendo um liquido inflamavel,512.0,1133,33,3.0,50,300.0,800,True,,1133,ok,3,recuperado major de '3.0' (provável Nº perigo na coluna),3 — Líquidos inflamáveis,adesivos contendo um liquido inflamavel
384,Tintas ou materias aparentadas as tintas,519.0,1263,30 ou 33,3.0,50,300.0,800,True,,1263,ok,3,recuperado major de '3.0' (provável Nº perigo na coluna),3 — Líquidos inflamáveis,tintas ou materias aparentadas as tintas
385,Tintas ou materias aparentadas as tintas,37841.0,1263,30 ou 33,3.0,50,300.0,800,True,,1263,ok,3,recuperado major de '3.0' (provável Nº perigo na coluna),3 — Líquidos inflamáveis,tintas ou materias aparentadas as tintas
386,Adesivos contendo um liquido inflamavel,23351.0,1133,33,3.0,50,300.0,800,True,,1133,ok,3,recuperado major de '3.0' (provável Nº perigo na coluna),3 — Líquidos inflamáveis,adesivos contendo um liquido inflamavel
387,Tintas ou materias aparentadas as tintas,,1263,30 ou 33,3.0,50,300.0,800,True,,1263,ok,3,recuperado major de '3.0' (provável Nº perigo na coluna),3 — Líquidos inflamáveis,tintas ou materias aparentadas as tintas
387,Liquido inflamavel toxico n.s.a.,,1992,33,3.0,50,,800,True,,1992,ok,3,recuperado major de '3.0' (provável Nº perigo na coluna),3 — Líquidos inflamáveis,liquido inflamavel toxico n.s.a.
388,Composto soluvel de chumbo n.s.a.,6534.0,2291,60,6.1,50,,800,True,,2291,ok,6.1,ok,6.1 — Matérias tóxicas,composto soluvel de chumbo n.s.a.
389,Sucedaneo de essencia de terebentina,129.0,1300,30,3.0,50,300.0,800,True,,1300,ok,3,recuperado major de '3.0' (provável Nº perigo na coluna),3 — Líquidos inflamáveis,sucedaneo de essencia de terebentina
390,Nitrobenzeno,22000.0,1662,60,6.1,50,,800,True,,1662,ok,6.1,ok,6.1 — Matérias tóxicas,nitrobenzeno
391,Nitrobenzeno,22000.0,1662,60,6.1,50,,800,True,,1662,ok,6.1,ok,6.1 — Matérias tóxicas,nitrobenzeno
391,Resina em solucao,2254.0,1866,30 ou 33,3.0,50,300.0,800,True,,1866,ok,3,recuperado major de '3.0' (provável Nº perigo na coluna),3 — Líquidos inflamáveis,resina em solucao
392,Nitrobenzeno,22000.0,1662,60,6.1,50,,800,True,,1662,ok,6.1,ok,6.1 — Matérias tóxicas,nitrobenzeno
393,Nitrobenzeno,22000.0,1662,60,6.1,50,,800,True,,1662,ok,6.1,ok,6.1 — Matérias tóxicas,nitrobenzeno
394,Nitrobenzeno,22000.0,1662,60,6.1,50,,800,True,,1662,ok,6.1,ok,6.1 — Matérias tóxicas,nitrobenzeno
395,Adesivos contendo um liquido inflamavel,20000.0,1133,33,3.0,50,300.0,800,True,,1133,ok,3,recuperado major de '3.0' (provável Nº perigo na coluna),3 — Líquidos inflamáveis,adesivos contendo um liquido inflamavel
396,Ferro-silicio,48484.0,1408,462,4.3,50,,800,True,,1408,ok,4.3,ok,4.3 — Em contacto c/ água libertam gases inflamáveis,ferro-silicio
397,Resina em solucao,9107.0,1866,30 ou 33,3.0,50,300.0,800,True,,1866,ok,3,recuperado major de '3.0' (provável Nº perigo na coluna),3 — Líquidos inflamáveis,resina em solucao
397,Produtos de perfumaria,6480.0,1266,30,3.0,50,300.0,800,True,,1266,ok,3,recuperado major de '3.0' (provável Nº perigo na coluna),3 — Líquidos inflamáveis,produtos de perfumaria
398,Anilina,16000.0,1547,60,6.1,50,,800,True,,1547,ok,6.1,ok,6.1 — Matérias tóxicas,anilina
398,Nitrobenzeno,22000.0,1662,60,6.1,50,,800,True,,1662,ok,6.1,ok,6.1 — Matérias tóxicas,nitrobenzeno
399,Nitrobenzeno,22000.0,1662,60,6.1,50,,800,True,,1662,ok,6.1,ok,6.1 — Matérias tóxicas,nitrobenzeno
400,Acetato de butilo,100.0,1123,30 ou 33,3.0,50,300.0,800,True,,1123,ok,3,recuperado major de '3.0' (provável Nº perigo na coluna),3 — Líquidos inflamáveis,acetato de butilo
400,Acetato de etilo,40.0,1173,33,3.0,50,300.0,800,True,,1173,ok,3,recuperado major de '3.0' (provável Nº perigo na coluna),3 — Líquidos inflamáveis,acetato de etilo
400,Oxido de mesitilo,40.0,1229,30,3.0,50,300.0,800,True,,1229,ok,3,recuperado major de '3.0' (provável Nº perigo na coluna),3 — Líquidos inflamáveis,oxido de mesitilo
400,Tintas ou materias aparentadas as tintas,60.0,1263,30 ou 33,3.0,50,300.0,800,True,,1263,ok,3,recuperado major de '3.0' (provável Nº perigo na coluna),3 — Líquidos inflamáveis,tintas ou materias aparentadas as tintas
400,Xilenos,80.0,1307,30 ou 33,3.0,50,300.0,800,True,,1307,ok,3,recuperado major de '3.0' (provável Nº perigo na coluna),3 — Líquidos inflamáveis,xilenos
400,Hipoclorito em solucao,75.0,1791,80,8.0,50,,800,True,,1791,ok,8,recuperado major de '8.0' (provável Nº perigo na coluna),8 — Matérias corrosivas,hipoclorito em solucao
400,Resina em solucao,225.0,1866,30 ou 33,3.0,50,300.0,800,True,,1866,ok,3,recuperado major de '3.0' (provável Nº perigo na coluna),3 — Líquidos inflamáveis,resina em solucao
400,Liquido inflamavel n.s.a.,10.0,1993,30 ou 33,3.0,50,300.0,800,True,,1993,ok,3,recuperado major de '3.0' (provável Nº perigo na coluna),3 — Líquidos inflamáveis,liquido inflamavel n.s.a.
400,Materia perigosa do ponto de vista do ambiente liquida n.s.a,54.0,3082,90,9.0,50,,800,True,,3082,ok,9,recuperado major de '9.0' (provável Nº perigo na coluna),9 — Matérias e objetos perigosos diversos,materia perigosa do ponto de vista do ambiente liquida n.s.a
400,Esteres n.s.a.,40.0,3272,30 ou 33,3.0,50,300.0,800,True,,3272,ok,3,recuperado major de '3.0' (provável Nº perigo na coluna),3 — Líquidos inflamáveis,esteres n.s.a.
401,Tintas ou materias aparentadas as tintas,160.0,1263,30 ou 33,3.0,50,300.0,800,True,,1263,ok,3,recuperado major de '3.0' (provável Nº perigo na coluna),3 — Líquidos inflamáveis,tintas ou materias aparentadas as tintas
402,Nitrobenzeno,22000.0,1662,60,6.1,50,,800,True,,1662,ok,6.1,ok,6.1 — Matérias tóxicas,nitrobenzeno
403,Acido fosforico em solucao,21260.0,1805,80,8.0,50,,800,True,,1805,ok,8,recuperado major de '8.0' (provável Nº perigo na coluna),8 — Matérias corrosivas,acido fosforico em solucao
404,Acido fosforico em solucao,0.0,1805,80,8.0,50,,800,True,,1805,ok,8,recuperado major de '8.0' (provável Nº perigo na coluna),8 — Matérias corrosivas,acido fosforico em solucao
405,Diisocianato de toluileno,21000.0,2078,60,6.1,50,,800,True,,2078,ok,6.1,ok,6.1 — Matérias tóxicas,diisocianato de toluileno
406,Nitrobenzeno,22000.0,1662,60,6.1,50,,800,True,,1662,ok,6.1,ok,6.1 — Matérias tóxicas,nitrobenzeno
407,Diisocianato de toluileno,20000.0,2078,60,6.1,50,,800,True,,2078,ok,6.1,ok,6.1 — Matérias tóxicas,diisocianato de toluileno
407,Liquido inflamavel n.s.a.,8550.0,1993,30 ou 33,3.0,50,300.0,800,True,,1993,ok,3,recuperado major de '3.0' (provável Nº perigo na coluna),3 — Líquidos inflamáveis,liquido inflamavel n.s.a.
407,Resina em solucao,4310.0,1866,30 ou 33,3.0,50,300.0,800,True,,1866,ok,3,recuperado major de '3.0' (provável Nº perigo na coluna),3 — Líquidos inflamáveis,resina em solucao
408,Adesivos contendo um liquido inflamavel,930.0,1133,33,3.0,50,300.0,800,True,,1133,ok,3,recuperado major de '3.0' (provável Nº perigo na coluna),3 — Líquidos inflamáveis,adesivos contendo um liquido inflamavel
409,Nitrobenzeno,22400.0,1662,60,6.1,50,,800,True,,1662,ok,6.1,ok,6.1 — Matérias tóxicas,nitrobenzeno
410,Adesivos contendo um liquido inflamavel,25140.0,1133,33,3.0,50,300.0,800,True,,1133,ok,3,recuperado major de '3.0' (provável Nº perigo na coluna),3 — Líquidos inflamáveis,adesivos contendo um liquido inflamavel
410,Tintas ou materias aparentadas as tintas,2000.0,1263,30 ou 33,3.0,50,300.0,800,True,,1263,ok,3,recuperado major de '3.0' (provável Nº perigo na coluna),3 — Líquidos inflamáveis,tintas ou materias aparentadas as tintas
410,Liquido inflamavel n.s.a.,360.0,1993,30 ou 33,3.0,50,300.0,800,True,,1993,ok,3,recuperado major de '3.0' (provável Nº perigo na coluna),3 — Líquidos inflamáveis,liquido inflamavel n.s.a.
411,Resina em solucao,3255.0,1866,30 ou 33,3.0,50,300.0,800,True,,1866,ok,3,recuperado major de '3.0' (provável Nº perigo na coluna),3 — Líquidos inflamáveis,resina em solucao
412,Composto soluvel de chumbo n.s.a.,2044.0,2291,60,6.1,50,,800,True,,2291,ok,6.1,ok,6.1 — Matérias tóxicas,composto soluvel de chumbo n.s.a.
412,Materia perigosa do ponto de vista do ambiente solida n.s.a.,8573.0,3077,90,9.0,50,,800,True,,3077,ok,9,recuperado major de '9.0' (provável Nº perigo na coluna),9 — Matérias e objetos perigosos diversos,materia perigosa do ponto de vista do ambiente solida n.s.a.
413,Adesivos contendo um liquido inflamavel,47000.0,1133,30 ou 33,3.0,50,300.0,800,True,,1133,ok,3,recuperado major de '3.0' (provável Nº perigo na coluna),3 — Líquidos inflamáveis,adesivos contendo um liquido inflamavel
414,Diisocianato de toluileno,20800.0,2078,60,6.1,50,,800,True,,2078,ok,6.1,ok,6.1 — Matérias tóxicas,diisocianato de toluileno
415,Resina em solucao,4665.0,1866,30 ou 33,3.0,50,300.0,800,True,,1866,ok,3,recuperado major de '3.0' (provável Nº perigo na coluna),3 — Líquidos inflamáveis,resina em solucao
416,Tintas ou materias aparentadas as tintas,1863.0,1263,33,3.0,50,300.0,800,True,,1263,ok,3,recuperado major de '3.0' (provável Nº perigo na coluna),3 — Líquidos inflamáveis,tintas ou materias aparentadas as tintas
416,Liquido inflamavel toxico n.s.a.,46.0,1992,336,3.0,50,,800,True,,1992,ok,3,recuperado major de '3.0' (provável Nº perigo na coluna),3 — Líquidos inflamáveis,liquido inflamavel toxico n.s.a.
417,Diclorometano,16640.0,1593,60,6.1,50,100.0,800,True,,1593,ok,6.1,ok,6.1 — Matérias tóxicas,diclorometano
418,Anilina,16000.0,1547,60,6.1,50,,800,True,,1547,ok,6.1,ok,6.1 — Matérias tóxicas,anilina
419,Anilina,16000.0,1547,60,6.1,50,,800,True,,1547,ok,6.1,ok,6.1 — Matérias tóxicas,anilina
420,Tintas ou materias aparentadas as tintas,25640.0,1263,30 ou 33,3.0,50,300.0,800,True,,1263,ok,3,recuperado major de '3.0' (provável Nº perigo na coluna),3 — Líquidos inflamáveis,tintas ou materias aparentadas as tintas
421,Tintas ou materias aparentadas as tintas,22300.0,1263,30 ou 33,3.0,50,300.0,800,True,,1263,ok,3,recuperado major de '3.0' (provável Nº perigo na coluna),3 — Líquidos inflamáveis,tintas ou materias aparentadas as tintas
422,Tintas ou materias aparentadas as tintas,813.0,1263,30 ou 33,3.0,50,300.0,800,True,,1263,ok,3,recuperado major de '3.0' (provável Nº perigo na coluna),3 — Líquidos inflamáveis,tintas ou materias aparentadas as tintas
422,Liquido organico toxico n.s.a.,24.0,2810,60,6.1,50,,800,True,,2810,ok,6.1,ok,6.1 — Matérias tóxicas,liquido organico toxico n.s.a.
423,Adesivos contendo um liquido inflamavel,,1133,30 ou 33,3.0,50,300.0,800,True,,1133,ok,3,recuperado major de '3.0' (provável Nº perigo na coluna),3 — Líquidos inflamáveis,adesivos contendo um liquido inflamavel
423,Diclorometano,,1593,60,6.1,50,100.0,800,True,,1593,ok,6.1,ok,6.1 — Matérias tóxicas,diclorometano
462,Diisocianato de toluileno,20900.0,2078,60,6.1,50,,800,True,,2078,ok,6.1,ok,6.1 — Matérias tóxicas,diisocianato de toluileno
463,Resina em solucao,3767.0,1866,30 ou 33,3.0,50,300.0,800,True,,1866,ok,3,recuperado major de '3.0' (provável Nº perigo na coluna),3 — Líquidos inflamáveis,resina em solucao
464,Dioxido de carbono,0.0,1013,20,2.0,100,,800,False,,1013,ok,2,recuperado major de '2.0' (provável Nº perigo na coluna),2 — Gases,dioxido de carbono
465,Adesivos contendo um liquido inflamavel,21576.0,1133,30 ou 33,3.0,50,300.0,800,True,,1133,ok,3,recuperado major de '3.0' (provável Nº perigo na coluna),3 — Líquidos inflamáveis,adesivos contendo um liquido inflamavel
465,Diclorometano,1725.0,1593,60,6.1,50,100.0,800,True,,1593,ok,6.1,ok,6.1 — Matérias tóxicas,diclorometano
466,Tintas ou materias aparentadas as tintas,1278.0,1263,30 ou 33,3.0,50,300.0,800,True,,1263,ok,3,recuperado major de '3.0' (provável Nº perigo na coluna),3 — Líquidos inflamáveis,tintas ou materias aparentadas as tintas
467,Adesivos contendo um liquido inflamavel,1488.0,1133,30 ou 33,3.0,50,300.0,800,True,,1133,ok,3,recuperado major de '3.0' (provável Nº perigo na coluna),3 — Líquidos inflamáveis,adesivos contendo um liquido inflamavel
467,Diclorometano,1875.0,1593,60,6.1,50,100.0,800,True,,1593,ok,6.1,ok,6.1 — Matérias tóxicas,diclorometano
468,Tintas ou materias aparentadas as tintas,100.0,1263,30 ou 33,3.0,50,300.0,800,True,,1263,ok,3,recuperado major de '3.0' (provável Nº perigo na coluna),3 — Líquidos inflamáveis,tintas ou materias aparentadas as tintas
469,Diisocianato de toluileno,20500.0,2078,60,6.1,50,,800,True,,2078,ok,6.1,ok,6.1 — Matérias tóxicas,diisocianato de toluileno
470,Composto soluvel de chumbo n.s.a.,1000.0,2291,60,6.1,50,,800,True,,2291,ok,6.1,ok,6.1 — Matérias tóxicas,composto soluvel de chumbo n.s.a.
470,Materia perigosa do ponto de vista do ambiente solida n.s.a.,6000.0,3077,90,9.0,50,,800,True,,3077,ok,9,recuperado major de '9.0' (provável Nº perigo na coluna),9 — Matérias e objetos perigosos diversos,materia perigosa do ponto de vista do ambiente solida n.s.a.
471,Adesivos contendo um liquido inflamavel,12096.0,1133,30 ou 33,3.0,50,300.0,800,True,,1133,ok,3,recuperado major de '3.0' (provável Nº perigo na coluna),3 — Líquidos inflamáveis,adesivos contendo um liquido inflamavel
471,Diclorometano,3600.0,1593,60,6.1,50,100.0,800,True,,1593,ok,6.1,ok,6.1 — Matérias tóxicas,diclorometano
472,Resina em solucao,3954.0,1866,33,3.0,50,300.0,800,True,,1866,ok,3,recuperado major de '3.0' (provável Nº perigo na coluna),3 — Líquidos inflamáveis,resina em solucao
473,Tintas ou materias aparentadas as tintas,393.0,1263,33,3.0,50,300.0,800,True,,1263,ok,3,recuperado major de '3.0' (provável Nº perigo na coluna),3 — Líquidos inflamáveis,tintas ou materias aparentadas as tintas
474,Tintas ou materias aparentadas as tintas,1591.0,1263,30 ou 33,3.0,50,300.0,800,True,,1263,ok,3,recuperado major de '3.0' (provável Nº perigo na coluna),3 — Líquidos inflamáveis,tintas ou materias aparentadas as tintas
475,Resina em solucao,2777.0,1866,33,3.0,50,300.0,800,True,,1866,ok,3,recuperado major de '3.0' (provável Nº perigo na coluna),3 — Líquidos inflamáveis,resina em solucao
476,Adesivos contendo um liquido inflamavel,9408.0,1133,30 ou 33,3.0,50,300.0,800,True,,1133,ok,3,recuperado major de '3.0' (provável Nº perigo na coluna),3 — Líquidos inflamáveis,adesivos contendo um liquido inflamavel
476,Resina em solucao,3204.0,1866,33,3.0,50,300.0,800,True,,1866,ok,3,recuperado major de '3.0' (provável Nº perigo na coluna),3 — Líquidos inflamáveis,resina em solucao
477,Adesivos contendo um liquido inflamavel,14058.0,1133,30 ou 33,3.0,50,300.0,800,True,,1133,ok,3,recuperado major de '3.0' (provável Nº perigo na coluna),3 — Líquidos inflamáveis,adesivos contendo um liquido inflamavel
478,Tintas ou materias aparentadas as tintas,4929.0,1263,30 ou 33,3.0,50,300.0,800,True,,1263,ok,3,recuperado major de '3.0' (provável Nº perigo na coluna),3 — Líquidos inflamáveis,tintas ou materias aparentadas as tintas
479,Diisocianato de toluileno,20220.0,2078,60,6.1,50,,800,True,,2078,ok,6.1,ok,6.1 — Matérias tóxicas,diisocianato de toluileno
480,Diisocianato de toluileno,20480.0,2078,60,6.1,50,,800,True,,2078,ok,6.1,ok,6.1 — Matérias tóxicas,diisocianato de toluileno
481,Adesivos contendo um liquido inflamavel,10572.0,1133,30 ou 33,3.0,50,300.0,800,True,,1133,ok,3,recuperado major de '3.0' (provável Nº perigo na coluna),3 — Líquidos inflamáveis,adesivos contendo um liquido inflamavel
481,Diclorometano,575.0,1593,60,6.1,50,100.0,800,True,,1593,ok,6.1,ok,6.1 — Matérias tóxicas,diclorometano
481,Resina em solucao,660.0,1866,33,3.0,50,300.0,800,True,,1866,ok,3,recuperado major de '3.0' (provável Nº perigo na coluna),3 — Líquidos inflamáveis,resina em solucao
482,Diclorometano,10400.0,1593,60,6.1,50,100.0,800,True,,1593,ok,6.1,ok,6.1 — Matérias tóxicas,diclorometano
482,Aminas liquidas corrosivas n.s.a.,200.0,2735,80,8.0,50,,800,True,,2735,ok,8,recuperado major de '8.0' (provável Nº perigo na coluna),8 — Matérias corrosivas,aminas liquidas corrosivas n.s.a.
483,Diclorometano,24600.0,1593,60,6.1,50,100.0,800,True,,1593,ok,6.1,ok,6.1 — Matérias tóxicas,diclorometano
484,Adesivos contendo um liquido inflamavel,36468.0,1133,30 ou 33,3.0,50,300.0,800,True,,1133,ok,3,recuperado major de '3.0' (provável Nº perigo na coluna),3 — Líquidos inflamáveis,adesivos contendo um liquido inflamavel
485,Diclorometano,2650.0,1593,60,6.1,50,100.0,800,True,,1593,ok,6.1,ok,6.1 — Matérias tóxicas,diclorometano
485,Diisocianato de toluileno,18550.0,2078,60,6.1,50,,800,True,,2078,ok,6.1,ok,6.1 — Matérias tóxicas,diisocianato de toluileno
486,Composto soluvel de chumbo n.s.a.,26.0,2291,60,6.1,50,,800,True,,2291,ok,6.1,ok,6.1 — Matérias tóxicas,composto soluvel de chumbo n.s.a.
486,Materia perigosa do ponto de vista do ambiente solida n.s.a.,4287.0,3077,90,9.0,50,,800,True,,3077,ok,9,recuperado major de '9.0' (provável Nº perigo na coluna),9 — Matérias e objetos perigosos diversos,materia perigosa do ponto de vista do ambiente solida n.s.a.
487,Resina em solucao,8387.0,1866,30,3.0,50,300.0,800,True,,1866,ok,3,recuperado major de '3.0' (provável Nº perigo na coluna),3 — Líquidos inflamáveis,resina em solucao
488,Acetato de butilo,200.0,1123,30,3.0,50,300.0,800,True,,1123,ok,3,recuperado major de '3.0' (provável Nº perigo na coluna),3 — Líquidos inflamáveis,acetato de butilo
488,Acetato de etilo,200.0,1173,33,3.0,50,300.0,800,True,,1173,ok,3,recuperado major de '3.0' (provável Nº perigo na coluna),3 — Líquidos inflamáveis,acetato de etilo
488,Tintas ou materias aparentadas as tintas,300.0,1263,33,3.0,50,300.0,800,True,,1263,ok,3,recuperado major de '3.0' (provável Nº perigo na coluna),3 — Líquidos inflamáveis,tintas ou materias aparentadas as tintas
488,Tolueno,400.0,1294,33,3.0,50,300.0,800,True,,1294,ok,3,recuperado major de '3.0' (provável Nº perigo na coluna),3 — Líquidos inflamáveis,tolueno
488,Sucedaneo de essencia de terebentina,600.0,1300,30,3.0,50,300.0,800,True,,1300,ok,3,recuperado major de '3.0' (provável Nº perigo na coluna),3 — Líquidos inflamáveis,sucedaneo de essencia de terebentina
488,Xilenos,600.0,1307,30,3.0,50,300.0,800,True,,1307,ok,3,recuperado major de '3.0' (provável Nº perigo na coluna),3 — Líquidos inflamáveis,xilenos
488,Resina em solucao,1320.0,1866,33,3.0,50,300.0,800,True,,1866,ok,3,recuperado major de '3.0' (provável Nº perigo na coluna),3 — Líquidos inflamáveis,resina em solucao
489,Resina em solucao,3232.0,1866,30 ou 33,3.0,50,300.0,800,True,,1866,ok,3,recuperado major de '3.0' (provável Nº perigo na coluna),3 — Líquidos inflamáveis,resina em solucao
490,Resina em solucao,1940.0,1866,33,3.0,50,300.0,800,True,,1866,ok,3,recuperado major de '3.0' (provável Nº perigo na coluna),3 — Líquidos inflamáveis,resina em solucao
491,Diclorometano,10140.0,1593,60,6.1,50,100.0,800,True,,1593,ok,6.1,ok,6.1 — Matérias tóxicas,diclorometano
491,Diisocianato de toluileno,2690.0,2078,60,6.1,50,,800,True,,2078,ok,6.1,ok,6.1 — Matérias tóxicas,diisocianato de toluileno
492,Composto soluvel de chumbo n.s.a.,406.0,2291,60,6.1,50,,800,True,,2291,ok,6.1,ok,6.1 — Matérias tóxicas,composto soluvel de chumbo n.s.a.
493,Tintas ou materias aparentadas as tintas,11680.0,1263,30 ou 33,3.0,50,300.0,800,True,,1263,ok,3,recuperado major de '3.0' (provável Nº perigo na coluna),3 — Líquidos inflamáveis,tintas ou materias aparentadas as tintas
493,Resina em solucao,80.0,1866,33,3.0,50,300.0,800,True,,1866,ok,3,recuperado major de '3.0' (provável Nº perigo na coluna),3 — Líquidos inflamáveis,resina em solucao
494,Materia perigosa do ponto de vista do ambiente solida n.s.a.,1000.0,3077,90,9.0,50,,800,True,,3077,ok,9,recuperado major de '9.0' (provável Nº perigo na coluna),9 — Matérias e objetos perigosos diversos,materia perigosa do ponto de vista do ambiente solida n.s.a.
495,Extintores,350.0,1044,20,2.0,100,500.0,800,False,,1044,ok,2,recuperado major de '2.0' (provável Nº perigo na coluna),2 — Gases,extintores
496,Adesivos contendo um liquido inflamavel,13440.0,1133,30 ou 33,3.0,50,300.0,800,True,,1133,ok,3,recuperado major de '3.0' (provável Nº perigo na coluna),3 — Líquidos inflamáveis,adesivos contendo um liquido inflamavel
496,Diclorometano,4800.0,1593,60,6.1,50,100.0,800,True,,1593,ok,6.1,ok,6.1 — Matérias tóxicas,diclorometano
497,Diisocianato de toluileno,20800.0,2078,60,6.1,50,,800,True,,2078,ok,6.1,ok,6.1 — Matérias tóxicas,diisocianato de toluileno
498,Adesivos contendo um liquido inflamavel,14880.0,1133,30 ou 33,3.0,50,300.0,800,True,,1133,ok,3,recuperado major de '3.0' (provável Nº perigo na coluna),3 — Líquidos inflamáveis,adesivos contendo um liquido inflamavel
499,Tintas ou materias aparentadas as tintas,6400.0,1263,30 ou 33,3.0,50,300.0,800,True,,1263,ok,3,recuperado major de '3.0' (provável Nº perigo na coluna),3 — Líquidos inflamáveis,tintas ou materias aparentadas as tintas
500,Composto soluvel de chumbo n.s.a.,10420.0,2291,60,6.1,50,,800,True,,2291,ok,6.1,ok,6.1 — Matérias tóxicas,composto soluvel de chumbo n.s.a.
501,Tintas ou materias aparentadas as tintas,1027.0,1263,30 ou 33,3.0,50,300.0,800,True,,1263,ok,3,recuperado major de '3.0' (provável Nº perigo na coluna),3 — Líquidos inflamáveis,tintas ou materias aparentadas as tintas
502,Tintas ou materias aparentadas as tintas,2520.0,1263,33,3.0,50,300.0,800,True,,1263,ok,3,recuperado major de '3.0' (provável Nº perigo na coluna),3 — Líquidos inflamáveis,tintas ou materias aparentadas as tintas
502,Tolueno,340.0,1294,33,3.0,50,300.0,800,True,,1294,ok,3,recuperado major de '3.0' (provável Nº perigo na coluna),3 — Líquidos inflamáveis,tolueno
502,Xilenos,340.0,1307,30,3.0,50,300.0,800,True,,1307,ok,3,recuperado major de '3.0' (provável Nº perigo na coluna),3 — Líquidos inflamáveis,xilenos
502,Resina em solucao,1500.0,1866,30,3.0,50,300.0,800,True,,1866,ok,3,recuperado major de '3.0' (provável Nº perigo na coluna),3 — Líquidos inflamáveis,resina em solucao
502,Liquido inflamavel n.s.a.,65.0,1993,33,3.0,50,300.0,800,True,,1993,ok,3,recuperado major de '3.0' (provável Nº perigo na coluna),3 — Líquidos inflamáveis,liquido inflamavel n.s.a.
503,Nitrobenzeno,24000.0,1662,60,6.1,50,,800,True,,1662,ok,6.1,ok,6.1 — Matérias tóxicas,nitrobenzeno
504,Nitrobenzeno,24000.0,1662,60,6.1,50,,800,True,,1662,ok,6.1,ok,6.1 — Matérias tóxicas,nitrobenzeno
505,Tintas ou materias aparentadas as tintas,2454.0,1263,30 ou 33,3.0,50,300.0,800,True,,1263,ok,3,recuperado major de '3.0' (provável Nº perigo na coluna),3 — Líquidos inflamáveis,tintas ou materias aparentadas as tintas
506,Diisocianato de toluileno,20530.0,2078,60,6.1,50,,800,True,,2078,ok,6.1,ok,6.1 — Matérias tóxicas,diisocianato de toluileno
506,Nitrobenzeno,25000.0,1662,60,6.1,50,,800,True,,1662,ok,6.1,ok,6.1 — Matérias tóxicas,nitrobenzeno
507,Nitrobenzeno,25000.0,1662,60,6.1,50,,800,True,,1662,ok,6.1,ok,6.1 — Matérias tóxicas,nitrobenzeno
508,Adesivos contendo um liquido inflamavel,13440.0,1133,30 ou 33,3.0,50,300.0,800,True,,1133,ok,3,recuperado major de '3.0' (provável Nº perigo na coluna),3 — Líquidos inflamáveis,adesivos contendo um liquido inflamavel
509,Diisocianato de toluileno,20530.0,2078,60,6.1,50,,800,True,,2078,ok,6.1,ok,6.1 — Matérias tóxicas,diisocianato de toluileno
510,Tintas ou materias aparentadas as tintas,6400.0,1263,30 ou 33,3.0,50,300.0,800,True,,1263,ok,3,recuperado major de '3.0' (provável Nº perigo na coluna),3 — Líquidos inflamáveis,tintas ou materias aparentadas as tintas
511,Nitrobenzeno,23960.0,1662,60,6.1,50,,800,True,,1662,ok,6.1,ok,6.1 — Matérias tóxicas,nitrobenzeno
512,Adesivos contendo um liquido inflamavel,23064.0,1133,30 ou 33,3.0,50,300.0,800,True,,1133,ok,3,recuperado major de '3.0' (provável Nº perigo na coluna),3 — Líquidos inflamáveis,adesivos contendo um liquido inflamavel
513,Composto soluvel de chumbo n.s.a.,516.0,2291,60,6.1,50,,800,True,,2291,ok,6.1,ok,6.1 — Matérias tóxicas,composto soluvel de chumbo n.s.a.
513,Materia perigosa do ponto de vista do ambiente solida n.s.a.,2045.0,3077,90,9.0,50,,800,True,,3077,ok,9,recuperado major de '9.0' (provável Nº perigo na coluna),9 — Matérias e objetos perigosos diversos,materia perigosa do ponto de vista do ambiente solida n.s.a.
514,Nitrobenzeno,25000.0,1662,60,6.1,50,,800,True,,1662,ok,6.1,ok,6.1 — Matérias tóxicas,nitrobenzeno
515,Nitrobenzeno,25000.0,1662,60,6.1,50,,800,True,,1662,ok,6.1,ok,6.1 — Matérias tóxicas,nitrobenzeno
516,Tintas ou materias aparentadas as tintas,2842.0,1263,30 ou 33,3.0,50,300.0,800,True,,1263,ok,3,recuperado major de '3.0' (provável Nº perigo na coluna),3 — Líquidos inflamáveis,tintas ou materias aparentadas as tintas
517,Diisocianato de toluileno,20580.0,2078,60,6.1,50,,800,True,,2078,ok,6.1,ok,6.1 — Matérias tóxicas,diisocianato de toluileno
518,Materia perigosa do ponto de vista do ambiente solida n.s.a.,3000.0,3077,90,9.0,50,,800,True,,3077,ok,9,recuperado major de '9.0' (provável Nº perigo na coluna),9 — Matérias e objetos perigosos diversos,materia perigosa do ponto de vista do ambiente solida n.s.a.
519,Nitrobenzeno,25000.0,1662,60,6.1,50,,800,True,,1662,ok,6.1,ok,6.1 — Matérias tóxicas,nitrobenzeno
520,Hidroxido de sodio solido,24543.0,1823,80,8.0,50,,800,True,,1823,ok,8,recuperado major de '8.0' (provável Nº perigo na coluna),8 — Matérias corrosivas,hidroxido de sodio solido
521,Nitrobenzeno,24000.0,1662,60,6.1,50,,800,True,,1662,ok,6.1,ok,6.1 — Matérias tóxicas,nitrobenzeno
522,Hidroxido de sodio solido,24543.0,1823,80,8.0,50,,800,True,,1823,ok,8,recuperado major de '8.0' (provável Nº perigo na coluna),8 — Matérias corrosivas,hidroxido de sodio solido
523,Hidroxido de sodio solido,245430.0,1823,80,8.0,50,,800,True,,1823,ok,8,recuperado major de '8.0' (provável Nº perigo na coluna),8 — Matérias corrosivas,hidroxido de sodio solido
524,Dioxido de carbono,2196.0,1013,20,2.0,100,,800,False,,1013,ok,2,recuperado major de '2.0' (provável Nº perigo na coluna),2 — Gases,dioxido de carbono
525,Hidroxido de sodio solido,49086.0,1823,80,8.0,50,,800,True,,1823,ok,8,recuperado major de '8.0' (provável Nº perigo na coluna),8 — Matérias corrosivas,hidroxido de sodio solido
526,Adesivos contendo um liquido inflamavel,23064.0,1133,30 ou 33,3.0,50,300.0,800,True,,1133,ok,3,recuperado major de '3.0' (provável Nº perigo na coluna),3 — Líquidos inflamáveis,adesivos contendo um liquido inflamavel
527,Tintas ou materias aparentadas as tintas,26838.0,1263,30 ou 33,3.0,50,300.0,800,True,,1263,ok,3,recuperado major de '3.0' (provável Nº perigo na coluna),3 — Líquidos inflamáveis,tintas ou materias aparentadas as tintas
528,Acetato de etilo,170.0,1173,33,3.0,50,300.0,800,True,,1173,ok,3,recuperado major de '3.0' (provável Nº perigo na coluna),3 — Líquidos inflamáveis,acetato de etilo
528,Tintas ou materias aparentadas as tintas,1780.0,1263,33,3.0,50,300.0,800,True,,1263,ok,3,recuperado major de '3.0' (provável Nº perigo na coluna),3 — Líquidos inflamáveis,tintas ou materias aparentadas as tintas
528,Tolueno,540.0,1294,33,3.0,50,300.0,800,True,,1294,ok,3,recuperado major de '3.0' (provável Nº perigo na coluna),3 — Líquidos inflamáveis,tolueno
528,Sucedaneo de essencia de terebentina,480.0,1300,30,3.0,50,300.0,800,True,,1300,ok,3,recuperado major de '3.0' (provável Nº perigo na coluna),3 — Líquidos inflamáveis,sucedaneo de essencia de terebentina
528,Xilenos,180.0,1307,30,3.0,50,300.0,800,True,,1307,ok,3,recuperado major de '3.0' (provável Nº perigo na coluna),3 — Líquidos inflamáveis,xilenos
528,Resina em solucao,900.0,1866,30,3.0,50,300.0,800,True,,1866,ok,3,recuperado major de '3.0' (provável Nº perigo na coluna),3 — Líquidos inflamáveis,resina em solucao
528,Liquido inflamavel n.s.a.,200.0,1993,33,3.0,50,300.0,800,True,,1993,ok,3,recuperado major de '3.0' (provável Nº perigo na coluna),3 — Líquidos inflamáveis,liquido inflamavel n.s.a.
529,Adesivos contendo um liquido inflamavel,12841.0,1133,30 ou 33,3.0,50,300.0,800,True,,1133,ok,3,recuperado major de '3.0' (provável Nº perigo na coluna),3 — Líquidos inflamáveis,adesivos contendo um liquido inflamavel
530,Diisocianato de toluileno,20800.0,2078,60,6.1,50,,800,True,,2078,ok,6.1,ok,6.1 — Matérias tóxicas,diisocianato de toluileno
530,Diclorometano,5200.0,1593,60,6.1,50,100.0,800,True,,1593,ok,6.1,ok,6.1 — Matérias tóxicas,diclorometano
531,Acendalhas solidas impregnadas de liquido inflamavel,37900.0,2623,40,4.1,25,100.0,800,True,,2623,ok,4.1,ok,4.1 — Sólidos inflamáveis,acendalhas solidas impregnadas de liquido inflamavel
532,Composto soluvel de chumbo n.s.a.,20000.0,2291,60,6.1,50,,800,True,,2291,ok,6.1,ok,6.1 — Matérias tóxicas,composto soluvel de chumbo n.s.a.
533,Aerossois,,1950,26,2.0,100,500.0,800,True,,1950,ok,2,recuperado major de '2.0' (provável Nº perigo na coluna),2 — Gases,aerossois
533,Liquido inflamavel n.s.a.,,1993,30 ou 33,3.0,50,300.0,800,True,,1993,ok,3,recuperado major de '3.0' (provável Nº perigo na coluna),3 — Líquidos inflamáveis,liquido inflamavel n.s.a.
534,Nitrobenzeno,25000.0,1662,60,6.1,50,,800,True,,1662,ok,6.1,ok,6.1 — Matérias tóxicas,nitrobenzeno
535,Hidroxido de sodio solido,24000.0,1823,80,8.0,50,,800,True,,1823,ok,8,recuperado major de '8.0' (provável Nº perigo na coluna),8 — Matérias corrosivas,hidroxido de sodio solido
536,Composto soluvel de chumbo n.s.a.,20000.0,2291,60,6.1,50,,800,True,,2291,ok,6.1,ok,6.1 — Matérias tóxicas,composto soluvel de chumbo n.s.a.
537,Adesivos contendo um liquido inflamavel,13440.0,1133,30 ou 33,3.0,50,300.0,800,True,,1133,ok,3,recuperado major de '3.0' (provável Nº perigo na coluna),3 — Líquidos inflamáveis,adesivos contendo um liquido inflamavel
538,Nitrobenzeno,25000.0,1662,60,6.1,50,,800,True,,1662,ok,6.1,ok,6.1 — Matérias tóxicas,nitrobenzeno
539,Composto soluvel de chumbo n.s.a.,575.0,2291,60,6.1,50,,800,True,,2291,ok,6.1,ok,6.1 — Matérias tóxicas,composto soluvel de chumbo n.s.a.
539,Materia perigosa do ponto de vista do ambiente solida n.s.a.,490.0,3077,90,9.0,50,,800,True,,3077,ok,9,recuperado major de '9.0' (provável Nº perigo na coluna),9 — Matérias e objetos perigosos diversos,materia perigosa do ponto de vista do ambiente solida n.s.a.
540,Hidroxido de sodio solido,62000.0,1823,80,8.0,50,,800,True,,1823,ok,8,recuperado major de '8.0' (provável Nº perigo na coluna),8 — Matérias corrosivas,hidroxido de sodio solido
541,Hidroxido de sodio solido,216000.0,1823,80,8.0,50,,800,True,,1823,ok,8,recuperado major de '8.0' (provável Nº perigo na coluna),8 — Matérias corrosivas,hidroxido de sodio solido
542,Tintas ou materias aparentadas as tintas,8634.0,1263,30 ou 33,3.0,50,300.0,800,True,,1263,ok,3,recuperado major de '3.0' (provável Nº perigo na coluna),3 — Líquidos inflamáveis,tintas ou materias aparentadas as tintas
543,Nitrobenzeno,25000.0,1662,60,6.1,50,,800,True,,1662,ok,6.1,ok,6.1 — Matérias tóxicas,nitrobenzeno
544,Composto soluvel de chumbo n.s.a.,300.0,2291,60,6.1,50,,800,True,,2291,ok,6.1,ok,6.1 — Matérias tóxicas,composto soluvel de chumbo n.s.a.
544,Materia perigosa do ponto de vista do ambiente solida n.s.a.,416.0,3077,90,9.0,50,,800,True,,3077,ok,9,recuperado major de '9.0' (provável Nº perigo na coluna),9 — Matérias e objetos perigosos diversos,materia perigosa do ponto de vista do ambiente solida n.s.a.
545,Nitrobenzeno,25000.0,1662,60,6.1,50,,800,True,,1662,ok,6.1,ok,6.1 — Matérias tóxicas,nitrobenzeno
545,Tintas ou materias aparentadas as tintas,41335.0,1263,30 ou 33,3.0,50,300.0,800,True,,1263,ok,3,recuperado major de '3.0' (provável Nº perigo na coluna),3 — Líquidos inflamáveis,tintas ou materias aparentadas as tintas
546,Extintores,1330.0,1044,20,2.0,100,500.0,800,False,,1044,ok,2,recuperado major de '2.0' (provável Nº perigo na coluna),2 — Gases,extintores
547,Materia perigosa do ponto de vista do ambiente solida n.s.a.,1000.0,3077,90,9.0,50,,800,True,,3077,ok,9,recuperado major de '9.0' (provável Nº perigo na coluna),9 — Matérias e objetos perigosos diversos,materia perigosa do ponto de vista do ambiente solida n.s.a.
547,Aerossois,13572.0,1950,26,2.0,100,500.0,800,True,,1950,ok,2,recuperado major de '2.0' (provável Nº perigo na coluna),2 — Gases,aerossois
548,Dioxido de carbono,2196.0,1013,20,2.0,100,,800,False,,1013,ok,2,recuperado major de '2.0' (provável Nº perigo na coluna),2 — Gases,dioxido de carbono
549,Liquido corrosivo n.s.a.,15000.0,1760,80,8.0,50,,800,True,,1760,ok,8,recuperado major de '8.0' (provável Nº perigo na coluna),8 — Matérias corrosivas,liquido corrosivo n.s.a.
550,Diisocianato de toluileno,20263.0,2078,60,6.1,50,,800,True,,2078,ok,6.1,ok,6.1 — Matérias tóxicas,diisocianato de toluileno
551,Tintas ou materias aparentadas as tintas,5937.0,1263,30 ou 33,3.0,50,300.0,800,True,,1263,ok,3,recuperado major de '3.0' (provável Nº perigo na coluna),3 — Líquidos inflamáveis,tintas ou materias aparentadas as tintas
552,Acendalhas solidas impregnadas de liquido inflamavel,23000.0,2623,40,4.1,25,100.0,800,True,,2623,ok,4.1,ok,4.1 — Sólidos inflamáveis,acendalhas solidas impregnadas de liquido inflamavel
553,Composto soluvel de chumbo n.s.a.,,2291,60,6.1,50,,800,True,,2291,ok,6.1,ok,6.1 — Matérias tóxicas,composto soluvel de chumbo n.s.a.
553,Materia perigosa do ponto de vista do ambiente solida n.s.a.,,3077,90,9.0,50,,800,True,,3077,ok,9,recuperado major de '9.0' (provável Nº perigo na coluna),9 — Matérias e objetos perigosos diversos,materia perigosa do ponto de vista do ambiente solida n.s.a.
554,Acendalhas solidas impregnadas de liquido inflamavel,23000.0,2623,40,4.1,25,100.0,800,True,,2623,ok,4.1,ok,4.1 — Sólidos inflamáveis,acendalhas solidas impregnadas de liquido inflamavel
555,Acendalhas solidas impregnadas de liquido inflamavel,23000.0,2623,40,4.1,25,100.0,800,True,,2623,ok,4.1,ok,4.1 — Sólidos inflamáveis,acendalhas solidas impregnadas de liquido inflamavel
556,Tintas ou materias aparentadas as tintas,7669.0,1263,30 ou 33,3.0,50,300.0,800,True,,1263,ok,3,recuperado major de '3.0' (provável Nº perigo na coluna),3 — Líquidos inflamáveis,tintas ou materias aparentadas as tintas
557,Tintas ou materias aparentadas as tintas,907.0,1263,30 ou 33,3.0,50,300.0,800,True,,1263,ok,3,recuperado major de '3.0' (provável Nº perigo na coluna),3 — Líquidos inflamáveis,tintas ou materias aparentadas as tintas
558,Cloro,11000.0,1017,26,2.0,100,,800,False,,1017,ok,2,recuperado major de '2.0' (provável Nº perigo na coluna),2 — Gases,cloro
559,Materia perigosa do ponto de vista do ambiente solida n.s.a.,525.0,3077,90,9.0,50,,800,True,,3077,ok,9,recuperado major de '9.0' (provável Nº perigo na coluna),9 — Matérias e objetos perigosos diversos,materia perigosa do ponto de vista do ambiente solida n.s.a.
560,Materia perigosa do ponto de vista do ambiente solida n.s.a.,294.0,3077,90,9.0,50,,800,True,,3077,ok,9,recuperado major de '9.0' (provável Nº perigo na coluna),9 — Matérias e objetos perigosos diversos,materia perigosa do ponto de vista do ambiente solida n.s.a.
561,Acendalhas solidas impregnadas de liquido inflamavel,20000.0,2623,40,4.1,25,100.0,800,True,,2623,ok,4.1,ok,4.1 — Sólidos inflamáveis,acendalhas solidas impregnadas de liquido inflamavel
562,Adesivos contendo um liquido inflamavel,36514.0,1133,33,3.0,50,300.0,800,True,,1133,ok,3,recuperado major de '3.0' (provável Nº perigo na coluna),3 — Líquidos inflamáveis,adesivos contendo um liquido inflamavel
563,Hidroxido de sodio solido,50000.0,1823,80,8.0,50,,800,True,,1823,ok,8,recuperado major de '8.0' (provável Nº perigo na coluna),8 — Matérias corrosivas,hidroxido de sodio solido
564,Etanol em solucao,67.0,1170,33,3.0,50,300.0,800,True,,1170,ok,3,recuperado major de '3.0' (provável Nº perigo na coluna),3 — Líquidos inflamáveis,etanol em solucao
564,Etilmetilcetona,2.0,1193,33,3.0,50,300.0,800,True,,1193,ok,3,recuperado major de '3.0' (provável Nº perigo na coluna),3 — Líquidos inflamáveis,etilmetilcetona
564,Metanol,10.0,1230,336,3.0,50,,800,True,,1230,ok,3,recuperado major de '3.0' (provável Nº perigo na coluna),3 — Líquidos inflamáveis,metanol
564,Iodeto de mercurio,0.0,1638,60,6.1,50,,800,True,0.2 Kg,1638,ok,6.1,ok,6.1 — Matérias tóxicas,iodeto de mercurio
564,Acido sulfurico com mais de 51% de acido,5.0,1830,80,8.0,50,,800,True,,1830,ok,8,recuperado major de '8.0' (provável Nº perigo na coluna),8 — Matérias corrosivas,acido sulfurico com mais de 51% de acido
564,Acido acetico,4.0,2789,83,8.0,50,,800,True,,2789,ok,8,recuperado major de '8.0' (provável Nº perigo na coluna),8 — Matérias corrosivas,acido acetico
565,Materia perigosa do ponto de vista do ambiente solida n.s.a.,4850.0,3077,90,9.0,50,,800,True,,3077,ok,9,recuperado major de '9.0' (provável Nº perigo na coluna),9 — Matérias e objetos perigosos diversos,materia perigosa do ponto de vista do ambiente solida n.s.a.
566,Diclorometano,5200.0,1593,60,6.1,50,100.0,800,True,,1593,ok,6.1,ok,6.1 — Matérias tóxicas,diclorometano
567,Tintas ou materias aparentadas as tintas,1176.0,1263,30,3.0,50,300.0,800,True,,1263,ok,3,recuperado major de '3.0' (provável Nº perigo na coluna),3 — Líquidos inflamáveis,tintas ou materias aparentadas as tintas
568,Tintas ou materias aparentadas as tintas,2789.0,1263,30,3.0,50,300.0,800,True,,1263,ok,3,recuperado major de '3.0' (provável Nº perigo na coluna),3 — Líquidos inflamáveis,tintas ou materias aparentadas as tintas
569,Hidroxido de potassio solido,8000.0,1813,80,8.0,50,,800,True,,1813,ok,8,recuperado major de '8.0' (provável Nº perigo na coluna),8 — Matérias corrosivas,hidroxido de potassio solido
570,Etanol em solucao,255.0,1170,33,3.0,50,300.0,800,True,,1170,ok,3,recuperado major de '3.0' (provável Nº perigo na coluna),3 — Líquidos inflamáveis,etanol em solucao
571,Diisocianato de toluileno,20263.0,2078,60,6.1,50,,800,True,,2078,ok,6.1,ok,6.1 — Matérias tóxicas,diisocianato de toluileno
572,Liquido inflamavel n.s.a.,392.0,1993,30,3.0,50,300.0,800,True,,1993,ok,3,recuperado major de '3.0' (provável Nº perigo na coluna),3 — Líquidos inflamáveis,liquido inflamavel n.s.a.
573,Aerossois,2407.0,1950,26,2.0,100,500.0,800,True,,1950,ok,2,recuperado major de '2.0' (provável Nº perigo na coluna),2 — Gases,aerossois
574,Etanol em solucao,358.0,1170,33,3.0,50,300.0,800,True,,1170,ok,3,recuperado major de '3.0' (provável Nº perigo na coluna),3 — Líquidos inflamáveis,etanol em solucao
575,Bromotrifluormetano,4828.0,1009,20,2.0,100,500.0,800,True,,1009,ok,2,recuperado major de '2.0' (provável Nº perigo na coluna),2 — Gases,bromotrifluormetano
576,Diisocianato de toluileno,20803.0,2078,60,6.1,50,,800,True,,2078,ok,6.1,ok,6.1 — Matérias tóxicas,diisocianato de toluileno
577,Materia perigosa do ponto de vista do ambiente solida n.s.a.,2298.0,3077,90,9.0,50,,800,True,,3077,ok,9,recuperado major de '9.0' (provável Nº perigo na coluna),9 — Matérias e objetos perigosos diversos,materia perigosa do ponto de vista do ambiente solida n.s.a.
578,Tintas ou materias aparentadas as tintas,10343.0,1263,30,3.0,50,300.0,800,True,,1263,ok,3,recuperado major de '3.0' (provável Nº perigo na coluna),3 — Líquidos inflamáveis,tintas ou materias aparentadas as tintas
579,Composto soluvel de chumbo n.s.a.,500.0,2291,60,6.1,50,,800,True,,2291,ok,6.1,ok,6.1 — Matérias tóxicas,composto soluvel de chumbo n.s.a.
579,Materia perigosa do ponto de vista do ambiente solida n.s.a.,3295.0,3077,90,9.0,50,,800,True,,3077,ok,9,recuperado major de '9.0' (provável Nº perigo na coluna),9 — Matérias e objetos perigosos diversos,materia perigosa do ponto de vista do ambiente solida n.s.a.
543,Liquido corrosivo n.s.a.,850.0,1760,80,8.0,50,,800,True,*,1760,ok,8,recuperado major de '8.0' (provável Nº perigo na coluna),8 — Matérias corrosivas,liquido corrosivo n.s.a.
543,Aminas liquidas corrosivas n.s.a.,290.0,2735,80,8.0,50,,800,True,*,2735,ok,8,recuperado major de '8.0' (provável Nº perigo na coluna),8 — Matérias corrosivas,aminas liquidas corrosivas n.s.a.
543,Materia perigosa do ponto de vista do ambiente liquida n.s.a,590.0,3082,90,9.0,50,,800,True,*,3082,ok,9,recuperado major de '9.0' (provável Nº perigo na coluna),9 — Matérias e objetos perigosos diversos,materia perigosa do ponto de vista do ambiente liquida n.s.a
580,Diisocianato de toluileno,20800.0,2078,60,6.1,50,,800,True,,2078,ok,6.1,ok,6.1 — Matérias tóxicas,diisocianato de toluileno
581,Tintas ou materias aparentadas as tintas,10890.0,1263,30,3.0,50,300.0,800,True,,1263,ok,3,recuperado major de '3.0' (provável Nº perigo na coluna),3 — Líquidos inflamáveis,tintas ou materias aparentadas as tintas
582,Xilenos,9376.0,1307,30,3.0,50,300.0,800,True,,1307,ok,3,recuperado major de '3.0' (provável Nº perigo na coluna),3 — Líquidos inflamáveis,xilenos
583,Etanol em solucao,325.0,1170,33,3.0,50,300.0,800,True,,1170,ok,3,recuperado major de '3.0' (provável Nº perigo na coluna),3 — Líquidos inflamáveis,etanol em solucao
583,Liquido inflamavel n.s.a.,12.0,1993,30,3.0,50,300.0,800,True,,1993,ok,3,recuperado major de '3.0' (provável Nº perigo na coluna),3 — Líquidos inflamáveis,liquido inflamavel n.s.a.
583,Composto liquido de mercurio n.s.a.,15.0,2024,60,6.1,50,,800,True,,2024,ok,6.1,ok,6.1 — Matérias tóxicas,composto liquido de mercurio n.s.a.
584,Tintas ou materias aparentadas as tintas,1630.0,1263,30,3.0,50,300.0,800,True,,1263,ok,3,recuperado major de '3.0' (provável Nº perigo na coluna),3 — Líquidos inflamáveis,tintas ou materias aparentadas as tintas
584,Sucedaneo de essencia de terebentina,714.0,1300,30,3.0,50,300.0,800,True,,1300,ok,3,recuperado major de '3.0' (provável Nº perigo na coluna),3 — Líquidos inflamáveis,sucedaneo de essencia de terebentina
584,Xilenos,952.0,1307,30,3.0,50,300.0,800,True,,1307,ok,3,recuperado major de '3.0' (provável Nº perigo na coluna),3 — Líquidos inflamáveis,xilenos
584,Resina em solucao,268.0,1866,30,3.0,50,300.0,800,True,,1866,ok,3,recuperado major de '3.0' (provável Nº perigo na coluna),3 — Líquidos inflamáveis,resina em solucao
585,Materia perigosa do ponto de vista do ambiente liquida n.s.a,216.0,3082,90,9.0,50,,800,True,,3082,ok,9,recuperado major de '9.0' (provável Nº perigo na coluna),9 — Matérias e objetos perigosos diversos,materia perigosa do ponto de vista do ambiente liquida n.s.a
586,Tintas ou materias aparentadas as tintas,7749.0,1263,30,3.0,50,300.0,800,True,,1263,ok,3,recuperado major de '3.0' (provável Nº perigo na coluna),3 — Líquidos inflamáveis,tintas ou materias aparentadas as tintas
587,Diisocianato de toluileno,18720.0,2078,60,6.1,50,,800,True,,2078,ok,6.1,ok,6.1 — Matérias tóxicas,diisocianato de toluileno
588,Diclorometano,5200.0,1593,60,6.1,50,100.0,800,True,,1593,ok,6.1,ok,6.1 — Matérias tóxicas,diclorometano
588,Aminas liquidas corrosivas n.s.a.,260.0,2735,80,8.0,50,,800,True,,2735,ok,8,recuperado major de '8.0' (provável Nº perigo na coluna),8 — Matérias corrosivas,aminas liquidas corrosivas n.s.a.
589,Composto soluvel de chumbo n.s.a.,1000.0,2291,60,6.1,50,,800,True,,2291,ok,6.1,ok,6.1 — Matérias tóxicas,composto soluvel de chumbo n.s.a.
590,Bromotrifluormetano,,1009,20,2.0,100,500.0,800,True,,1009,ok,2,recuperado major de '2.0' (provável Nº perigo na coluna),2 — Gases,bromotrifluormetano
590,Acetato do eter monoetilico do etilenoglicol,,1172,30,3.0,50,300.0,800,True,,1172,ok,3,recuperado major de '3.0' (provável Nº perigo na coluna),3 — Líquidos inflamáveis,acetato do eter monoetilico do etilenoglicol
590,Tintas ou materias aparentadas as tintas,,1263,30,3.0,50,300.0,800,True,,1263,ok,3,recuperado major de '3.0' (provável Nº perigo na coluna),3 — Líquidos inflamáveis,tintas ou materias aparentadas as tintas
590,Resina em solucao,,1866,30,3.0,50,300.0,800,True,,1866,ok,3,recuperado major de '3.0' (provável Nº perigo na coluna),3 — Líquidos inflamáveis,resina em solucao
590,Estireno monomero estabilizado,,2055,39,3.0,50,300.0,800,True,,2055,ok,3,recuperado major de '3.0' (provável Nº perigo na coluna),3 — Líquidos inflamáveis,estireno monomero estabilizado
590,Liquido corrosivo toxico n.s.a.,,2922,86,8.0,50,,800,True,,2922,ok,8,recuperado major de '8.0' (provável Nº perigo na coluna),8 — Matérias corrosivas,liquido corrosivo toxico n.s.a.
590,Liquido inorganico corrosivo acido n.s.a.,,3264,80,8.0,50,,800,True,,3264,ok,8,recuperado major de '8.0' (provável Nº perigo na coluna),8 — Matérias corrosivas,liquido inorganico corrosivo acido n.s.a.
590,Hidrocarbonetos liquidos n.s.a.,,3295,30,3.0,50,300.0,800,True,,3295,ok,3,recuperado major de '3.0' (provável Nº perigo na coluna),3 — Líquidos inflamáveis,hidrocarbonetos liquidos n.s.a.
591,Diisocianato de toluileno,20880.0,2078,60,6.1,50,,800,True,,2078,ok,6.1,ok,6.1 — Matérias tóxicas,diisocianato de toluileno
592,Tintas ou materias aparentadas as tintas,6739.0,1263,30,3.0,50,300.0,800,True,,1263,ok,3,recuperado major de '3.0' (provável Nº perigo na coluna),3 — Líquidos inflamáveis,tintas ou materias aparentadas as tintas
593,Diclorometano,21000.0,1593,60,6.1,50,100.0,800,True,,1593,ok,6.1,ok,6.1 — Matérias tóxicas,diclorometano
594,Diisocianato de toluileno,31400.0,2078,60,6.1,50,,800,True,,2078,ok,6.1,ok,6.1 — Matérias tóxicas,diisocianato de toluileno
595,Tintas ou materias aparentadas as tintas,665.0,1263,30,3.0,50,300.0,800,True,,1263,ok,3,recuperado major de '3.0' (provável Nº perigo na coluna),3 — Líquidos inflamáveis,tintas ou materias aparentadas as tintas
596,Acumuladores electricos cheios de electrolito liquido acido,4400.0,2794,80,8.0,50,,800,True,,2794,ok,8,recuperado major de '8.0' (provável Nº perigo na coluna),8 — Matérias corrosivas,acumuladores electricos cheios de electrolito liquido acido
597,Tintas ou materias aparentadas as tintas,3595.0,1263,30,3.0,50,300.0,800,True,,1263,ok,3,recuperado major de '3.0' (provável Nº perigo na coluna),3 — Líquidos inflamáveis,tintas ou materias aparentadas as tintas
598,Materia perigosa do ponto de vista do ambiente solida n.s.a.,2500.0,3077,90,9.0,50,,800,True,,3077,ok,9,recuperado major de '9.0' (provável Nº perigo na coluna),9 — Matérias e objetos perigosos diversos,materia perigosa do ponto de vista do ambiente solida n.s.a.
599,Materia perigosa do ponto de vista do ambiente solida n.s.a.,1500.0,3077,90,9.0,50,,800,True,,3077,ok,9,recuperado major de '9.0' (provável Nº perigo na coluna),9 — Matérias e objetos perigosos diversos,materia perigosa do ponto de vista do ambiente solida n.s.a.
600,Materia perigosa do ponto de vista do ambiente solida n.s.a.,3514.0,3077,90,9.0,50,,800,True,,3077,ok,9,recuperado major de '9.0' (provável Nº perigo na coluna),9 — Matérias e objetos perigosos diversos,materia perigosa do ponto de vista do ambiente solida n.s.a.
601,Tintas ou materias aparentadas as tintas,1914.0,1263,30,3.0,50,300.0,800,True,,1263,ok,3,recuperado major de '3.0' (provável Nº perigo na coluna),3 — Líquidos inflamáveis,tintas ou materias aparentadas as tintas
602,Etanol em solucao,,1170,33,3.0,50,300.0,800,True,,1170,ok,3,recuperado major de '3.0' (provável Nº perigo na coluna),3 — Líquidos inflamáveis,etanol em solucao
602,"Liquido corrosivo, inflamavel, nsa",,2924,80,8.0,50,,800,True,,2924,ok,8,recuperado major de '8.0' (provável Nº perigo na coluna),8 — Matérias corrosivas,"liquido corrosivo, inflamavel, nsa"
603,Acendalhas solidas impregnadas de liquido inflamavel,17600.0,2623,40,4.1,25,100.0,800,True,,2623,ok,4.1,ok,4.1 — Sólidos inflamáveis,acendalhas solidas impregnadas de liquido inflamavel
604,Diisocianato de toluileno,20840.0,2078,60,6.1,50,,800,True,,2078,ok,6.1,ok,6.1 — Matérias tóxicas,diisocianato de toluileno
605,Materia perigosa do ponto de vista do ambiente solida n.s.a.,1895.0,3077,90,9.0,50,,800,True,,3077,ok,9,recuperado major de '9.0' (provável Nº perigo na coluna),9 — Matérias e objetos perigosos diversos,materia perigosa do ponto de vista do ambiente solida n.s.a.
606,Tintas ou materias aparentadas as tintas,1114.0,1263,30,3.0,50,300.0,800,True,,1263,ok,3,recuperado major de '3.0' (provável Nº perigo na coluna),3 — Líquidos inflamáveis,tintas ou materias aparentadas as tintas
607,Etanol em solucao,1126.0,1170,33,3.0,50,300.0,800,True,,1170,ok,3,recuperado major de '3.0' (provável Nº perigo na coluna),3 — Líquidos inflamáveis,etanol em solucao
608,Hidroxido de sodio solido,20100.0,1823,80,8.0,50,,800,True,,1823,ok,8,recuperado major de '8.0' (provável Nº perigo na coluna),8 — Matérias corrosivas,hidroxido de sodio solido
609,Metilacetileno e propadieno em mistura estabilizada,21470.0,1060,239,2.0,100,800.0,1600,True,,1060,ok,2,recuperado major de '2.0' (provável Nº perigo na coluna),2 — Gases,metilacetileno e propadieno em mistura estabilizada
610,Metilisobutilcetona,60.0,1245,33,3.0,50,300.0,800,True,,1245,ok,3,recuperado major de '3.0' (provável Nº perigo na coluna),3 — Líquidos inflamáveis,metilisobutilcetona
610,Tintas ou materias aparentadas as tintas,1547.0,1263,33,3.0,50,300.0,800,True,,1263,ok,3,recuperado major de '3.0' (provável Nº perigo na coluna),3 — Líquidos inflamáveis,tintas ou materias aparentadas as tintas
610,Tolueno,404.0,1294,33,3.0,50,300.0,800,True,,1294,ok,3,recuperado major de '3.0' (provável Nº perigo na coluna),3 — Líquidos inflamáveis,tolueno
610,Sucedaneo de essencia de terebentina,404.0,1300,33,3.0,50,300.0,800,True,,1300,ok,3,recuperado major de '3.0' (provável Nº perigo na coluna),3 — Líquidos inflamáveis,sucedaneo de essencia de terebentina
610,Xilenos,404.0,1307,33,3.0,50,300.0,800,True,,1307,ok,3,recuperado major de '3.0' (provável Nº perigo na coluna),3 — Líquidos inflamáveis,xilenos
610,Resina em solucao,1112.0,1866,33,3.0,50,300.0,800,True,,1866,ok,3,recuperado major de '3.0' (provável Nº perigo na coluna),3 — Líquidos inflamáveis,resina em solucao
610,Liquido inflamavel toxico n.s.a.,29.0,1992,33,3.0,50,,800,True,,1992,ok,3,recuperado major de '3.0' (provável Nº perigo na coluna),3 — Líquidos inflamáveis,liquido inflamavel toxico n.s.a.
610,Liquido inflamavel n.s.a.,11.0,1993,33,3.0,50,300.0,800,True,,1993,ok,3,recuperado major de '3.0' (provável Nº perigo na coluna),3 — Líquidos inflamáveis,liquido inflamavel n.s.a.
610,Metoxi-1 Propanol-2,59.0,3092,30,3.0,50,300.0,800,True,,3092,ok,3,recuperado major de '3.0' (provável Nº perigo na coluna),3 — Líquidos inflamáveis,metoxi-1 propanol-2
611,"Fosforos de seguranca (de friccao, em carteiras ou bolsas)",648.0,1944,40,4.1,25,100.0,800,True,,1944,ok,4.1,ok,4.1 — Sólidos inflamáveis,"fosforos de seguranca (de friccao, em carteiras ou bolsas)"
754,Tintas ou materias aparentadas as tintas,1904.0,1263,30,3.0,50,300.0,800,True,,1263,ok,3,recuperado major de '3.0' (provável Nº perigo na coluna),3 — Líquidos inflamáveis,tintas ou materias aparentadas as tintas
755,Aerossois,7.0,1950,26,2.0,100,500.0,800,True,,1950,ok,2,recuperado major de '2.0' (provável Nº perigo na coluna),2 — Gases,aerossois
753,Adesivos contendo um liquido inflamavel,900.0,1133,30 ou 33,3.0,50,300.0,800,True,,1133,ok,3,recuperado major de '3.0' (provável Nº perigo na coluna),3 — Líquidos inflamáveis,adesivos contendo um liquido inflamavel
756,Adesivos contendo um liquido inflamavel,150.0,1133,30 ou 33,3.0,50,300.0,800,True,,1133,ok,3,recuperado major de '3.0' (provável Nº perigo na coluna),3 — Líquidos inflamáveis,adesivos contendo um liquido inflamavel
757,Tintas ou materias aparentadas as tintas,348.0,1263,30 ou 33,3.0,50,300.0,800,True,,1263,ok,3,recuperado major de '3.0' (provável Nº perigo na coluna),3 — Líquidos inflamáveis,tintas ou materias aparentadas as tintas
758,Adesivos contendo um liquido inflamavel,3814.0,1133,30 ou 33,3.0,50,300.0,800,True,,1133,ok,3,recuperado major de '3.0' (provável Nº perigo na coluna),3 — Líquidos inflamáveis,adesivos contendo um liquido inflamavel
758,Tintas ou materias aparentadas as tintas,29743.0,1263,30 ou 33,3.0,50,300.0,800,True,,1263,ok,3,recuperado major de '3.0' (provável Nº perigo na coluna),3 — Líquidos inflamáveis,tintas ou materias aparentadas as tintas
758,Tintas ou materias aparentadas as tintas,25694.0,1263,30 ou 33,3.0,50,300.0,800,True,,1263,ok,3,recuperado major de '3.0' (provável Nº perigo na coluna),3 — Líquidos inflamáveis,tintas ou materias aparentadas as tintas
759,Adesivos contendo um liquido inflamavel,6510.0,1133,30,3.0,50,300.0,800,False,,1133,ok,3,recuperado major de '3.0' (provável Nº perigo na coluna),3 — Líquidos inflamáveis,adesivos contendo um liquido inflamavel
760,Materia perigosa do ponto de vista do ambiente solida n.s.a.,24000.0,3077,90,9.0,50,,800,True,,3077,ok,9,recuperado major de '9.0' (provável Nº perigo na coluna),9 — Matérias e objetos perigosos diversos,materia perigosa do ponto de vista do ambiente solida n.s.a.
761,Adesivos contendo um liquido inflamavel,22172.0,1133,30 ou 33,3.0,50,300.0,800,True,,1133,ok,3,recuperado major de '3.0' (provável Nº perigo na coluna),3 — Líquidos inflamáveis,adesivos contendo um liquido inflamavel
762,Tintas ou materias aparentadas as tintas,32163.0,1263,30 ou 33,3.0,50,300.0,800,True,,1263,ok,3,recuperado major de '3.0' (provável Nº perigo na coluna),3 — Líquidos inflamáveis,tintas ou materias aparentadas as tintas
763,Adesivos contendo um liquido inflamavel,18600.0,1133,30 ou 33,3.0,50,300.0,800,True,,1133,ok,3,recuperado major de '3.0' (provável Nº perigo na coluna),3 — Líquidos inflamáveis,adesivos contendo um liquido inflamavel
764,Adesivos contendo um liquido inflamavel,6510.0,1133,30,3.0,50,300.0,800,True,,1133,ok,3,recuperado major de '3.0' (provável Nº perigo na coluna),3 — Líquidos inflamáveis,adesivos contendo um liquido inflamavel
765,Etanol em solucao,7443.0,1170,30 ou 33,3.0,50,300.0,800,True,,1170,ok,3,recuperado major de '3.0' (provável Nº perigo na coluna),3 — Líquidos inflamáveis,etanol em solucao
765,Peroxido de hidrogenio em solucao aquosa,23889.0,2014,58,5.1,50,,800,True,,2014,ok,5.1,ok,5.1 — Matérias comburentes,peroxido de hidrogenio em solucao aquosa
766,Tintas ou materias aparentadas as tintas,2488.0,1263,30 ou 33,3.0,50,300.0,800,True,,1263,ok,3,recuperado major de '3.0' (provável Nº perigo na coluna),3 — Líquidos inflamáveis,tintas ou materias aparentadas as tintas
767,Tintas ou materias aparentadas as tintas,3682.0,1263,30 ou 33,3.0,50,300.0,800,True,,1263,ok,3,recuperado major de '3.0' (provável Nº perigo na coluna),3 — Líquidos inflamáveis,tintas ou materias aparentadas as tintas
767,Anilina,60000.0,1547,60,6.1,50,,800,True,,1547,ok,6.1,ok,6.1 — Matérias tóxicas,anilina
767,Resina em solucao,7385.0,1866,30 ou 33,3.0,50,300.0,800,True,,1866,ok,3,recuperado major de '3.0' (provável Nº perigo na coluna),3 — Líquidos inflamáveis,resina em solucao
768,Adesivos contendo um liquido inflamavel,15504.0,1133,30 ou 33,3.0,50,300.0,800,True,,1133,ok,3,recuperado major de '3.0' (provável Nº perigo na coluna),3 — Líquidos inflamáveis,adesivos contendo um liquido inflamavel
769,Hidroxido de sodio solido,40000.0,1823,80,8.0,50,,800,True,,1823,ok,8,recuperado major de '8.0' (provável Nº perigo na coluna),8 — Matérias corrosivas,hidroxido de sodio solido
770,Acendalhas solidas impregnadas de liquido inflamavel,15201.0,2623,40,4.1,25,100.0,800,True,,2623,ok,4.1,ok,4.1 — Sólidos inflamáveis,acendalhas solidas impregnadas de liquido inflamavel
771,Tintas ou materias aparentadas as tintas,6158.0,1263,33,3.0,50,300.0,800,True,,1263,ok,3,recuperado major de '3.0' (provável Nº perigo na coluna),3 — Líquidos inflamáveis,tintas ou materias aparentadas as tintas
772,Tintas ou materias aparentadas as tintas,1962.0,1263,30,3.0,50,300.0,800,True,,1263,ok,3,recuperado major de '3.0' (provável Nº perigo na coluna),3 — Líquidos inflamáveis,tintas ou materias aparentadas as tintas
772,Acumuladores electricos cheios de electrolito liquido acido,9675.0,2794,80,8.0,50,,800,True,,2794,ok,8,recuperado major de '8.0' (provável Nº perigo na coluna),8 — Matérias corrosivas,acumuladores electricos cheios de electrolito liquido acido
773,Tintas ou materias aparentadas as tintas,73049.0,1263,33,3.0,50,300.0,800,True,,1263,ok,3,recuperado major de '3.0' (provável Nº perigo na coluna),3 — Líquidos inflamáveis,tintas ou materias aparentadas as tintas
775,Acendalhas solidas impregnadas de liquido inflamavel,15201.0,2623,40,4.1,25,100.0,800,True,,2623,ok,4.1,ok,4.1 — Sólidos inflamáveis,acendalhas solidas impregnadas de liquido inflamavel
776,Resina em solucao,717.0,1866,30 ou 33,3.0,50,300.0,800,True,,1866,ok,3,recuperado major de '3.0' (provável Nº perigo na coluna),3 — Líquidos inflamáveis,resina em solucao
777,Acumuladores electricos cheios de electrolito liquido acido,900.0,2794,80,8.0,50,,800,True,,2794,ok,8,recuperado major de '8.0' (provável Nº perigo na coluna),8 — Matérias corrosivas,acumuladores electricos cheios de electrolito liquido acido
778,Oxido de mesitilo,1370.0,1229,30,3.0,50,300.0,800,True,,1229,ok,3,recuperado major de '3.0' (provável Nº perigo na coluna),3 — Líquidos inflamáveis,oxido de mesitilo
778,Resina em solucao,2655.0,1866,30,3.0,50,300.0,800,True,,1866,ok,3,recuperado major de '3.0' (provável Nº perigo na coluna),3 — Líquidos inflamáveis,resina em solucao
778,Diacetona-alcool,615.0,1148,33,3.0,50,300.0,800,True,,1148,ok,3,recuperado major de '3.0' (provável Nº perigo na coluna),3 — Líquidos inflamáveis,diacetona-alcool
778,Metilisobutilcetona,190.0,1245,33,3.0,50,300.0,800,True,,1245,ok,3,recuperado major de '3.0' (provável Nº perigo na coluna),3 — Líquidos inflamáveis,metilisobutilcetona
779,Adesivos contendo um liquido inflamavel,7184.0,1133,33,3.0,50,300.0,800,True,,1133,ok,3,recuperado major de '3.0' (provável Nº perigo na coluna),3 — Líquidos inflamáveis,adesivos contendo um liquido inflamavel
774,Tintas ou materias aparentadas as tintas,2117.0,1263,33,3.0,50,300.0,800,True,,1263,ok,3,recuperado major de '3.0' (provável Nº perigo na coluna),3 — Líquidos inflamáveis,tintas ou materias aparentadas as tintas
780,Liquido inflamavel n.s.a.,624.0,1993,30 ou 33,3.0,50,300.0,800,True,,1993,ok,3,recuperado major de '3.0' (provável Nº perigo na coluna),3 — Líquidos inflamáveis,liquido inflamavel n.s.a.
781,Hidrocarbonetos liquidos n.s.a.,100.0,3295,33,3.0,50,300.0,800,True,,3295,ok,3,recuperado major de '3.0' (provável Nº perigo na coluna),3 — Líquidos inflamáveis,hidrocarbonetos liquidos n.s.a.
782,Acendalhas solidas impregnadas de liquido inflamavel,37755.0,2623,40,4.1,25,100.0,800,True,,2623,ok,4.1,ok,4.1 — Sólidos inflamáveis,acendalhas solidas impregnadas de liquido inflamavel
783,Anilina,46060.0,1547,60,6.1,50,,800,True,,1547,ok,6.1,ok,6.1 — Matérias tóxicas,anilina
784,Resina em solucao,9420.0,1866,33,3.5,50,300.0,800,True,,1866,ok,3,recuperado major de '3.5' (provável Nº perigo na coluna),3 — Líquidos inflamáveis,resina em solucao
784,Oxido de mesitilo,3520.0,1229,30,3.31,50,300.0,800,True,,1229,ok,3,recuperado major de '3.31' (provável Nº perigo na coluna),3 — Líquidos inflamáveis,oxido de mesitilo
748,Cloro,47720.0,1017,265,2.0,100,,800,False,,1017,ok,2,recuperado major de '2.0' (provável Nº perigo na coluna),2 — Gases,cloro
749,Adesivos contendo um liquido inflamavel,4650.0,1133,33,3.0,50,300.0,800,True,,1133,ok,3,recuperado major de '3.0' (provável Nº perigo na coluna),3 — Líquidos inflamáveis,adesivos contendo um liquido inflamavel
750,Cloro,47920.0,1017,265,2.0,100,,800,False,,1017,ok,2,recuperado major de '2.0' (provável Nº perigo na coluna),2 — Gases,cloro
751,Materia perigosa do ponto de vista do ambiente solida n.s.a.,16000.0,3077,90,9.0,50,,800,True,,3077,ok,9,recuperado major de '9.0' (provável Nº perigo na coluna),9 — Matérias e objetos perigosos diversos,materia perigosa do ponto de vista do ambiente solida n.s.a.
752,Tintas ou materias aparentadas as tintas,3033.0,1263,33,3.0,50,300.0,800,True,,1263,ok,3,recuperado major de '3.0' (provável Nº perigo na coluna),3 — Líquidos inflamáveis,tintas ou materias aparentadas as tintas
784,Diacetona-alcool,5950.0,1148,33,3.0,50,300.0,800,True,,1148,ok,3,recuperado major de '3.0' (provável Nº perigo na coluna),3 — Líquidos inflamáveis,diacetona-alcool
785,Anilina,47000.0,1547,60,6.1,50,,800,True,,1547,ok,6.1,ok,6.1 — Matérias tóxicas,anilina
786,Materia perigosa do ponto de vista do ambiente solida n.s.a.,24000.0,3077,90,9.0,50,,800,True,,3077,ok,9,recuperado major de '9.0' (provável Nº perigo na coluna),9 — Matérias e objetos perigosos diversos,materia perigosa do ponto de vista do ambiente solida n.s.a.
787,Resina em solucao,5230.0,1866,33,3.5,50,300.0,800,True,,1866,ok,3,recuperado major de '3.5' (provável Nº perigo na coluna),3 — Líquidos inflamáveis,resina em solucao
787,Hidrocarbonetos liquidos n.s.a.,570.0,3295,33,3.1,50,300.0,800,True,,3295,ok,3,recuperado major de '3.1' (provável Nº perigo na coluna),3 — Líquidos inflamáveis,hidrocarbonetos liquidos n.s.a.
787,Oxido de mesitilo,850.0,850,30,3.31,50,300.0,800,True,,0850,padded de '850',3,recuperado major de '3.31' (provável Nº perigo na coluna),3 — Líquidos inflamáveis,oxido de mesitilo
787,Diacetona-alcool,3440.0,1148,33,3.3,50,300.0,800,True,,1148,ok,3,recuperado major de '3.3' (provável Nº perigo na coluna),3 — Líquidos inflamáveis,diacetona-alcool
788,Anilina,46640.0,1547,60,6.1,50,,800,True,,1547,ok,6.1,ok,6.1 — Matérias tóxicas,anilina
789,Tintas ou materias aparentadas as tintas,100.0,1263,33,3.5,50,300.0,800,True,,1263,ok,3,recuperado major de '3.5' (provável Nº perigo na coluna),3 — Líquidos inflamáveis,tintas ou materias aparentadas as tintas
790,Acendalhas solidas impregnadas de liquido inflamavel,15201.0,2623,40,4.1,25,100.0,800,True,,2623,ok,4.1,ok,4.1 — Sólidos inflamáveis,acendalhas solidas impregnadas de liquido inflamavel
791,Tintas ou materias aparentadas as tintas,4342.0,1263,30 ou 33,3.0,50,300.0,800,True,,1263,ok,3,recuperado major de '3.0' (provável Nº perigo na coluna),3 — Líquidos inflamáveis,tintas ou materias aparentadas as tintas
792,Tintas ou materias aparentadas as tintas,10166.0,1263,33,3.5,50,300.0,800,True,,1263,ok,3,recuperado major de '3.5' (provável Nº perigo na coluna),3 — Líquidos inflamáveis,tintas ou materias aparentadas as tintas
793,Hidroxido de sodio solido,18375.0,1823,80,8.41,50,,800,True,,1823,ok,8,recuperado major de '8.41' (provável Nº perigo na coluna),8 — Matérias corrosivas,hidroxido de sodio solido
794,Acendalhas solidas impregnadas de liquido inflamavel,22000.0,2623,40,4.1,25,100.0,800,True,,2623,ok,4.1,ok,4.1 — Sólidos inflamáveis,acendalhas solidas impregnadas de liquido inflamavel
795,Hipoclorito em solucao,16805.0,1791,80,8.6,50,,800,True,,1791,ok,8,recuperado major de '8.6' (provável Nº perigo na coluna),8 — Matérias corrosivas,hipoclorito em solucao
796,Anilina,40060.0,1547,60,6.1,50,,800,True,,1547,ok,6.1,ok,6.1 — Matérias tóxicas,anilina
797,Anilina,40080.0,1547,60,6.1,50,,800,True,,1547,ok,6.1,ok,6.1 — Matérias tóxicas,anilina
798,Tintas ou materias aparentadas as tintas,5826.0,1263,30 ou 33,3.0,50,300.0,800,True,,1263,ok,3,recuperado major de '3.0' (provável Nº perigo na coluna),3 — Líquidos inflamáveis,tintas ou materias aparentadas as tintas
799,Anilina,92000.0,1547,60,6.1,50,,800,True,,1547,ok,6.1,ok,6.1 — Matérias tóxicas,anilina
800,Etildiclorossilano,8370.0,1183,X338,4.3,50,,800,True,,1183,ok,4.3,ok,4.3 — Em contacto c/ água libertam gases inflamáveis,etildiclorossilano
801,Anilina,92.0,1547,60,6.1,50,,800,True,,1547,ok,6.1,ok,6.1 — Matérias tóxicas,anilina
802,Tintas ou materias aparentadas as tintas,4911.0,1263,30 ou 33,3.0,50,300.0,800,True,,1263,ok,3,recuperado major de '3.0' (provável Nº perigo na coluna),3 — Líquidos inflamáveis,tintas ou materias aparentadas as tintas
803,Resina em solucao,540.0,1866,33,3.5,50,300.0,800,True,,1866,ok,3,recuperado major de '3.5' (provável Nº perigo na coluna),3 — Líquidos inflamáveis,resina em solucao
803,Sucedaneo de essencia de terebentina,2550.0,2550,33,3.0,50,300.0,800,True,,2550,ok,3,recuperado major de '3.0' (provável Nº perigo na coluna),3 — Líquidos inflamáveis,sucedaneo de essencia de terebentina
803,Diacetona-alcool,120.0,1148,33,3.31,50,300.0,800,True,,1148,ok,3,recuperado major de '3.31' (provável Nº perigo na coluna),3 — Líquidos inflamáveis,diacetona-alcool
803,Xilenos,2550.0,1307,30,3.0,50,300.0,800,True,,1307,ok,3,recuperado major de '3.0' (provável Nº perigo na coluna),3 — Líquidos inflamáveis,xilenos
804,Acendalhas solidas impregnadas de liquido inflamavel,26000.0,2623,40,4.1,25,100.0,800,True,,2623,ok,4.1,ok,4.1 — Sólidos inflamáveis,acendalhas solidas impregnadas de liquido inflamavel
805,Tintas ou materias aparentadas as tintas,11116.0,1263,30 ou 33,3.0,50,300.0,800,True,,1263,ok,3,recuperado major de '3.0' (provável Nº perigo na coluna),3 — Líquidos inflamáveis,tintas ou materias aparentadas as tintas
806,Adesivos contendo um liquido inflamavel,7532.0,1133,33,3.5,50,300.0,800,True,,1133,ok,3,recuperado major de '3.5' (provável Nº perigo na coluna),3 — Líquidos inflamáveis,adesivos contendo um liquido inflamavel
807,Aerossois,510.0,1950,20,2.0,100,500.0,800,True,,1950,ok,2,recuperado major de '2.0' (provável Nº perigo na coluna),2 — Gases,aerossois
808,Acendalhas solidas impregnadas de liquido inflamavel,21000.0,2623,40,4.1,25,100.0,800,True,,2623,ok,4.1,ok,4.1 — Sólidos inflamáveis,acendalhas solidas impregnadas de liquido inflamavel
809,Tintas ou materias aparentadas as tintas,550.0,1263,30 ou 33,3.0,50,300.0,800,True,,1263,ok,3,recuperado major de '3.0' (provável Nº perigo na coluna),3 — Líquidos inflamáveis,tintas ou materias aparentadas as tintas
810,Tintas ou materias aparentadas as tintas,2028.0,1263,33,3.0,50,300.0,800,True,,1263,ok,3,recuperado major de '3.0' (provável Nº perigo na coluna),3 — Líquidos inflamáveis,tintas ou materias aparentadas as tintas
811,Resina em solucao,3165.0,1866,33,3.0,50,300.0,800,True,,1866,ok,3,recuperado major de '3.0' (provável Nº perigo na coluna),3 — Líquidos inflamáveis,resina em solucao
811,Sucedaneo de essencia de terebentina,785.0,1300,30,3.0,50,300.0,800,True,,1300,ok,3,recuperado major de '3.0' (provável Nº perigo na coluna),3 — Líquidos inflamáveis,sucedaneo de essencia de terebentina
811,Diacetona-alcool,585.0,1148,30,3.0,50,300.0,800,True,,1148,ok,3,recuperado major de '3.0' (provável Nº perigo na coluna),3 — Líquidos inflamáveis,diacetona-alcool
811,Resina em solucao,1085.0,1866,33,3.0,50,300.0,800,True,,1866,ok,3,recuperado major de '3.0' (provável Nº perigo na coluna),3 — Líquidos inflamáveis,resina em solucao
811,Xilenos,1770.0,1307,30,3.0,50,300.0,800,True,,1307,ok,3,recuperado major de '3.0' (provável Nº perigo na coluna),3 — Líquidos inflamáveis,xilenos
811,Tintas ou materias aparentadas as tintas,1884.0,1263,33,3.0,50,300.0,800,True,,1263,ok,3,recuperado major de '3.0' (provável Nº perigo na coluna),3 — Líquidos inflamáveis,tintas ou materias aparentadas as tintas
812,Aerossois,21000.0,1950,285,2.0,100,500.0,800,True,,1950,ok,2,recuperado major de '2.0' (provável Nº perigo na coluna),2 — Gases,aerossois
812,Aerossois,21000.0,1950,285,2.0,100,500.0,800,True,,1950,ok,2,recuperado major de '2.0' (provável Nº perigo na coluna),2 — Gases,aerossois
812,Liquido inorganico corrosivo acido n.s.a.,21000.0,3264,88,8.0,50,,800,True,,3264,ok,8,recuperado major de '8.0' (provável Nº perigo na coluna),8 — Matérias corrosivas,liquido inorganico corrosivo acido n.s.a.
812,Alquifenois liquidos,21000.0,3145,88,8.0,50,800.0,800,True,,3145,ok,8,recuperado major de '8.0' (provável Nº perigo na coluna),8 — Matérias corrosivas,alquifenois liquidos
812,Alquifenois liquidos,21000.0,3145,88,8.0,50,800.0,800,True,,3145,ok,8,recuperado major de '8.0' (provável Nº perigo na coluna),8 — Matérias corrosivas,alquifenois liquidos
813,Tintas ou materias aparentadas as tintas,1684.0,1263,33,3.0,50,300.0,800,True,,1263,ok,3,recuperado major de '3.0' (provável Nº perigo na coluna),3 — Líquidos inflamáveis,tintas ou materias aparentadas as tintas
814,Acendalhas solidas impregnadas de liquido inflamavel,25000.0,2623,40,4.1,25,100.0,800,True,,2623,ok,4.1,ok,4.1 — Sólidos inflamáveis,acendalhas solidas impregnadas de liquido inflamavel
815,Aerossois,42000.0,1950,285,2.0,100,500.0,800,True,,1950,ok,2,recuperado major de '2.0' (provável Nº perigo na coluna),2 — Gases,aerossois
815,Liquido inorganico corrosivo acido n.s.a.,21000.0,3264,88,8.0,50,,800,True,,3264,ok,8,recuperado major de '8.0' (provável Nº perigo na coluna),8 — Matérias corrosivas,liquido inorganico corrosivo acido n.s.a.
815,Alquifenois liquidos,42000.0,3145,88,8.0,50,800.0,800,True,,3145,ok,8,recuperado major de '8.0' (provável Nº perigo na coluna),8 — Matérias corrosivas,alquifenois liquidos
816,Resina em solucao,5605.0,1866,33,3.0,50,300.0,800,True,,1866,ok,3,recuperado major de '3.0' (provável Nº perigo na coluna),3 — Líquidos inflamáveis,resina em solucao
816,Xilenos,7165.0,1307,30,3.31,50,300.0,800,True,,1307,ok,3,recuperado major de '3.31' (provável Nº perigo na coluna),3 — Líquidos inflamáveis,xilenos
816,Oxido de mesitilo,1420.0,1229,30,3.31,50,300.0,800,True,,1229,ok,3,recuperado major de '3.31' (provável Nº perigo na coluna),3 — Líquidos inflamáveis,oxido de mesitilo
816,Diacetona-alcool,1870.0,1148,30,3.31,50,300.0,800,True,,1148,ok,3,recuperado major de '3.31' (provável Nº perigo na coluna),3 — Líquidos inflamáveis,diacetona-alcool
816,Hidrocarbonetos liquidos n.s.a.,885.0,3295,33,3.1,50,300.0,800,True,,3295,ok,3,recuperado major de '3.1' (provável Nº perigo na coluna),3 — Líquidos inflamáveis,hidrocarbonetos liquidos n.s.a.
817,Adesivos contendo um liquido inflamavel,7372.0,1133,33,3.5,50,300.0,800,True,,1133,ok,3,recuperado major de '3.5' (provável Nº perigo na coluna),3 — Líquidos inflamáveis,adesivos contendo um liquido inflamavel
817,Tintas ou materias aparentadas as tintas,300.0,1263,33,3.5,50,300.0,800,True,,1263,ok,3,recuperado major de '3.5' (provável Nº perigo na coluna),3 — Líquidos inflamáveis,tintas ou materias aparentadas as tintas
818,Anilina,40000.0,1547,60,6.1,50,,800,True,,1547,ok,6.1,ok,6.1 — Matérias tóxicas,anilina
819,Anilina,39880.0,1547,60,6.1,50,,800,True,,1547,ok,6.1,ok,6.1 — Matérias tóxicas,anilina
820,"Gas frigorifico, n.s.a.",100.0,1078,20,2.2,100,500.0,800,True,,1078,ok,2.2,ok,"2.2 — Gases não inflamáveis, não tóxicos","gas frigorifico, n.s.a."
821,Materia perigosa do ponto de vista do ambiente solida n.s.a.,,3077,90,9.0,50,,800,True,,3077,ok,9,recuperado major de '9.0' (provável Nº perigo na coluna),9 — Matérias e objetos perigosos diversos,materia perigosa do ponto de vista do ambiente solida n.s.a.
822,Diacetona-alcool,990.0,1148,33,3.3,50,300.0,800,True,,1148,ok,3,recuperado major de '3.3' (provável Nº perigo na coluna),3 — Líquidos inflamáveis,diacetona-alcool
822,Oxido de mesitilo,750.0,1229,30,3.31,50,300.0,800,True,,1229,ok,3,recuperado major de '3.31' (provável Nº perigo na coluna),3 — Líquidos inflamáveis,oxido de mesitilo
822,Resina em solucao,2510.0,1866,33,3.5,50,300.0,800,True,,1866,ok,3,recuperado major de '3.5' (provável Nº perigo na coluna),3 — Líquidos inflamáveis,resina em solucao
823,Anilina,75110.0,1547,60,6.1,50,,800,True,,1547,ok,6.1,ok,6.1 — Matérias tóxicas,anilina
824,Anilina,40040.0,1547,60,6.1,50,,800,True,,1547,ok,6.1,ok,6.1 — Matérias tóxicas,anilina
825,Tintas ou materias aparentadas as tintas,4746.0,1263,33,3.0,50,300.0,800,True,,1263,ok,3,recuperado major de '3.0' (provável Nº perigo na coluna),3 — Líquidos inflamáveis,tintas ou materias aparentadas as tintas
826,Liquido corrosivo n.s.a.,5664.0,1760,88,8.66,50,,800,True,,1760,ok,8,recuperado major de '8.66' (provável Nº perigo na coluna),8 — Matérias corrosivas,liquido corrosivo n.s.a.
826,Acumuladores electricos cheios de electrolito liquido acido,2794.0,2794,80,8.0,50,,800,True,,2794,ok,8,recuperado major de '8.0' (provável Nº perigo na coluna),8 — Matérias corrosivas,acumuladores electricos cheios de electrolito liquido acido
827,Materia perigosa do ponto de vista do ambiente solida n.s.a.,4078.0,3077,90,9.0,50,,800,True,,3077,ok,9,recuperado major de '9.0' (provável Nº perigo na coluna),9 — Matérias e objetos perigosos diversos,materia perigosa do ponto de vista do ambiente solida n.s.a.
828,Tintas ou materias aparentadas as tintas,160.0,1263,33,3.0,50,300.0,800,True,,1263,ok,3,recuperado major de '3.0' (provável Nº perigo na coluna),3 — Líquidos inflamáveis,tintas ou materias aparentadas as tintas
828,Hidroxido de sodio em solucao,1533.0,1824,80,8.42,50,,800,True,,1824,ok,8,recuperado major de '8.42' (provável Nº perigo na coluna),8 — Matérias corrosivas,hidroxido de sodio em solucao
828,Hipoclorito em solucao,1150.0,1791,80,8.61,50,,800,True,,1791,ok,8,recuperado major de '8.61' (provável Nº perigo na coluna),8 — Matérias corrosivas,hipoclorito em solucao
828,Cloreto de ferro III em solucao,1050.0,2582,80,8.5,50,50.0,800,True,,2582,ok,8,recuperado major de '8.5' (provável Nº perigo na coluna),8 — Matérias corrosivas,cloreto de ferro iii em solucao
828,Acido cloridrico,1150.0,1789,80,8.5,50,,800,True,,1789,ok,8,recuperado major de '8.5' (provável Nº perigo na coluna),8 — Matérias corrosivas,acido cloridrico
829,Tintas ou materias aparentadas as tintas,2166.0,1263,33,3.0,50,300.0,800,True,,1263,ok,3,recuperado major de '3.0' (provável Nº perigo na coluna),3 — Líquidos inflamáveis,tintas ou materias aparentadas as tintas
830,Anilina,46960.0,1547,60,6.1,50,,800,True,,1547,ok,6.1,ok,6.1 — Matérias tóxicas,anilina
831,Adesivos contendo um liquido inflamavel,7397.0,1133,33,3.5,50,300.0,800,True,,1133,ok,3,recuperado major de '3.5' (provável Nº perigo na coluna),3 — Líquidos inflamáveis,adesivos contendo um liquido inflamavel
832,Materia perigosa do ponto de vista do ambiente solida n.s.a.,1820.0,3077,90,9.0,50,,800,True,,3077,ok,9,recuperado major de '9.0' (provável Nº perigo na coluna),9 — Matérias e objetos perigosos diversos,materia perigosa do ponto de vista do ambiente solida n.s.a.
833,Acido sulfurico contendo no maximo 51% de acido,16.0,2796,80,8.0,50,,800,True,,2796,ok,8,recuperado major de '8.0' (provável Nº perigo na coluna),8 — Matérias corrosivas,acido sulfurico contendo no maximo 51% de acido
833,Motor de combustao interna,5.0,3166,90,9.0,50,300.0,800,True,,3166,ok,9,recuperado major de '9.0' (provável Nº perigo na coluna),9 — Matérias e objetos perigosos diversos,motor de combustao interna
834,Liquido corrosivo n.s.a.,1760.0,1760,88,8.66,50,,800,True,,1760,ok,8,recuperado major de '8.66' (provável Nº perigo na coluna),8 — Matérias corrosivas,liquido corrosivo n.s.a.
835,Tintas ou materias aparentadas as tintas,60.0,1263,33,3.5,50,300.0,800,True,,1263,ok,3,recuperado major de '3.5' (provável Nº perigo na coluna),3 — Líquidos inflamáveis,tintas ou materias aparentadas as tintas
739,Cloro,23960.0,1017,26,2.0,100,,800,False,,1017,ok,2,recuperado major de '2.0' (provável Nº perigo na coluna),2 — Gases,cloro
740,Acendalhas solidas impregnadas de liquido inflamavel,20462.0,2623,40,4.1,25,100.0,800,True,,2623,ok,4.1,ok,4.1 — Sólidos inflamáveis,acendalhas solidas impregnadas de liquido inflamavel
741,Tintas ou materias aparentadas as tintas,6859.0,1263,30 ou 33,3.0,50,300.0,800,True,,1263,ok,3,recuperado major de '3.0' (provável Nº perigo na coluna),3 — Líquidos inflamáveis,tintas ou materias aparentadas as tintas
742,Acendalhas solidas impregnadas de liquido inflamavel,27000.0,2623,40,4.1,25,100.0,800,True,,2623,ok,4.1,ok,4.1 — Sólidos inflamáveis,acendalhas solidas impregnadas de liquido inflamavel
743,Produtos de perfumaria,5000.0,1266,30,3.0,50,300.0,800,True,,1266,ok,3,recuperado major de '3.0' (provável Nº perigo na coluna),3 — Líquidos inflamáveis,produtos de perfumaria
744,Tintas ou materias aparentadas as tintas,1375.0,1263,30,3.0,50,300.0,800,True,,1263,ok,3,recuperado major de '3.0' (provável Nº perigo na coluna),3 — Líquidos inflamáveis,tintas ou materias aparentadas as tintas
745,Acendalhas solidas impregnadas de liquido inflamavel,26000.0,2623,40,4.1,25,100.0,800,True,,2623,ok,4.1,ok,4.1 — Sólidos inflamáveis,acendalhas solidas impregnadas de liquido inflamavel
746,Recipientes de baixa capacidade contendo gas,22000.0,2037,20,2.0,50,,800,True,,2037,ok,2,recuperado major de '2.0' (provável Nº perigo na coluna),2 — Gases,recipientes de baixa capacidade contendo gas
747,Cloro,144000.0,1017,265,2.0,100,,800,False,,1017,ok,2,recuperado major de '2.0' (provável Nº perigo na coluna),2 — Gases,cloro
835,Resina em solucao inflamavel,1680.0,1866,33,3.5,50,300.0,800,True,,1866,ok,3,recuperado major de '3.5' (provável Nº perigo na coluna),3 — Líquidos inflamáveis,resina em solucao inflamavel
835,Sucedaneo de essencia de terebentina,750.0,1300,33,3.3,50,300.0,800,True,,1300,ok,3,recuperado major de '3.3' (provável Nº perigo na coluna),3 — Líquidos inflamáveis,sucedaneo de essencia de terebentina
836,Diisocianato de toluileno,20000.0,2078,60,6.1,50,,800,True,,2078,ok,6.1,ok,6.1 — Matérias tóxicas,diisocianato de toluileno
837,Diisocianato de toluileno,20000.0,2078,60,6.1,50,,800,True,,2078,ok,6.1,ok,6.1 — Matérias tóxicas,diisocianato de toluileno
838,Acendalhas solidas impregnadas de liquido inflamavel,45000.0,2623,40,4.1,25,100.0,800,True,,2623,ok,4.1,ok,4.1 — Sólidos inflamáveis,acendalhas solidas impregnadas de liquido inflamavel
839,Tintas ou materias aparentadas as tintas,450.0,1263,33,3.5,50,300.0,800,True,,1263,ok,3,recuperado major de '3.5' (provável Nº perigo na coluna),3 — Líquidos inflamáveis,tintas ou materias aparentadas as tintas
840,Tintas ou materias aparentadas as tintas,3678.0,1263,33,3.0,50,300.0,800,True,,1263,ok,3,recuperado major de '3.0' (provável Nº perigo na coluna),3 — Líquidos inflamáveis,tintas ou materias aparentadas as tintas
841,Anilina,114400.0,1547,6.1,6.1,50,,800,True,,1547,ok,6.1,ok,6.1 — Matérias tóxicas,anilina
842,Anilina,69320.0,1547,60,6.1,50,,800,True,,1547,ok,6.1,ok,6.1 — Matérias tóxicas,anilina
843,Adesivos contendo um liquido inflamavel,2488.0,1133,33,3.5,50,300.0,800,True,,1133,ok,3,recuperado major de '3.5' (provável Nº perigo na coluna),3 — Líquidos inflamáveis,adesivos contendo um liquido inflamavel
843,Tintas ou materias aparentadas as tintas,900.0,1263,33,3.5,50,300.0,800,True,,1263,ok,3,recuperado major de '3.5' (provável Nº perigo na coluna),3 — Líquidos inflamáveis,tintas ou materias aparentadas as tintas
844,Diisocianato de toluileno,20000.0,2078,60,6.1,50,,800,True,,2078,ok,6.1,ok,6.1 — Matérias tóxicas,diisocianato de toluileno
845,Acido sulfurico contendo no maximo 51% de acido,16.0,2796,80,8.0,50,,800,True,,2796,ok,8,recuperado major de '8.0' (provável Nº perigo na coluna),8 — Matérias corrosivas,acido sulfurico contendo no maximo 51% de acido
846,Hidroxido de potassio solido,8.0,1813,80,8.0,50,,800,True,,1813,ok,8,recuperado major de '8.0' (provável Nº perigo na coluna),8 — Matérias corrosivas,hidroxido de potassio solido
847,Diisocianato de toluileno,20000.0,2078,60,6.1,50,,800,True,,2078,ok,6.1,ok,6.1 — Matérias tóxicas,diisocianato de toluileno
848,Diisocianato de toluileno,20000.0,2079,60,6.1,50,,800,True,,2079,ok,6.1,ok,6.1 — Matérias tóxicas,diisocianato de toluileno
849,Adesivos contendo um liquido inflamavel,7439.0,1133,33,3.5,50,300.0,800,True,,1133,ok,3,recuperado major de '3.5' (provável Nº perigo na coluna),3 — Líquidos inflamáveis,adesivos contendo um liquido inflamavel
850,Diclorometano,4780.0,1593,60,6.1,50,100.0,800,True,,1593,ok,6.1,ok,6.1 — Matérias tóxicas,diclorometano
851,Xilenos,2560.0,1307,30,3.31,50,300.0,800,True,,1307,ok,3,recuperado major de '3.31' (provável Nº perigo na coluna),3 — Líquidos inflamáveis,xilenos
851,Acetato de butilo,400.0,1123,30,3.31,50,300.0,800,True,,1123,ok,3,recuperado major de '3.31' (provável Nº perigo na coluna),3 — Líquidos inflamáveis,acetato de butilo
851,Tolueno,1700.0,1294,33,3.0,50,300.0,800,True,,1294,ok,3,recuperado major de '3.0' (provável Nº perigo na coluna),3 — Líquidos inflamáveis,tolueno
852,Resina em solucao,1620.0,1866,30,3.31,50,300.0,800,True,,1866,ok,3,recuperado major de '3.31' (provável Nº perigo na coluna),3 — Líquidos inflamáveis,resina em solucao
852,Etilmetilcetona,125.0,1193,33,3.0,50,300.0,800,True,,1193,ok,3,recuperado major de '3.0' (provável Nº perigo na coluna),3 — Líquidos inflamáveis,etilmetilcetona
852,Diacetona-alcool,850.0,1148,33,3.3,50,300.0,800,True,,1148,ok,3,recuperado major de '3.3' (provável Nº perigo na coluna),3 — Líquidos inflamáveis,diacetona-alcool
852,Nitrocelulose em alcool,1800.0,2556,40,4.1,100,500.0,800,True,,2556,ok,4.1,ok,4.1 — Sólidos inflamáveis,nitrocelulose em alcool
852,Xilenos,850.0,1307,30,3.31,50,300.0,800,True,,1307,ok,3,recuperado major de '3.31' (provável Nº perigo na coluna),3 — Líquidos inflamáveis,xilenos
852,Isobutanol,200.0,1212,30,3.31,50,300.0,800,True,,1212,ok,3,recuperado major de '3.31' (provável Nº perigo na coluna),3 — Líquidos inflamáveis,isobutanol
852,Acetona,1000.0,1090,33,3.3,50,300.0,800,True,,1090,ok,3,recuperado major de '3.3' (provável Nº perigo na coluna),3 — Líquidos inflamáveis,acetona
853,Tintas ou materias aparentadas as tintas,500.0,1263,30,33.0,50,300.0,800,True,,1263,ok,3,recuperado primeiro dígito de '33.0',3 — Líquidos inflamáveis,tintas ou materias aparentadas as tintas
854,Anilina,40000.0,1547,60,6.1,50,,800,True,,1547,ok,6.1,ok,6.1 — Matérias tóxicas,anilina
855,Tintas ou materias aparentadas as tintas,17800.0,1263,33,3.0,50,300.0,800,True,,1263,ok,3,recuperado major de '3.0' (provável Nº perigo na coluna),3 — Líquidos inflamáveis,tintas ou materias aparentadas as tintas
856,Liquido organico toxico n.s.a.,2000.0,2810,60,6.1,50,,800,True,,2810,ok,6.1,ok,6.1 — Matérias tóxicas,liquido organico toxico n.s.a.
856,Liquido inorganico corrosivo acido n.s.a.,1250.0,3264,88,8.17,50,,800,True,,3264,ok,8,recuperado major de '8.17' (provável Nº perigo na coluna),8 — Matérias corrosivas,liquido inorganico corrosivo acido n.s.a.
856,Aerossois,24370.0,1950,20,2.5,50,500.0,800,True,,1950,ok,2,recuperado major de '2.5' (provável Nº perigo na coluna),2 — Gases,aerossois
857,Diisocianato de toluileno,20000.0,2078,60,6.1,50,,800,True,,2078,ok,6.1,ok,6.1 — Matérias tóxicas,diisocianato de toluileno
858,Tintas ou materias aparentadas as tintas,3605.0,1263,33,3.31,50,300.0,800,True,,1263,ok,3,recuperado major de '3.31' (provável Nº perigo na coluna),3 — Líquidos inflamáveis,tintas ou materias aparentadas as tintas
858,Resina em solucao,1512.0,1866,33,3.5,50,300.0,800,True,,1866,ok,3,recuperado major de '3.5' (provável Nº perigo na coluna),3 — Líquidos inflamáveis,resina em solucao
859,Diisocianato de toluileno,20000.0,2078,60,6.1,50,,800,True,,2078,ok,6.1,ok,6.1 — Matérias tóxicas,diisocianato de toluileno
860,Diisocianato de toluileno,20000.0,2078,60,6.1,50,,800,True,,2078,ok,6.1,ok,6.1 — Matérias tóxicas,diisocianato de toluileno
861,Produtos de perfumaria,6109.0,1266,33,3.5,50,300.0,800,True,,1266,ok,3,recuperado major de '3.5' (provável Nº perigo na coluna),3 — Líquidos inflamáveis,produtos de perfumaria
862,Diisocianato de toluileno,40000.0,2078,60,6.1,50,,800,True,,2078,ok,6.1,ok,6.1 — Matérias tóxicas,diisocianato de toluileno
863,Anilina,23180.0,1547,60,6.1,50,,800,True,,1547,ok,6.1,ok,6.1 — Matérias tóxicas,anilina
864,Anilina,23200.0,1547,60,6.1,50,,800,True,,1547,ok,6.1,ok,6.1 — Matérias tóxicas,anilina
865,Liquido organico corrosivo acido n.s.a.,542.0,3265,88,8.0,50,,800,True,,3265,ok,8,recuperado major de '8.0' (provável Nº perigo na coluna),8 — Matérias corrosivas,liquido organico corrosivo acido n.s.a.
865,Acetona,38.0,1090,33,3.0,50,300.0,800,True,,1090,ok,3,recuperado major de '3.0' (provável Nº perigo na coluna),3 — Líquidos inflamáveis,acetona
866,Diisocianato de toluileno,40000.0,2078,60,6.1,50,,800,True,,2078,ok,6.1,ok,6.1 — Matérias tóxicas,diisocianato de toluileno
866,Diclorometano,4240.0,1593,60,6.1,50,100.0,800,True,,1593,ok,6.1,ok,6.1 — Matérias tóxicas,diclorometano
867,Metanol,22000.0,1230,336,3.0,50,,800,True,,1230,ok,3,recuperado major de '3.0' (provável Nº perigo na coluna),3 — Líquidos inflamáveis,metanol
867,Extratos liquidos para aromatizar,1280.0,1197,33,3.0,50,300.0,800,True,,1197,ok,3,recuperado major de '3.0' (provável Nº perigo na coluna),3 — Líquidos inflamáveis,extratos liquidos para aromatizar
867,Acido acetico glacial,4160.0,2789,83,8.0,50,,800,True,,2789,ok,8,recuperado major de '8.0' (provável Nº perigo na coluna),8 — Matérias corrosivas,acido acetico glacial
867,Extratos aromaticos liquidos,204.0,1169,33,3.0,50,300.0,800,True,,1169,ok,3,recuperado major de '3.0' (provável Nº perigo na coluna),3 — Líquidos inflamáveis,extratos aromaticos liquidos
868,Diisocianato de toluileno,40000.0,2078,60,6.1,50,,800,True,,2078,ok,6.1,ok,6.1 — Matérias tóxicas,diisocianato de toluileno
869,Adesivos contendo um liquido inflamavel,6277.0,1133,33,3.5,50,300.0,800,True,,1133,ok,3,recuperado major de '3.5' (provável Nº perigo na coluna),3 — Líquidos inflamáveis,adesivos contendo um liquido inflamavel
870,Tintas ou materias aparentadas as tintas,753.0,1263,33,3.0,50,300.0,800,True,,1263,ok,3,recuperado major de '3.0' (provável Nº perigo na coluna),3 — Líquidos inflamáveis,tintas ou materias aparentadas as tintas
871,Materia perigosa do ponto de vista do ambiente solida n.s.a.,1541.0,3077,90,9.0,50,,800,True,,3077,ok,9,recuperado major de '9.0' (provável Nº perigo na coluna),9 — Matérias e objetos perigosos diversos,materia perigosa do ponto de vista do ambiente solida n.s.a.
872,"Liquido transportado a quente, n.s.a.",19400.0,3257,99,9.2,50,300.0,800,True,,3257,ok,9,recuperado major de '9.2' (provável Nº perigo na coluna),9 — Matérias e objetos perigosos diversos,"liquido transportado a quente, n.s.a."
872,Aerossois,6200.0,1950,20,2.5,50,500.0,800,True,,1950,ok,2,recuperado major de '2.5' (provável Nº perigo na coluna),2 — Gases,aerossois
873,Diisocianato de toluileno,0.0,2078,60,6.1,50,,800,True,,2078,ok,6.1,ok,6.1 — Matérias tóxicas,diisocianato de toluileno
873,Adesivos contendo um liquido inflamavel,0.0,1133,33,3.0,50,300.0,800,True,,1133,ok,3,recuperado major de '3.0' (provável Nº perigo na coluna),3 — Líquidos inflamáveis,adesivos contendo um liquido inflamavel
874,Tintas ou materias aparentadas as tintas,2740.0,1263,33,3.5,50,300.0,800,True,,1263,ok,3,recuperado major de '3.5' (provável Nº perigo na coluna),3 — Líquidos inflamáveis,tintas ou materias aparentadas as tintas
875,Tintas ou materias aparentadas as tintas,9110.0,1263,33,3.5,50,300.0,800,True,,1263,ok,3,recuperado major de '3.5' (provável Nº perigo na coluna),3 — Líquidos inflamáveis,tintas ou materias aparentadas as tintas
876,Materia perigosa do ponto de vista do ambiente solida n.s.a.,3456.0,3077,90,9.0,50,,800,True,,3077,ok,9,recuperado major de '9.0' (provável Nº perigo na coluna),9 — Matérias e objetos perigosos diversos,materia perigosa do ponto de vista do ambiente solida n.s.a.
877,Anilina,20220.0,1547,60,6.1,50,,800,True,,1547,ok,6.1,ok,6.1 — Matérias tóxicas,anilina
878,Acido cloridrico,30.0,1789,80,8.0,50,,800,True,,1789,ok,8,recuperado major de '8.0' (provável Nº perigo na coluna),8 — Matérias corrosivas,acido cloridrico
878,Extintores,100.0,1044,20,2.0,100,500.0,800,False,,1044,ok,2,recuperado major de '2.0' (provável Nº perigo na coluna),2 — Gases,extintores
879,"Poliaminas liquidas corrosivas, n.s.a.",251.0,2735,80,8.53,50,,800,True,,2735,ok,8,recuperado major de '8.53' (provável Nº perigo na coluna),8 — Matérias corrosivas,"poliaminas liquidas corrosivas, n.s.a."
880,Anilina,22800.0,1547,60,6.1,50,,800,True,,1547,ok,6.1,ok,6.1 — Matérias tóxicas,anilina
881,Etanol em solucao,28.0,1170,33,3.3,50,300.0,800,True,,1170,ok,3,recuperado major de '3.3' (provável Nº perigo na coluna),3 — Líquidos inflamáveis,etanol em solucao
881,Produtos de perfumaria,80.0,1266,33,3.5,50,300.0,800,True,,1266,ok,3,recuperado major de '3.5' (provável Nº perigo na coluna),3 — Líquidos inflamáveis,produtos de perfumaria
881,Hipoclorito em solucao,35.0,1791,80,8.6,50,,800,True,,1791,ok,8,recuperado major de '8.6' (provável Nº perigo na coluna),8 — Matérias corrosivas,hipoclorito em solucao
881,Materia perigosa do ponto de vista do ambiente liquida n.s.a,5.0,3082,90,9.0,50,,800,True,,3082,ok,9,recuperado major de '9.0' (provável Nº perigo na coluna),9 — Matérias e objetos perigosos diversos,materia perigosa do ponto de vista do ambiente liquida n.s.a
881,Aerossois,19300.0,1950,20,2.5,50,500.0,800,True,,1950,ok,2,recuperado major de '2.5' (provável Nº perigo na coluna),2 — Gases,aerossois
882,Anilina,23180.0,1547,60,6.1,50,,800,True,,1547,ok,6.1,ok,6.1 — Matérias tóxicas,anilina
883,Tintas ou materias aparentadas as tintas,2731.0,1263,33,3.0,50,300.0,800,True,,1263,ok,3,recuperado major de '3.0' (provável Nº perigo na coluna),3 — Líquidos inflamáveis,tintas ou materias aparentadas as tintas
883,Materia perigosa do ponto de vista do ambiente liquida n.s.a,40.0,3082,90,9.0,50,,800,True,,3082,ok,9,recuperado major de '9.0' (provável Nº perigo na coluna),9 — Matérias e objetos perigosos diversos,materia perigosa do ponto de vista do ambiente liquida n.s.a
883,Liquido corrosivo n.s.a.,30.0,1760,88,8.0,50,,800,True,,1760,ok,8,recuperado major de '8.0' (provável Nº perigo na coluna),8 — Matérias corrosivas,liquido corrosivo n.s.a.
884,Adesivos contendo um liquido inflamavel,8862.0,1133,30,3.1,50,300.0,800,True,,1133,ok,3,recuperado major de '3.1' (provável Nº perigo na coluna),3 — Líquidos inflamáveis,adesivos contendo um liquido inflamavel
885,Adesivos contendo um liquido inflamavel,2929.0,1133,33,3.0,50,300.0,800,True,,1133,ok,3,recuperado major de '3.0' (provável Nº perigo na coluna),3 — Líquidos inflamáveis,adesivos contendo um liquido inflamavel
886,Anilina,23240.0,1547,60,6.1,50,,800,True,,1547,ok,6.1,ok,6.1 — Matérias tóxicas,anilina
887,Materia perigosa do ponto de vista do ambiente solida n.s.a.,8577.0,3077,90,9.0,50,,800,True,,3077,ok,9,recuperado major de '9.0' (provável Nº perigo na coluna),9 — Matérias e objetos perigosos diversos,materia perigosa do ponto de vista do ambiente solida n.s.a.
888,Adesivos contendo um liquido inflamavel,7532.0,1133,30,3.0,50,300.0,800,True,,1133,ok,3,recuperado major de '3.0' (provável Nº perigo na coluna),3 — Líquidos inflamáveis,adesivos contendo um liquido inflamavel
889,Essencia de terebentina,1260.0,1299,30,3.0,50,300.0,800,True,,1299,ok,3,recuperado major de '3.0' (provável Nº perigo na coluna),3 — Líquidos inflamáveis,essencia de terebentina
890,Diisocianato de toluileno,20000.0,2078,60,6.1,50,,800,True,,2078,ok,6.1,ok,6.1 — Matérias tóxicas,diisocianato de toluileno
891,Tintas ou materias aparentadas as tintas,450.0,1263,33,3.0,50,300.0,800,True,,1263,ok,3,recuperado major de '3.0' (provável Nº perigo na coluna),3 — Líquidos inflamáveis,tintas ou materias aparentadas as tintas
892,Adesivos contendo um liquido inflamavel,210.0,1133,33,3.0,50,300.0,800,True,,1133,ok,3,recuperado major de '3.0' (provável Nº perigo na coluna),3 — Líquidos inflamáveis,adesivos contendo um liquido inflamavel
892,Tintas ou materias aparentadas as tintas,615.0,1263,33,3.0,50,300.0,800,True,,1263,ok,3,recuperado major de '3.0' (provável Nº perigo na coluna),3 — Líquidos inflamáveis,tintas ou materias aparentadas as tintas
893,Tintas ou materias aparentadas as tintas,449.0,1263,33,3.0,50,300.0,800,True,,1263,ok,3,recuperado major de '3.0' (provável Nº perigo na coluna),3 — Líquidos inflamáveis,tintas ou materias aparentadas as tintas
893,Xilenos,9718.0,1307,33,3.3,50,300.0,800,True,,1307,ok,3,recuperado major de '3.3' (provável Nº perigo na coluna),3 — Líquidos inflamáveis,xilenos
893,Diisocianato de toluileno,20000.0,2078,60,6.1,50,,800,True,,2078,ok,6.1,ok,6.1 — Matérias tóxicas,diisocianato de toluileno
894,Tintas ou materias aparentadas as tintas,1948.0,1263,33,3.0,50,300.0,800,True,,1263,ok,3,recuperado major de '3.0' (provável Nº perigo na coluna),3 — Líquidos inflamáveis,tintas ou materias aparentadas as tintas
895,Tintas ou materias aparentadas as tintas,300.0,1263,33,3.0,50,300.0,800,True,,1263,ok,3,recuperado major de '3.0' (provável Nº perigo na coluna),3 — Líquidos inflamáveis,tintas ou materias aparentadas as tintas
896,Tintas ou materias aparentadas as tintas,3922.0,1263,33,3.0,50,300.0,800,True,,1263,ok,3,recuperado major de '3.0' (provável Nº perigo na coluna),3 — Líquidos inflamáveis,tintas ou materias aparentadas as tintas
896,Heptafluorpropano,1232.0,3296,20,2.0,100,500.0,800,True,,3296,ok,2,recuperado major de '2.0' (provável Nº perigo na coluna),2 — Gases,heptafluorpropano
897,Tintas ou materias aparentadas as tintas,17392.0,1263,33,3.0,50,300.0,800,True,,1263,ok,3,recuperado major de '3.0' (provável Nº perigo na coluna),3 — Líquidos inflamáveis,tintas ou materias aparentadas as tintas
898,Tintas ou materias aparentadas as tintas,2096.0,1263,33,3.0,50,300.0,800,True,,1263,ok,3,recuperado major de '3.0' (provável Nº perigo na coluna),3 — Líquidos inflamáveis,tintas ou materias aparentadas as tintas
898,Amoniaco em solucao aquosa,2672.0,2672,80,8.0,50,,800,True,,2672,ok,8,recuperado major de '8.0' (provável Nº perigo na coluna),8 — Matérias corrosivas,amoniaco em solucao aquosa
898,Adesivos contendo um liquido inflamavel,8370.0,1133,30,3.0,50,300.0,800,True,,1133,ok,3,recuperado major de '3.0' (provável Nº perigo na coluna),3 — Líquidos inflamáveis,adesivos contendo um liquido inflamavel
899,Diisocianato de toluileno,21440.0,2078,60,6.1,50,,800,True,,2078,ok,6.1,ok,6.1 — Matérias tóxicas,diisocianato de toluileno
900,Tintas ou materias aparentadas as tintas,17363.0,1263,33,3.0,50,300.0,800,True,,1263,ok,3,recuperado major de '3.0' (provável Nº perigo na coluna),3 — Líquidos inflamáveis,tintas ou materias aparentadas as tintas
901,Tintas ou materias aparentadas as tintas,498.0,1263,33,3.0,50,300.0,800,True,,1263,ok,3,recuperado major de '3.0' (provável Nº perigo na coluna),3 — Líquidos inflamáveis,tintas ou materias aparentadas as tintas
902,Tintas ou materias aparentadas as tintas,18105.0,1263,33,3.0,50,300.0,800,True,,1263,ok,3,recuperado major de '3.0' (provável Nº perigo na coluna),3 — Líquidos inflamáveis,tintas ou materias aparentadas as tintas
903,Diacetona-alcool,2865.0,1148,33,3.0,50,300.0,800,True,,1148,ok,3,recuperado major de '3.0' (provável Nº perigo na coluna),3 — Líquidos inflamáveis,diacetona-alcool
903,Acetato do eter monoetilico do etilenoglicol,180.0,1172,30,3.0,50,300.0,800,True,,1172,ok,3,recuperado major de '3.0' (provável Nº perigo na coluna),3 — Líquidos inflamáveis,acetato do eter monoetilico do etilenoglicol
903,Oxido de mesitilo,450.0,1229,30,3.0,50,300.0,800,True,,1229,ok,3,recuperado major de '3.0' (provável Nº perigo na coluna),3 — Líquidos inflamáveis,oxido de mesitilo
903,Acetato de butilo,180.0,1123,30,3.0,50,300.0,800,True,,1123,ok,3,recuperado major de '3.0' (provável Nº perigo na coluna),3 — Líquidos inflamáveis,acetato de butilo
904,Tintas ou materias aparentadas as tintas,8964.0,1263,33,3.0,50,300.0,800,True,,1263,ok,3,recuperado major de '3.0' (provável Nº perigo na coluna),3 — Líquidos inflamáveis,tintas ou materias aparentadas as tintas
905,Adesivos contendo um liquido inflamavel,9724.0,1133,33,3.0,50,300.0,800,True,,1133,ok,3,recuperado major de '3.0' (provável Nº perigo na coluna),3 — Líquidos inflamáveis,adesivos contendo um liquido inflamavel
906,Tintas ou materias aparentadas as tintas,325.0,1263,33,3.0,50,300.0,800,True,,1263,ok,3,recuperado major de '3.0' (provável Nº perigo na coluna),3 — Líquidos inflamáveis,tintas ou materias aparentadas as tintas
907,Materia perigosa do ponto de vista do ambiente liquida n.s.a,22120.0,3082,90,9.0,50,,800,True,,3082,ok,9,recuperado major de '9.0' (provável Nº perigo na coluna),9 — Matérias e objetos perigosos diversos,materia perigosa do ponto de vista do ambiente liquida n.s.a
908,Extintores,6900.0,1044,20,2.0,100,500.0,800,False,,1044,ok,2,recuperado major de '2.0' (provável Nº perigo na coluna),2 — Gases,extintores
909,Adesivos contendo um liquido inflamavel,4948.0,1133,33,3.0,50,300.0,800,True,,1133,ok,3,recuperado major de '3.0' (provável Nº perigo na coluna),3 — Líquidos inflamáveis,adesivos contendo um liquido inflamavel
909,Diisocianato de toluileno,21440.0,2078,60,6.1,50,,800,True,,2078,ok,6.1,ok,6.1 — Matérias tóxicas,diisocianato de toluileno
910,Tintas ou materias aparentadas as tintas,4245.0,1263,33,3.0,50,300.0,800,True,,1263,ok,3,recuperado major de '3.0' (provável Nº perigo na coluna),3 — Líquidos inflamáveis,tintas ou materias aparentadas as tintas
911,Resina em solucao inflamavel,11941.0,1866,33,3.0,50,300.0,800,True,,1866,ok,3,recuperado major de '3.0' (provável Nº perigo na coluna),3 — Líquidos inflamáveis,resina em solucao inflamavel
912,Acendalhas solidas impregnadas de liquido inflamavel,18270.0,2623,40,4.0,25,100.0,800,True,,2623,ok,N/D,não reconhecido: '4.0',N/D — N/D,acendalhas solidas impregnadas de liquido inflamavel
913,Tintas ou materias aparentadas as tintas,356.0,1263,33,3.0,50,300.0,800,True,,1263,ok,3,recuperado major de '3.0' (provável Nº perigo na coluna),3 — Líquidos inflamáveis,tintas ou materias aparentadas as tintas
914,Acendalhas solidas impregnadas de liquido inflamavel,17296.0,2623,40,4.1,25,100.0,800,True,,2623,ok,4.1,ok,4.1 — Sólidos inflamáveis,acendalhas solidas impregnadas de liquido inflamavel
915,Diisocianato de toluileno,40000.0,2078,60,6.1,50,,800,True,,2078,ok,6.1,ok,6.1 — Matérias tóxicas,diisocianato de toluileno
916,Tintas ou materias aparentadas as tintas,25049.0,1263,33,3.0,50,300.0,800,True,,1263,ok,3,recuperado major de '3.0' (provável Nº perigo na coluna),3 — Líquidos inflamáveis,tintas ou materias aparentadas as tintas
917,Diacetona-alcool,88.0,1148,33,3.3,50,300.0,800,True,,1148,ok,3,recuperado major de '3.3' (provável Nº perigo na coluna),3 — Líquidos inflamáveis,diacetona-alcool
917,Resina em solucao,3840.0,1866,33,3.3,50,300.0,800,True,,1866,ok,3,recuperado major de '3.3' (provável Nº perigo na coluna),3 — Líquidos inflamáveis,resina em solucao
917,Oxido de mesitilo,57.0,1229,30,3.3,50,300.0,800,True,,1229,ok,3,recuperado major de '3.3' (provável Nº perigo na coluna),3 — Líquidos inflamáveis,oxido de mesitilo
917,Acetato do eter monoetilico do etilenoglicol,104.0,1172,30,3.3,50,300.0,800,True,,1172,ok,3,recuperado major de '3.3' (provável Nº perigo na coluna),3 — Líquidos inflamáveis,acetato do eter monoetilico do etilenoglicol
917,Xilenos,2550.0,1307,30,3.3,50,300.0,800,True,,1307,ok,3,recuperado major de '3.3' (provável Nº perigo na coluna),3 — Líquidos inflamáveis,xilenos
917,Tolueno,3400.0,1294,33,3.3,50,300.0,800,True,,1294,ok,3,recuperado major de '3.3' (provável Nº perigo na coluna),3 — Líquidos inflamáveis,tolueno
918,Acendalhas solidas impregnadas de liquido inflamavel,17860.0,2623,40,4.1,25,100.0,800,True,,2623,ok,4.1,ok,4.1 — Sólidos inflamáveis,acendalhas solidas impregnadas de liquido inflamavel
919,Acendalhas solidas impregnadas de liquido inflamavel,17860.0,2623,40,4.1,25,100.0,800,True,,2623,ok,4.1,ok,4.1 — Sólidos inflamáveis,acendalhas solidas impregnadas de liquido inflamavel
920,Aminas liquidas corrosivas n.s.a.,15000.0,2735,88,8.0,50,,800,True,,2735,ok,8,recuperado major de '8.0' (provável Nº perigo na coluna),8 — Matérias corrosivas,aminas liquidas corrosivas n.s.a.
920,Adesivos contendo um liquido inflamavel,4862.0,1133,33,3.0,50,300.0,800,True,,1133,ok,3,recuperado major de '3.0' (provável Nº perigo na coluna),3 — Líquidos inflamáveis,adesivos contendo um liquido inflamavel
920,Tricloroetileno,15000.0,1710,60,6.1,50,100.0,800,True,,1710,ok,6.1,ok,6.1 — Matérias tóxicas,tricloroetileno
920,Tintas ou materias aparentadas as tintas,15643.0,1263,33,3.5,50,300.0,800,True,,1263,ok,3,recuperado major de '3.5' (provável Nº perigo na coluna),3 — Líquidos inflamáveis,tintas ou materias aparentadas as tintas
920,Aerossois,11932.0,1950,20,2.5,50,500.0,800,True,,1950,ok,2,recuperado major de '2.5' (provável Nº perigo na coluna),2 — Gases,aerossois
921,Tintas ou materias aparentadas as tintas,18189.0,1263,33,3.5,50,300.0,800,True,,1263,ok,3,recuperado major de '3.5' (provável Nº perigo na coluna),3 — Líquidos inflamáveis,tintas ou materias aparentadas as tintas
922,Tintas ou materias aparentadas as tintas,1230.0,1263,33,3.5,50,300.0,800,True,,1263,ok,3,recuperado major de '3.5' (provável Nº perigo na coluna),3 — Líquidos inflamáveis,tintas ou materias aparentadas as tintas
923,Adesivos contendo um liquido inflamavel,4603.0,1133,33,3.0,50,300.0,800,True,,1133,ok,3,recuperado major de '3.0' (provável Nº perigo na coluna),3 — Líquidos inflamáveis,adesivos contendo um liquido inflamavel
924,Materia perigosa do ponto de vista do ambiente liquida n.s.a,21612.0,3082,90,9.0,50,,800,True,,3082,ok,9,recuperado major de '9.0' (provável Nº perigo na coluna),9 — Matérias e objetos perigosos diversos,materia perigosa do ponto de vista do ambiente liquida n.s.a
925,Tintas ou materias aparentadas as tintas,18945.0,1263,33,3.0,50,300.0,800,True,,1263,ok,3,recuperado major de '3.0' (provável Nº perigo na coluna),3 — Líquidos inflamáveis,tintas ou materias aparentadas as tintas
926,Tintas ou materias aparentadas as tintas,46900.0,1263,33,3.0,50,300.0,800,True,,1263,ok,3,recuperado major de '3.0' (provável Nº perigo na coluna),3 — Líquidos inflamáveis,tintas ou materias aparentadas as tintas
926,Resina em solucao,1866.0,1866,33,3.0,50,300.0,800,True,,1866,ok,3,recuperado major de '3.0' (provável Nº perigo na coluna),3 — Líquidos inflamáveis,resina em solucao
927,Adesivos contendo um liquido inflamavel,4603.0,1133,33,3.0,50,300.0,800,True,,1133,ok,3,recuperado major de '3.0' (provável Nº perigo na coluna),3 — Líquidos inflamáveis,adesivos contendo um liquido inflamavel
928,Adesivos contendo um liquido inflamavel,4862.0,1133,33,3.0,50,300.0,800,True,,1133,ok,3,recuperado major de '3.0' (provável Nº perigo na coluna),3 — Líquidos inflamáveis,adesivos contendo um liquido inflamavel
929,Tintas ou materias aparentadas as tintas,900.0,1263,30,3.0,50,300.0,800,True,,1263,ok,3,recuperado major de '3.0' (provável Nº perigo na coluna),3 — Líquidos inflamáveis,tintas ou materias aparentadas as tintas
930,Adesivos contendo um liquido inflamavel,4603.0,1133,33,3.5,50,300.0,800,True,,1133,ok,3,recuperado major de '3.5' (provável Nº perigo na coluna),3 — Líquidos inflamáveis,adesivos contendo um liquido inflamavel
931,Adesivos contendo um liquido inflamavel,4603.0,1133,33,3.5,50,300.0,800,True,,1133,ok,3,recuperado major de '3.5' (provável Nº perigo na coluna),3 — Líquidos inflamáveis,adesivos contendo um liquido inflamavel
932,Formaldeido em solucao com pelo menos 25% de formaldeido,195.0,2209,80,8.0,50,50.0,800,True,,2209,ok,8,recuperado major de '8.0' (provável Nº perigo na coluna),8 — Matérias corrosivas,formaldeido em solucao com pelo menos 25% de formaldeido
933,Tintas ou materias aparentadas as tintas,600.0,1263,33,3.5,50,300.0,800,True,,1263,ok,3,recuperado major de '3.5' (provável Nº perigo na coluna),3 — Líquidos inflamáveis,tintas ou materias aparentadas as tintas
934,Adesivos contendo um liquido inflamavel,4603.0,1133,33,3.5,50,300.0,800,True,,1133,ok,3,recuperado major de '3.5' (provável Nº perigo na coluna),3 — Líquidos inflamáveis,adesivos contendo um liquido inflamavel
935,Diisocianato de toluileno,23990.0,2078,60,6.1,50,,800,True,,2078,ok,6.1,ok,6.1 — Matérias tóxicas,diisocianato de toluileno
936,Diisocianato de toluileno,20000.0,2078,60,6.1,50,,800,True,,2078,ok,6.1,ok,6.1 — Matérias tóxicas,diisocianato de toluileno
937,Diisocianato de toluileno,20000.0,2078,60,6.1,50,,800,True,,2078,ok,6.1,ok,6.1 — Matérias tóxicas,diisocianato de toluileno
938,Diclorometano,6760.0,1593,60,6.1,50,100.0,800,True,,1593,ok,6.1,ok,6.1 — Matérias tóxicas,diclorometano
939,Tintas ou materias aparentadas as tintas,435.0,1263,33,3.3,50,300.0,800,True,,1263,ok,3,recuperado major de '3.3' (provável Nº perigo na coluna),3 — Líquidos inflamáveis,tintas ou materias aparentadas as tintas
940,Adesivos contendo um liquido inflamavel,4862.0,1133,30,3.3,50,300.0,800,True,,1133,ok,3,recuperado major de '3.3' (provável Nº perigo na coluna),3 — Líquidos inflamáveis,adesivos contendo um liquido inflamavel
941,Tintas ou materias aparentadas as tintas,900.0,1263,33,3.5,50,300.0,800,True,,1263,ok,3,recuperado major de '3.5' (provável Nº perigo na coluna),3 — Líquidos inflamáveis,tintas ou materias aparentadas as tintas
942,Produtos de perfumaria,13122.0,1266,33,3.5,50,300.0,800,True,,1266,ok,3,recuperado major de '3.5' (provável Nº perigo na coluna),3 — Líquidos inflamáveis,produtos de perfumaria
943,Diisocianato de toluileno,21440.0,2078,60,6.1,50,,800,True,,2078,ok,6.1,ok,6.1 — Matérias tóxicas,diisocianato de toluileno
943,Adesivos contendo um liquido inflamavel,4603.0,1133,33,3.5,50,300.0,800,True,,1133,ok,3,recuperado major de '3.5' (provável Nº perigo na coluna),3 — Líquidos inflamáveis,adesivos contendo um liquido inflamavel
944,Diisocianato de toluileno,20000.0,2078,60,6.1,50,,800,True,,2078,ok,6.1,ok,6.1 — Matérias tóxicas,diisocianato de toluileno
944,Tintas ou materias aparentadas as tintas,1000.0,1263,33,3.0,50,300.0,800,True,,1263,ok,3,recuperado major de '3.0' (provável Nº perigo na coluna),3 — Líquidos inflamáveis,tintas ou materias aparentadas as tintas
945,Adesivos contendo um liquido inflamavel,19500.0,1133,33,3.0,50,300.0,800,True,,1133,ok,3,recuperado major de '3.0' (provável Nº perigo na coluna),3 — Líquidos inflamáveis,adesivos contendo um liquido inflamavel
946,Amoniaco anidro,0.0,1005,268,2.0,100,,1600,True,,1005,ok,2,recuperado major de '2.0' (provável Nº perigo na coluna),2 — Gases,amoniaco anidro
947,Enxofre fundido,0.0,2448,44,4.1,25,100.0,800,True,,2448,ok,4.1,ok,4.1 — Sólidos inflamáveis,enxofre fundido
948,Adesivos contendo um liquido inflamavel,4862.0,1133,30,3.0,50,300.0,800,True,,1133,ok,3,recuperado major de '3.0' (provável Nº perigo na coluna),3 — Líquidos inflamáveis,adesivos contendo um liquido inflamavel
949,Tintas ou materias aparentadas as tintas,0.0,1263,33,3.0,50,300.0,800,True,,1263,ok,3,recuperado major de '3.0' (provável Nº perigo na coluna),3 — Líquidos inflamáveis,tintas ou materias aparentadas as tintas
949,Peroxido de Hidrogenio em solucao aquosa,0.0,2014,58,5.1,50,,800,True,,2014,ok,5.1,ok,5.1 — Matérias comburentes,peroxido de hidrogenio em solucao aquosa
949,Peroxido de hidrogenio em solucao aquosa estabilizado,0.0,2015,559,5.1,50,,800,True,,2015,ok,5.1,ok,5.1 — Matérias comburentes,peroxido de hidrogenio em solucao aquosa estabilizado
949,Dioxido de carbono liquido refrigerado,0.0,2187,22,2.0,100,100.0,800,True,,2187,ok,2,recuperado major de '2.0' (provável Nº perigo na coluna),2 — Gases,dioxido de carbono liquido refrigerado
949,Acido fosforico em solucao,0.0,1805,80,8.0,50,,800,True,,1805,ok,8,recuperado major de '8.0' (provável Nº perigo na coluna),8 — Matérias corrosivas,acido fosforico em solucao
950,Adesivos contendo um liquido inflamavel,4862.0,1133,33,3.0,50,300.0,800,True,,1133,ok,3,recuperado major de '3.0' (provável Nº perigo na coluna),3 — Líquidos inflamáveis,adesivos contendo um liquido inflamavel
951,Alquifenois liquidos,0.0,3145,80,8.0,50,800.0,800,True,,3145,ok,8,recuperado major de '8.0' (provável Nº perigo na coluna),8 — Matérias corrosivas,alquifenois liquidos
952,Diisocianato de toluileno,21440.0,2078,60,6.1,50,,800,True,,2078,ok,6.1,ok,6.1 — Matérias tóxicas,diisocianato de toluileno
952,Diclorometano,15893.0,1593,60,6.1,50,100.0,800,True,,1593,ok,6.1,ok,6.1 — Matérias tóxicas,diclorometano
953,Extratos liquidos para aromatizar,14960.0,1197,33,3.0,50,300.0,800,True,,1197,ok,3,recuperado major de '3.0' (provável Nº perigo na coluna),3 — Líquidos inflamáveis,extratos liquidos para aromatizar
954,Diisocianato de toluileno,21440.0,2078,60,6.1,50,,800,True,,2078,ok,6.1,ok,6.1 — Matérias tóxicas,diisocianato de toluileno
955,Materia perigosa do ponto de vista do ambiente liquida n.s.a,0.0,3082,90,9.0,50,,800,True,,3082,ok,9,recuperado major de '9.0' (provável Nº perigo na coluna),9 — Matérias e objetos perigosos diversos,materia perigosa do ponto de vista do ambiente liquida n.s.a
956,Adesivos contendo um liquido inflamavel,9750.0,1133,33,3.0,50,300.0,800,True,,1133,ok,3,recuperado major de '3.0' (provável Nº perigo na coluna),3 — Líquidos inflamáveis,adesivos contendo um liquido inflamavel
957,Tintas ou materias aparentadas as tintas,12500.0,1263,33,3.0,50,300.0,800,True,,1263,ok,3,recuperado major de '3.0' (provável Nº perigo na coluna),3 — Líquidos inflamáveis,tintas ou materias aparentadas as tintas
958,Adesivos contendo um liquido inflamavel,9750.0,1133,33,3.0,50,300.0,800,True,,1133,ok,3,recuperado major de '3.0' (provável Nº perigo na coluna),3 — Líquidos inflamáveis,adesivos contendo um liquido inflamavel
959,Adesivos contendo um liquido inflamavel,9750.0,1133,33,3.0,50,300.0,800,True,,1133,ok,3,recuperado major de '3.0' (provável Nº perigo na coluna),3 — Líquidos inflamáveis,adesivos contendo um liquido inflamavel
654,Diacetona-alcool,1628.0,1148,30 ou 33,3.0,50,300.0,800,True,,1148,ok,3,recuperado major de '3.0' (provável Nº perigo na coluna),3 — Líquidos inflamáveis,diacetona-alcool
654,Sucedaneo de essencia de terebentina,1496.0,1300,30 ou 33,3.0,50,300.0,800,True,,1300,ok,3,recuperado major de '3.0' (provável Nº perigo na coluna),3 — Líquidos inflamáveis,sucedaneo de essencia de terebentina
654,Resina em solucao,14362.0,1866,30 ou 33,3.0,50,300.0,800,True,,1866,ok,3,recuperado major de '3.0' (provável Nº perigo na coluna),3 — Líquidos inflamáveis,resina em solucao
655,Aerossois,108.0,1950,26,2.0,100,500.0,800,True,,1950,ok,2,recuperado major de '2.0' (provável Nº perigo na coluna),2 — Gases,aerossois
656,Diisocianato de toluileno,20200.0,2078,60,6.1,50,,800,True,,2078,ok,6.1,ok,6.1 — Matérias tóxicas,diisocianato de toluileno
657,Adesivos contendo um liquido inflamavel,4650.0,1133,33,3.0,50,300.0,800,True,,1133,ok,3,recuperado major de '3.0' (provável Nº perigo na coluna),3 — Líquidos inflamáveis,adesivos contendo um liquido inflamavel
658,Tintas ou materias aparentadas as tintas,6913.0,1263,33,3.0,50,300.0,800,True,,1263,ok,3,recuperado major de '3.0' (provável Nº perigo na coluna),3 — Líquidos inflamáveis,tintas ou materias aparentadas as tintas
659,Liquido inflamavel n.s.a.,250.0,1993,30,3.0,50,300.0,800,True,,1993,ok,3,recuperado major de '3.0' (provável Nº perigo na coluna),3 — Líquidos inflamáveis,liquido inflamavel n.s.a.
660,Materia perigosa do ponto de vista do ambiente solida n.s.a.,242.0,3077,90,9.0,50,,800,True,,3077,ok,9,recuperado major de '9.0' (provável Nº perigo na coluna),9 — Matérias e objetos perigosos diversos,materia perigosa do ponto de vista do ambiente solida n.s.a.
661,Diisocianato de toluileno,20350.0,2078,60,6.1,50,,800,True,,2078,ok,6.1,ok,6.1 — Matérias tóxicas,diisocianato de toluileno
662,Cloro,11840.0,1017,268,2.0,100,,800,False,,1017,ok,2,recuperado major de '2.0' (provável Nº perigo na coluna),2 — Gases,cloro
663,Resina em solucao,17000.0,1866,30,3.0,50,300.0,800,True,,1866,ok,3,recuperado major de '3.0' (provável Nº perigo na coluna),3 — Líquidos inflamáveis,resina em solucao
664,Tetracloroetileno,17000.0,1897,60,6.1,50,100.0,800,True,,1897,ok,6.1,ok,6.1 — Matérias tóxicas,tetracloroetileno
665,Acumuladores electricos cheios de electrolito liquido acido,18000.0,2794,80,8.0,50,,800,True,,2794,ok,8,recuperado major de '8.0' (provável Nº perigo na coluna),8 — Matérias corrosivas,acumuladores electricos cheios de electrolito liquido acido
666,Acendalhas solidas impregnadas de liquido inflamavel,18000.0,2623,40,4.1,25,100.0,800,True,,2623,ok,4.1,ok,4.1 — Sólidos inflamáveis,acendalhas solidas impregnadas de liquido inflamavel
667,Tintas ou materias aparentadas as tintas,6144.0,1263,30 ou 33,3.0,50,300.0,800,True,,1263,ok,3,recuperado major de '3.0' (provável Nº perigo na coluna),3 — Líquidos inflamáveis,tintas ou materias aparentadas as tintas
668,Materia perigosa do ponto de vista do ambiente solida n.s.a.,600.0,3077,90,9.0,50,,800,True,,3077,ok,9,recuperado major de '9.0' (provável Nº perigo na coluna),9 — Matérias e objetos perigosos diversos,materia perigosa do ponto de vista do ambiente solida n.s.a.
669,Tintas ou materias aparentadas as tintas,5150.0,1263,30 ou 33,3.0,50,300.0,800,True,,1263,ok,3,recuperado major de '3.0' (provável Nº perigo na coluna),3 — Líquidos inflamáveis,tintas ou materias aparentadas as tintas
670,Tintas ou materias aparentadas as tintas,7633.0,1263,30 ou 33,3.0,50,300.0,800,True,,1263,ok,3,recuperado major de '3.0' (provável Nº perigo na coluna),3 — Líquidos inflamáveis,tintas ou materias aparentadas as tintas
671,Acendalhas solidas impregnadas de liquido inflamavel,36000.0,2623,40,4.1,25,100.0,800,True,,2623,ok,4.1,ok,4.1 — Sólidos inflamáveis,acendalhas solidas impregnadas de liquido inflamavel
672,"Hidrocarbonetos gasosos em mistura liquefeita, nsa",21500.0,1965,23,2.0,100,800.0,1600,True,,1965,ok,2,recuperado major de '2.0' (provável Nº perigo na coluna),2 — Gases,"hidrocarbonetos gasosos em mistura liquefeita, nsa"
673,Acendalhas solidas impregnadas de liquido inflamavel,18000.0,2623,40,4.1,25,100.0,800,True,,2623,ok,4.1,ok,4.1 — Sólidos inflamáveis,acendalhas solidas impregnadas de liquido inflamavel
674,Materia perigosa do ponto de vista do ambiente solida n.s.a.,300.0,3077,90,9.0,50,,800,True,,3077,ok,9,recuperado major de '9.0' (provável Nº perigo na coluna),9 — Matérias e objetos perigosos diversos,materia perigosa do ponto de vista do ambiente solida n.s.a.
631,Hidrocarbonetos liquidos n.s.a.,6290.0,3295,30,3.0,50,300.0,800,True,,3295,ok,3,recuperado major de '3.0' (provável Nº perigo na coluna),3 — Líquidos inflamáveis,hidrocarbonetos liquidos n.s.a.
675,Acendalhas solidas impregnadas de liquido inflamavel,18000.0,2623,40,4.1,25,100.0,800,True,,2623,ok,4.1,ok,4.1 — Sólidos inflamáveis,acendalhas solidas impregnadas de liquido inflamavel
676,Materia perigosa do ponto de vista do ambiente solida n.s.a.,1000.0,3077,90,9.0,50,,800,True,,3077,ok,9,recuperado major de '9.0' (provável Nº perigo na coluna),9 — Matérias e objetos perigosos diversos,materia perigosa do ponto de vista do ambiente solida n.s.a.
677,Materia perigosa do ponto de vista do ambiente solida n.s.a.,1000.0,3077,90,9.0,50,,800,True,,3077,ok,9,recuperado major de '9.0' (provável Nº perigo na coluna),9 — Matérias e objetos perigosos diversos,materia perigosa do ponto de vista do ambiente solida n.s.a.
678,Aerossois,9000.0,1950,26,2.0,100,500.0,800,True,,1950,ok,2,recuperado major de '2.0' (provável Nº perigo na coluna),2 — Gases,aerossois
679,Acendalhas solidas impregnadas de liquido inflamavel,17640.0,2623,40,4.1,25,100.0,800,True,,2623,ok,4.1,ok,4.1 — Sólidos inflamáveis,acendalhas solidas impregnadas de liquido inflamavel
680,Cloro,11840.0,1017,268,2.0,100,,800,False,,1017,ok,2,recuperado major de '2.0' (provável Nº perigo na coluna),2 — Gases,cloro
681,Adesivos contendo um liquido inflamavel,4650.0,1133,33,3.0,50,300.0,800,True,,1133,ok,3,recuperado major de '3.0' (provável Nº perigo na coluna),3 — Líquidos inflamáveis,adesivos contendo um liquido inflamavel
682,Solido organico inflamavel n.s.a.,7200.0,1325,40,4.1,25,100.0,800,True,,1325,ok,4.1,ok,4.1 — Sólidos inflamáveis,solido organico inflamavel n.s.a.
683,Materia perigosa do ponto de vista do ambiente solida n.s.a.,800.0,3077,90,9.0,50,,800,True,,3077,ok,9,recuperado major de '9.0' (provável Nº perigo na coluna),9 — Matérias e objetos perigosos diversos,materia perigosa do ponto de vista do ambiente solida n.s.a.
684,Butanol,202.0,1120,30 ou 33,3.0,50,300.0,800,True,,1120,ok,3,recuperado major de '3.0' (provável Nº perigo na coluna),3 — Líquidos inflamáveis,butanol
684,Tintas ou materias aparentadas as tintas,1910.0,1263,30 ou 33,3.0,50,300.0,800,True,,1263,ok,3,recuperado major de '3.0' (provável Nº perigo na coluna),3 — Líquidos inflamáveis,tintas ou materias aparentadas as tintas
684,Tolueno,202.0,1294,33,3.0,50,300.0,800,True,,1294,ok,3,recuperado major de '3.0' (provável Nº perigo na coluna),3 — Líquidos inflamáveis,tolueno
684,Sucedaneo de essencia de terebentina,202.0,1300,30 ou 33,3.0,50,300.0,800,True,,1300,ok,3,recuperado major de '3.0' (provável Nº perigo na coluna),3 — Líquidos inflamáveis,sucedaneo de essencia de terebentina
684,Xilenos,405.0,1307,30 ou 33,3.0,50,300.0,800,True,,1307,ok,3,recuperado major de '3.0' (provável Nº perigo na coluna),3 — Líquidos inflamáveis,xilenos
684,Resina em solucao,60.0,1866,30 ou 33,3.0,50,300.0,800,True,,1866,ok,3,recuperado major de '3.0' (provável Nº perigo na coluna),3 — Líquidos inflamáveis,resina em solucao
684,Liquido inflamavel toxico n.s.a.,30.0,1992,30 ou 33,3.0,50,,800,True,,1992,ok,3,recuperado major de '3.0' (provável Nº perigo na coluna),3 — Líquidos inflamáveis,liquido inflamavel toxico n.s.a.
685,Hidroxido de potassio solido,13591.0,1813,80,8.0,50,,800,True,,1813,ok,8,recuperado major de '8.0' (provável Nº perigo na coluna),8 — Matérias corrosivas,hidroxido de potassio solido
686,Materia perigosa do ponto de vista do ambiente solida n.s.a.,4000.0,3077,90,9.0,50,,800,True,,3077,ok,9,recuperado major de '9.0' (provável Nº perigo na coluna),9 — Matérias e objetos perigosos diversos,materia perigosa do ponto de vista do ambiente solida n.s.a.
687,Metilamina em solucao aquosa,15600.0,1235,338,3.0,50,,800,True,,1235,ok,3,recuperado major de '3.0' (provável Nº perigo na coluna),3 — Líquidos inflamáveis,metilamina em solucao aquosa
688,Acendalhas solidas impregnadas de liquido inflamavel,19757.0,2623,40,4.1,25,100.0,800,True,,2623,ok,4.1,ok,4.1 — Sólidos inflamáveis,acendalhas solidas impregnadas de liquido inflamavel
689,Cloro,11780.0,1017,26,2.0,100,,800,False,,1017,ok,2,recuperado major de '2.0' (provável Nº perigo na coluna),2 — Gases,cloro
690,Adesivos contendo um liquido inflamavel,4650.0,1133,30 ou 33,3.0,50,300.0,800,True,,1133,ok,3,recuperado major de '3.0' (provável Nº perigo na coluna),3 — Líquidos inflamáveis,adesivos contendo um liquido inflamavel
691,Acido cloridrico,24000.0,1789,80,8.0,50,,800,True,,1789,ok,8,recuperado major de '8.0' (provável Nº perigo na coluna),8 — Matérias corrosivas,acido cloridrico
692,Hidroxido de sodio solido,72000.0,1823,80,8.0,50,,800,True,,1823,ok,8,recuperado major de '8.0' (provável Nº perigo na coluna),8 — Matérias corrosivas,hidroxido de sodio solido
693,Solido organico inflamavel n.s.a.,10200.0,1325,40,4.1,25,100.0,800,True,,1325,ok,4.1,ok,4.1 — Sólidos inflamáveis,solido organico inflamavel n.s.a.
960,Adesivos contendo um liquido inflamavel,13750.0,1133,33,3.0,50,300.0,800,True,,1133,ok,3,recuperado major de '3.0' (provável Nº perigo na coluna),3 — Líquidos inflamáveis,adesivos contendo um liquido inflamavel
961,Peroxido de hidrogenio em solucao aquosa,0.0,2014,58,5.1,50,,800,True,,2014,ok,5.1,ok,5.1 — Matérias comburentes,peroxido de hidrogenio em solucao aquosa
961,Metilato de sodio em solucao,0.0,1289,38,3.0,50,50.0,800,True,,1289,ok,3,recuperado major de '3.0' (provável Nº perigo na coluna),3 — Líquidos inflamáveis,metilato de sodio em solucao
961,Acrilatos de butilo estabilizados,0.0,2348,39,3.0,50,300.0,800,True,,2348,ok,3,recuperado major de '3.0' (provável Nº perigo na coluna),3 — Líquidos inflamáveis,acrilatos de butilo estabilizados
961,Diisocianato de toluileno,0.0,2078,60,6.1,50,,800,True,,2078,ok,6.1,ok,6.1 — Matérias tóxicas,diisocianato de toluileno
961,Materia perigosa do ponto de vista do ambiente liquida n.s.a,0.0,3082,90,9.0,50,,800,True,,3082,ok,9,recuperado major de '9.0' (provável Nº perigo na coluna),9 — Matérias e objetos perigosos diversos,materia perigosa do ponto de vista do ambiente liquida n.s.a
962,Acido cloridrico,13982.0,1789,80,8.0,50,,800,True,,1789,ok,8,recuperado major de '8.0' (provável Nº perigo na coluna),8 — Matérias corrosivas,acido cloridrico
963,Adesivos contendo um liquido inflamavel,19500.0,1133,33,3.0,50,300.0,800,True,,1133,ok,3,recuperado major de '3.0' (provável Nº perigo na coluna),3 — Líquidos inflamáveis,adesivos contendo um liquido inflamavel
964,Adesivos contendo um liquido inflamavel,19500.0,1133,33,3.0,50,300.0,800,True,,1133,ok,3,recuperado major de '3.0' (provável Nº perigo na coluna),3 — Líquidos inflamáveis,adesivos contendo um liquido inflamavel
965,Peroxido de hidrogenio em solucao aquosa estabilizado,0.0,2015,559,5.1,50,,800,True,,2015,ok,5.1,ok,5.1 — Matérias comburentes,peroxido de hidrogenio em solucao aquosa estabilizado
965,Diisocianato de toluileno,0.0,2078,60,6.1,50,,800,True,,2078,ok,6.1,ok,6.1 — Matérias tóxicas,diisocianato de toluileno
965,Materia perigosa do ponto de vista do ambiente liquida n.s.a,0.0,3082,90,9.0,50,,800,True,,3082,ok,9,recuperado major de '9.0' (provável Nº perigo na coluna),9 — Matérias e objetos perigosos diversos,materia perigosa do ponto de vista do ambiente liquida n.s.a
966,Esteres n.s.a.,0.0,3272,30 ou 33,3.0,50,300.0,800,True,,3272,ok,3,recuperado major de '3.0' (provável Nº perigo na coluna),3 — Líquidos inflamáveis,esteres n.s.a.
967,Dioxido de carbono liquido refrigerado,24100.0,2187,22,2.0,100,100.0,800,True,,2187,ok,2,recuperado major de '2.0' (provável Nº perigo na coluna),2 — Gases,dioxido de carbono liquido refrigerado
968,Adesivos contendo um liquido inflamavel,24000.0,1133,30,3.0,50,300.0,800,True,,1133,ok,3,recuperado major de '3.0' (provável Nº perigo na coluna),3 — Líquidos inflamáveis,adesivos contendo um liquido inflamavel
969,Materia perigosa do ponto de vista do ambiente solida n.s.a.,12920.0,3077,90,9.0,50,,800,True,,3077,ok,9,recuperado major de '9.0' (provável Nº perigo na coluna),9 — Matérias e objetos perigosos diversos,materia perigosa do ponto de vista do ambiente solida n.s.a.
970,Adesivos contendo um liquido inflamavel,22000.0,1133,30,3.0,50,300.0,800,True,,1133,ok,3,recuperado major de '3.0' (provável Nº perigo na coluna),3 — Líquidos inflamáveis,adesivos contendo um liquido inflamavel
971,Trietilamina,0.0,1296,338,3.0,50,50.0,800,True,,1296,ok,3,recuperado major de '3.0' (provável Nº perigo na coluna),3 — Líquidos inflamáveis,trietilamina
972,Liquido inflamavel n.s.a.,13594.0,1993,30,3.0,50,300.0,800,True,,1993,ok,3,recuperado major de '3.0' (provável Nº perigo na coluna),3 — Líquidos inflamáveis,liquido inflamavel n.s.a.
973,Acido cloridrico,8712.0,1789,80,8.0,50,,800,True,,1789,ok,8,recuperado major de '8.0' (provável Nº perigo na coluna),8 — Matérias corrosivas,acido cloridrico
974,Diisocianato de toluileno,42880.0,2078,60,6.1,50,,800,True,,2078,ok,6.1,ok,6.1 — Matérias tóxicas,diisocianato de toluileno
975,Acido cloridrico,28000.0,1789,80,8.0,50,,800,True,,1789,ok,8,recuperado major de '8.0' (provável Nº perigo na coluna),8 — Matérias corrosivas,acido cloridrico
976,Peroxido de hidrogenio em solucao aquosa estabilizado,0.0,2015,559,5.1,50,,800,True,,2015,ok,5.1,ok,5.1 — Matérias comburentes,peroxido de hidrogenio em solucao aquosa estabilizado
977,Ferro-silicio,91300.0,1408,462,4.3,50,,800,True,,1408,ok,4.3,ok,4.3 — Em contacto c/ água libertam gases inflamáveis,ferro-silicio
978,Ferro-silicio,91300.0,1408,462,4.3,50,,800,True,,1408,ok,4.3,ok,4.3 — Em contacto c/ água libertam gases inflamáveis,ferro-silicio
979,Gasolina,20800.0,1203,33,3.0,50,300.0,800,True,,1203,ok,3,recuperado major de '3.0' (provável Nº perigo na coluna),3 — Líquidos inflamáveis,gasolina
980,Isqueiros ou recargas para isqueiros contendo um gas inflama,17600.0,1057,23,2.0,100,800.0,1600,True,,1057,ok,2,recuperado major de '2.0' (provável Nº perigo na coluna),2 — Gases,isqueiros ou recargas para isqueiros contendo um gas inflama
981,Tintas ou materias aparentadas as tintas,26443.0,1263,33,3.0,50,300.0,800,True,,1263,ok,3,recuperado major de '3.0' (provável Nº perigo na coluna),3 — Líquidos inflamáveis,tintas ou materias aparentadas as tintas
982,Dioxido de carbono liquido refrigerado,24000.0,2187,22,2.0,100,100.0,800,True,,2187,ok,2,recuperado major de '2.0' (provável Nº perigo na coluna),2 — Gases,dioxido de carbono liquido refrigerado
983,Essencia de terebentina,21142.0,1299,30,3.0,50,300.0,800,True,,1299,ok,3,recuperado major de '3.0' (provável Nº perigo na coluna),3 — Líquidos inflamáveis,essencia de terebentina
984,Materia perigosa do ponto de vista do ambiente liquida n.s.a,0.0,3082,90,9.0,50,,800,True,,3082,ok,9,recuperado major de '9.0' (provável Nº perigo na coluna),9 — Matérias e objetos perigosos diversos,materia perigosa do ponto de vista do ambiente liquida n.s.a
985,Materia perigosa do ponto de vista do ambiente liquida n.s.a,0.0,3082,90,9.0,50,,800,True,,3082,ok,9,recuperado major de '9.0' (provável Nº perigo na coluna),9 — Matérias e objetos perigosos diversos,materia perigosa do ponto de vista do ambiente liquida n.s.a
986,Diclorometano,15246.0,1593,60,6.1,50,100.0,800,True,,1593,ok,6.1,ok,6.1 — Matérias tóxicas,diclorometano
987,Diisocianato de toluileno,42880.0,2078,60,6.1,50,,800,True,,2078,ok,6.1,ok,6.1 — Matérias tóxicas,diisocianato de toluileno
988,Materia perigosa do ponto de vista do ambiente liquida n.s.a,0.0,3082,90,9.0,50,,800,True,,3082,ok,9,recuperado major de '9.0' (provável Nº perigo na coluna),9 — Matérias e objetos perigosos diversos,materia perigosa do ponto de vista do ambiente liquida n.s.a
989,Liquido corrosivo n.s.a.,9000.0,1760,80,8.0,50,,800,True,,1760,ok,8,recuperado major de '8.0' (provável Nº perigo na coluna),8 — Matérias corrosivas,liquido corrosivo n.s.a.
990,Tintas ou materias aparentadas as tintas,18000.0,1263,33,3.0,50,300.0,800,True,,1263,ok,3,recuperado major de '3.0' (provável Nº perigo na coluna),3 — Líquidos inflamáveis,tintas ou materias aparentadas as tintas
991,Materia perigosa do ponto de vista do ambiente solida n.s.a.,45540.0,3077,90,9.0,50,,800,True,,3077,ok,9,recuperado major de '9.0' (provável Nº perigo na coluna),9 — Matérias e objetos perigosos diversos,materia perigosa do ponto de vista do ambiente solida n.s.a.
991,Resina em solucao,21940.0,1866,33,3.0,50,300.0,800,True,,1866,ok,3,recuperado major de '3.0' (provável Nº perigo na coluna),3 — Líquidos inflamáveis,resina em solucao
991,Gas refrigerante,20276.0,3159,20,2.0,100,500.0,800,True,,3159,ok,2,recuperado major de '2.0' (provável Nº perigo na coluna),2 — Gases,gas refrigerante
992,Materia perigosa do ponto de vista do ambiente liquida n.s.a,0.0,3082,90,9.0,50,,800,True,,3082,ok,9,recuperado major de '9.0' (provável Nº perigo na coluna),9 — Matérias e objetos perigosos diversos,materia perigosa do ponto de vista do ambiente liquida n.s.a
993,Materia perigosa do ponto de vista do ambiente liquida n.s.a,0.0,3082,90,9.0,50,,800,True,,3082,ok,9,recuperado major de '9.0' (provável Nº perigo na coluna),9 — Matérias e objetos perigosos diversos,materia perigosa do ponto de vista do ambiente liquida n.s.a
994,Peroxido de hidrogenio em solucao aquosa estabilizado,0.0,2015,559,5.1,50,,800,True,,2015,ok,5.1,ok,5.1 — Matérias comburentes,peroxido de hidrogenio em solucao aquosa estabilizado
994,Dioxido de carbono liquido refrigerado,0.0,2187,22,2.0,100,100.0,800,True,,2187,ok,2,recuperado major de '2.0' (provável Nº perigo na coluna),2 — Gases,dioxido de carbono liquido refrigerado
994,Tintas ou materias aparentadas as tintas,0.0,1263,33,3.0,50,300.0,800,True,,1263,ok,3,recuperado major de '3.0' (provável Nº perigo na coluna),3 — Líquidos inflamáveis,tintas ou materias aparentadas as tintas
995,Resina em solucao,0.0,1866,33,3.0,50,300.0,800,True,,1866,ok,3,recuperado major de '3.0' (provável Nº perigo na coluna),3 — Líquidos inflamáveis,resina em solucao
996,Dioxido de carbono liquido refrigerado,0.0,2187,22,2.0,100,100.0,800,True,,2187,ok,2,recuperado major de '2.0' (provável Nº perigo na coluna),2 — Gases,dioxido de carbono liquido refrigerado
996,Peroxido de hidrogenio em solucao aquosa estabilizado,0.0,2015,559,5.1,50,,800,True,,2015,ok,5.1,ok,5.1 — Matérias comburentes,peroxido de hidrogenio em solucao aquosa estabilizado
996,Tintas ou materias aparentadas as tintas,0.0,1263,33,3.0,50,300.0,800,True,,1263,ok,3,recuperado major de '3.0' (provável Nº perigo na coluna),3 — Líquidos inflamáveis,tintas ou materias aparentadas as tintas
997,Aminas liquidas corrosivas n.s.a.,7844.0,2735,88,8.0,50,,800,True,,2735,ok,8,recuperado major de '8.0' (provável Nº perigo na coluna),8 — Matérias corrosivas,aminas liquidas corrosivas n.s.a.
998,Materia perigosa do ponto de vista do ambiente liquida n.s.a,0.0,3082,90,9.0,50,,800,True,,3082,ok,9,recuperado major de '9.0' (provável Nº perigo na coluna),9 — Matérias e objetos perigosos diversos,materia perigosa do ponto de vista do ambiente liquida n.s.a
999,Diisocianato de toluileno,21440.0,2078,60,6.1,50,,800,True,,2078,ok,6.1,ok,6.1 — Matérias tóxicas,diisocianato de toluileno
694,Materia perigosa do ponto de vista do ambiente solida n.s.a.,300.0,3077,90,9.0,50,,800,True,,3077,ok,9,recuperado major de '9.0' (provável Nº perigo na coluna),9 — Matérias e objetos perigosos diversos,materia perigosa do ponto de vista do ambiente solida n.s.a.
695,Produtos de perfumaria,680.0,1266,30,3.0,50,300.0,800,True,,1266,ok,3,recuperado major de '3.0' (provável Nº perigo na coluna),3 — Líquidos inflamáveis,produtos de perfumaria
696,Cloro,23920.0,1017,26,2.0,100,,800,False,,1017,ok,2,recuperado major de '2.0' (provável Nº perigo na coluna),2 — Gases,cloro
697,Cloro,11800.0,1017,26,2.0,100,,800,False,,1017,ok,2,recuperado major de '2.0' (provável Nº perigo na coluna),2 — Gases,cloro
698,Acido cloridrico,24000.0,1789,80,8.0,50,,800,True,,1789,ok,8,recuperado major de '8.0' (provável Nº perigo na coluna),8 — Matérias corrosivas,acido cloridrico
699,Materia perigosa do ponto de vista do ambiente solida n.s.a.,1050.0,3077,90,9.0,50,,800,True,,3077,ok,9,recuperado major de '9.0' (provável Nº perigo na coluna),9 — Matérias e objetos perigosos diversos,materia perigosa do ponto de vista do ambiente solida n.s.a.
700,Acidos alquilsulfonicos liquidos,8000.0,2586,80,8.0,50,,800,True,,2586,ok,8,recuperado major de '8.0' (provável Nº perigo na coluna),8 — Matérias corrosivas,acidos alquilsulfonicos liquidos
701,Liquido organico toxico inflamavel n.s.a.,14300.0,2929,63,6.1,50,,800,True,,2929,ok,6.1,ok,6.1 — Matérias tóxicas,liquido organico toxico inflamavel n.s.a.
702,Azoto comprimido,1490.0,1066,20,2.0,100,100.0,800,True,,1066,ok,2,recuperado major de '2.0' (provável Nº perigo na coluna),2 — Gases,azoto comprimido
702,Acido sulfurico com mais de 51% de acido,12000.0,1830,80,8.0,50,,800,True,,1830,ok,8,recuperado major de '8.0' (provável Nº perigo na coluna),8 — Matérias corrosivas,acido sulfurico com mais de 51% de acido
702,"Gas comprimido, n.s.a.",170.0,1956,20,2.0,100,500.0,800,False,,1956,ok,2,recuperado major de '2.0' (provável Nº perigo na coluna),2 — Gases,"gas comprimido, n.s.a."
703,Dioxido de carbono liquido refrigerado,20000.0,2187,22,2.0,100,100.0,800,True,,2187,ok,2,recuperado major de '2.0' (provável Nº perigo na coluna),2 — Gases,dioxido de carbono liquido refrigerado
704,Acendalhas solidas impregnadas de liquido inflamavel,20238.0,2623,40,4.1,25,100.0,800,True,,2623,ok,4.1,ok,4.1 — Sólidos inflamáveis,acendalhas solidas impregnadas de liquido inflamavel
705,Recipientes de baixa capacidade contendo gas,190.0,2037,20,2.0,50,,800,True,,2037,ok,2,recuperado major de '2.0' (provável Nº perigo na coluna),2 — Gases,recipientes de baixa capacidade contendo gas
706,Acidos alquilsulfonicos liquidos,8000.0,2586,80,8.0,50,,800,True,,2586,ok,8,recuperado major de '8.0' (provável Nº perigo na coluna),8 — Matérias corrosivas,acidos alquilsulfonicos liquidos
707,Tintas ou materias aparentadas as tintas,72.0,1263,30 ou 33,3.0,50,300.0,800,True,,1263,ok,3,recuperado major de '3.0' (provável Nº perigo na coluna),3 — Líquidos inflamáveis,tintas ou materias aparentadas as tintas
708,Adesivos contendo um liquido inflamavel,18000.0,1133,33,3.0,50,300.0,800,True,,1133,ok,3,recuperado major de '3.0' (provável Nº perigo na coluna),3 — Líquidos inflamáveis,adesivos contendo um liquido inflamavel
709,Materia perigosa do ponto de vista do ambiente solida n.s.a.,3323.0,3077,90,9.0,50,,800,True,,3077,ok,9,recuperado major de '9.0' (provável Nº perigo na coluna),9 — Matérias e objetos perigosos diversos,materia perigosa do ponto de vista do ambiente solida n.s.a.
710,Adesivos contendo um liquido inflamavel,18000.0,1133,30 ou 33,3.1,50,300.0,800,True,,1133,ok,3,recuperado major de '3.1' (provável Nº perigo na coluna),3 — Líquidos inflamáveis,adesivos contendo um liquido inflamavel
711,Etanol em solucao,6186.0,1170,33,3.0,50,300.0,800,True,,1170,ok,3,recuperado major de '3.0' (provável Nº perigo na coluna),3 — Líquidos inflamáveis,etanol em solucao
712,Cloro,23821.0,1017,26,2.0,100,,800,False,,1017,ok,2,recuperado major de '2.0' (provável Nº perigo na coluna),2 — Gases,cloro
713,Tintas ou materias aparentadas as tintas,4524.0,1263,30 ou 33,3.0,50,300.0,800,True,,1263,ok,3,recuperado major de '3.0' (provável Nº perigo na coluna),3 — Líquidos inflamáveis,tintas ou materias aparentadas as tintas
714,Materia perigosa do ponto de vista do ambiente solida n.s.a.,3791.0,3077,90,9.0,50,,800,True,,3077,ok,9,recuperado major de '9.0' (provável Nº perigo na coluna),9 — Matérias e objetos perigosos diversos,materia perigosa do ponto de vista do ambiente solida n.s.a.
715,Tintas ou materias aparentadas as tintas,250.0,1263,30 ou 33,3.0,50,300.0,800,True,,1263,ok,3,recuperado major de '3.0' (provável Nº perigo na coluna),3 — Líquidos inflamáveis,tintas ou materias aparentadas as tintas
716,Tintas ou materias aparentadas as tintas,4945.0,1263,30 ou 33,3.0,50,300.0,800,True,,1263,ok,3,recuperado major de '3.0' (provável Nº perigo na coluna),3 — Líquidos inflamáveis,tintas ou materias aparentadas as tintas
717,Tintas ou materias aparentadas as tintas,3082.0,1263,30 ou 33,3.0,50,300.0,800,True,,1263,ok,3,recuperado major de '3.0' (provável Nº perigo na coluna),3 — Líquidos inflamáveis,tintas ou materias aparentadas as tintas
718,Acumuladores electricos cheios de electrolito liquido acido,10285.0,2794,80,8.0,50,,800,True,,2794,ok,8,recuperado major de '8.0' (provável Nº perigo na coluna),8 — Matérias corrosivas,acumuladores electricos cheios de electrolito liquido acido
719,Materia perigosa do ponto de vista do ambiente solida n.s.a.,3529.0,3077,90,9.0,50,,800,True,,3077,ok,9,recuperado major de '9.0' (provável Nº perigo na coluna),9 — Matérias e objetos perigosos diversos,materia perigosa do ponto de vista do ambiente solida n.s.a.
720,Liquido corrosivo n.s.a.,420.0,1760,80,8.0,50,,800,True,,1760,ok,8,recuperado major de '8.0' (provável Nº perigo na coluna),8 — Matérias corrosivas,liquido corrosivo n.s.a.
720,Liquido inflamavel n.s.a.,600.0,1993,33,3.0,50,300.0,800,True,,1993,ok,3,recuperado major de '3.0' (provável Nº perigo na coluna),3 — Líquidos inflamáveis,liquido inflamavel n.s.a.
720,Liquido corrosivo toxico n.s.a.,300.0,2922,86,8.0,50,,800,True,,2922,ok,8,recuperado major de '8.0' (provável Nº perigo na coluna),8 — Matérias corrosivas,liquido corrosivo toxico n.s.a.
720,Liquido organico corrosivo acido n.s.a.,300.0,3265,80,8.0,50,,800,True,,3265,ok,8,recuperado major de '8.0' (provável Nº perigo na coluna),8 — Matérias corrosivas,liquido organico corrosivo acido n.s.a.
721,Adesivos contendo um liquido inflamavel,5115.0,1133,30 ou 33,3.0,50,300.0,800,True,,1133,ok,3,recuperado major de '3.0' (provável Nº perigo na coluna),3 — Líquidos inflamáveis,adesivos contendo um liquido inflamavel
722,Hidrocarbonetos liquidos n.s.a.,206.0,3295,30,3.0,50,300.0,800,True,,3295,ok,3,recuperado major de '3.0' (provável Nº perigo na coluna),3 — Líquidos inflamáveis,hidrocarbonetos liquidos n.s.a.
723,Tolueno,850.0,1294,33,3.0,50,300.0,800,True,,1294,ok,3,recuperado major de '3.0' (provável Nº perigo na coluna),3 — Líquidos inflamáveis,tolueno
723,Xilenos,1700.0,1307,30 ou 33,3.0,50,300.0,800,True,,1307,ok,3,recuperado major de '3.0' (provável Nº perigo na coluna),3 — Líquidos inflamáveis,xilenos
723,Resina em solucao inflamavel,2000.0,1866,30 ou 33,3.0,50,300.0,800,True,,1866,ok,3,recuperado major de '3.0' (provável Nº perigo na coluna),3 — Líquidos inflamáveis,resina em solucao inflamavel
723,Amoniaco em solucao aquosa,900.0,2672,80,8.0,50,,800,True,,2672,ok,8,recuperado major de '8.0' (provável Nº perigo na coluna),8 — Matérias corrosivas,amoniaco em solucao aquosa
724,Acendalhas solidas impregnadas de liquido inflamavel,9879.0,2623,40,4.1,25,100.0,800,True,,2623,ok,4.1,ok,4.1 — Sólidos inflamáveis,acendalhas solidas impregnadas de liquido inflamavel
725,Materia perigosa do ponto de vista do ambiente solida n.s.a.,21600.0,3077,90,9.0,50,,800,True,,3077,ok,9,recuperado major de '9.0' (provável Nº perigo na coluna),9 — Matérias e objetos perigosos diversos,materia perigosa do ponto de vista do ambiente solida n.s.a.
726,Materia perigosa do ponto de vista do ambiente solida n.s.a.,315.0,3077,90,9.0,50,,800,True,,3077,ok,9,recuperado major de '9.0' (provável Nº perigo na coluna),9 — Matérias e objetos perigosos diversos,materia perigosa do ponto de vista do ambiente solida n.s.a.
727,Adesivos contendo um liquido inflamavel,2325.0,1133,30 ou 33,3.0,50,300.0,800,True,,1133,ok,3,recuperado major de '3.0' (provável Nº perigo na coluna),3 — Líquidos inflamáveis,adesivos contendo um liquido inflamavel
728,Xilenos,850.0,1307,30 ou 33,3.0,50,300.0,800,True,,1307,ok,3,recuperado major de '3.0' (provável Nº perigo na coluna),3 — Líquidos inflamáveis,xilenos
728,Resina em solucao inflamavel,1000.0,1866,30 ou 33,3.0,50,300.0,800,True,,1866,ok,3,recuperado major de '3.0' (provável Nº perigo na coluna),3 — Líquidos inflamáveis,resina em solucao inflamavel
729,Hidroxido de sodio solido,25000.0,1823,80,8.0,50,,800,True,,1823,ok,8,recuperado major de '8.0' (provável Nº perigo na coluna),8 — Matérias corrosivas,hidroxido de sodio solido
730,Tintas ou materias aparentadas as tintas,4341.0,1263,33,3.0,50,300.0,800,True,,1263,ok,3,recuperado major de '3.0' (provável Nº perigo na coluna),3 — Líquidos inflamáveis,tintas ou materias aparentadas as tintas
731,Solido organico inflamavel n.s.a.,4838.0,1325,40,4.1,25,100.0,800,True,,1325,ok,4.1,ok,4.1 — Sólidos inflamáveis,solido organico inflamavel n.s.a.
732,Aerossois,10000.0,1950,26,2.0,100,500.0,800,True,,1950,ok,2,recuperado major de '2.0' (provável Nº perigo na coluna),2 — Gases,aerossois
733,Acendalhas solidas impregnadas de liquido inflamavel,25000.0,2623,40,4.1,25,100.0,800,True,,2623,ok,4.1,ok,4.1 — Sólidos inflamáveis,acendalhas solidas impregnadas de liquido inflamavel
734,Tintas ou materias aparentadas as tintas,7498.0,1263,30,3.0,50,300.0,800,False,,1263,ok,3,recuperado major de '3.0' (provável Nº perigo na coluna),3 — Líquidos inflamáveis,tintas ou materias aparentadas as tintas
735,Materia perigosa do ponto de vista do ambiente liquida n.s.a,10000.0,3082,90,9.0,50,,800,False,,3082,ok,9,recuperado major de '9.0' (provável Nº perigo na coluna),9 — Matérias e objetos perigosos diversos,materia perigosa do ponto de vista do ambiente liquida n.s.a
736,Adesivos contendo um liquido inflamavel,7440.0,1133,30,3.0,50,300.0,800,True,,1133,ok,3,recuperado major de '3.0' (provável Nº perigo na coluna),3 — Líquidos inflamáveis,adesivos contendo um liquido inflamavel
737,Tintas ou materias aparentadas as tintas,3183.0,1263,30 ou 33,3.0,50,300.0,800,True,,1263,ok,3,recuperado major de '3.0' (provável Nº perigo na coluna),3 — Líquidos inflamáveis,tintas ou materias aparentadas as tintas
737,Tolueno,405.0,1294,33,3.0,50,300.0,800,True,,1294,ok,3,recuperado major de '3.0' (provável Nº perigo na coluna),3 — Líquidos inflamáveis,tolueno
737,Sucedaneo de essencia de terebentina,405.0,1300,30 ou 33,3.0,50,300.0,800,True,,1300,ok,3,recuperado major de '3.0' (provável Nº perigo na coluna),3 — Líquidos inflamáveis,sucedaneo de essencia de terebentina
737,Xilenos,405.0,1307,30 ou 33,3.0,50,300.0,800,True,,1307,ok,3,recuperado major de '3.0' (provável Nº perigo na coluna),3 — Líquidos inflamáveis,xilenos
737,Resina em solucao,60.0,1866,30 ou 33,3.0,50,300.0,800,True,,1866,ok,3,recuperado major de '3.0' (provável Nº perigo na coluna),3 — Líquidos inflamáveis,resina em solucao
738,Resina em solucao,16500.0,1866,30,3.0,50,300.0,800,True,,1866,ok,3,recuperado major de '3.0' (provável Nº perigo na coluna),3 — Líquidos inflamáveis,resina em solucao
1004,Hipoclorito em solucao,23500.0,1791,80,8.0,50,,800,True,,1791,ok,8,recuperado major de '8.0' (provável Nº perigo na coluna),8 — Matérias corrosivas,hipoclorito em solucao
1004,Tintas ou materias aparentadas as tintas,12623.0,1263,33,3.0,50,300.0,800,True,,1263,ok,3,recuperado major de '3.0' (provável Nº perigo na coluna),3 — Líquidos inflamáveis,tintas ou materias aparentadas as tintas
1005,Peroxido de hidrogenio em solucao aquosa estabilizado,0.0,2015,559,5.1,50,,800,True,,2015,ok,5.1,ok,5.1 — Matérias comburentes,peroxido de hidrogenio em solucao aquosa estabilizado
1006,Acetato de vinilo estabilizado,0.0,1301,339,3.0,50,300.0,800,True,,1301,ok,3,recuperado major de '3.0' (provável Nº perigo na coluna),3 — Líquidos inflamáveis,acetato de vinilo estabilizado
1007,Essencia de terebentina,18615.0,1299,30,3.0,50,300.0,800,True,,1299,ok,3,recuperado major de '3.0' (provável Nº perigo na coluna),3 — Líquidos inflamáveis,essencia de terebentina
1008,Materia perigosa do ponto de vista do ambiente liquida n.s.a,0.0,3082,90,9.0,50,,800,True,,3082,ok,9,recuperado major de '9.0' (provável Nº perigo na coluna),9 — Matérias e objetos perigosos diversos,materia perigosa do ponto de vista do ambiente liquida n.s.a
1009,Materia perigosa do ponto de vista do ambiente liquida n.s.a,0.0,3082,90,9.0,50,,800,True,,3082,ok,9,recuperado major de '9.0' (provável Nº perigo na coluna),9 — Matérias e objetos perigosos diversos,materia perigosa do ponto de vista do ambiente liquida n.s.a
1010,Acido cloridrico,122000.0,1789,80,8.0,50,,800,True,,1789,ok,8,recuperado major de '8.0' (provável Nº perigo na coluna),8 — Matérias corrosivas,acido cloridrico
1011,Acido cloridrico,20000.0,1789,80,8.0,50,,800,True,,1789,ok,8,recuperado major de '8.0' (provável Nº perigo na coluna),8 — Matérias corrosivas,acido cloridrico
1012,Peroxido de hidrogenio em solucao aquosa estabilizado,0.0,2015,559,5.1,50,,800,True,,2015,ok,5.1,ok,5.1 — Matérias comburentes,peroxido de hidrogenio em solucao aquosa estabilizado
1013,Materia perigosa do ponto de vista do ambiente liquida n.s.a,0.0,3082,90,9.0,50,,800,True,,3082,ok,9,recuperado major de '9.0' (provável Nº perigo na coluna),9 — Matérias e objetos perigosos diversos,materia perigosa do ponto de vista do ambiente liquida n.s.a
1014,Ciclohexanona,0.0,1915,30,3.0,50,300.0,800,True,,1915,ok,3,recuperado major de '3.0' (provável Nº perigo na coluna),3 — Líquidos inflamáveis,ciclohexanona
1015,Materia perigosa do ponto de vista do ambiente liquida n.s.a,0.0,3082,90,9.0,50,,800,True,,3082,ok,9,recuperado major de '9.0' (provável Nº perigo na coluna),9 — Matérias e objetos perigosos diversos,materia perigosa do ponto de vista do ambiente liquida n.s.a
1016,Materia perigosa do ponto de vista do ambiente liquida n.s.a,0.0,3082,90,9.0,50,,800,True,,3082,ok,9,recuperado major de '9.0' (provável Nº perigo na coluna),9 — Matérias e objetos perigosos diversos,materia perigosa do ponto de vista do ambiente liquida n.s.a
1017,Extratos liquidos para aromatizar,12599.0,1197,33,3.0,50,300.0,800,True,,1197,ok,3,recuperado major de '3.0' (provável Nº perigo na coluna),3 — Líquidos inflamáveis,extratos liquidos para aromatizar
1017,Liquido inorganico corrosivo acido n.s.a.,21184.0,3264,88,8.0,50,,800,True,,3264,ok,8,recuperado major de '8.0' (provável Nº perigo na coluna),8 — Matérias corrosivas,liquido inorganico corrosivo acido n.s.a.
1017,"Solido comburente, nsa",12928.0,1479,55,5.1,50,100.0,800,True,,1479,ok,5.1,ok,5.1 — Matérias comburentes,"solido comburente, nsa"
1018,Peroxido de hidrogenio em solucao aquosa,0.0,2014,58,5.1,50,,800,True,,2014,ok,5.1,ok,5.1 — Matérias comburentes,peroxido de hidrogenio em solucao aquosa
1018,Peroxido de hidrogenio em solucao aquosa estabilizado,0.0,2015,559,5.1,50,,800,True,,2015,ok,5.1,ok,5.1 — Matérias comburentes,peroxido de hidrogenio em solucao aquosa estabilizado
1019,Adesivos contendo um liquido inflamavel,8864.0,1133,30,3.0,50,300.0,800,True,,1133,ok,3,recuperado major de '3.0' (provável Nº perigo na coluna),3 — Líquidos inflamáveis,adesivos contendo um liquido inflamavel
1020,Isopropanol,0.0,1219,33,3.0,50,300.0,800,True,,1219,ok,3,recuperado major de '3.0' (provável Nº perigo na coluna),3 — Líquidos inflamáveis,isopropanol
1021,Adesivos contendo um liquido inflamavel,9750.0,1133,30,3.0,50,300.0,800,True,,1133,ok,3,recuperado major de '3.0' (provável Nº perigo na coluna),3 — Líquidos inflamáveis,adesivos contendo um liquido inflamavel
1022,Adesivos contendo um liquido inflamavel,9750.0,1133,30,3.0,50,300.0,800,True,,1133,ok,3,recuperado major de '3.0' (provável Nº perigo na coluna),3 — Líquidos inflamáveis,adesivos contendo um liquido inflamavel
1023,Materia perigosa do ponto de vista do ambiente liquida n.s.a,0.0,3082,90,9.0,50,,800,True,,3082,ok,9,recuperado major de '9.0' (provável Nº perigo na coluna),9 — Matérias e objetos perigosos diversos,materia perigosa do ponto de vista do ambiente liquida n.s.a
1024,Materia perigosa do ponto de vista do ambiente liquida n.s.a,0.0,3082,90,9.0,50,,800,True,,3082,ok,9,recuperado major de '9.0' (provável Nº perigo na coluna),9 — Matérias e objetos perigosos diversos,materia perigosa do ponto de vista do ambiente liquida n.s.a
1025,Tintas ou materias aparentadas as tintas,30865.0,1263,33,3.0,50,300.0,800,True,,1263,ok,3,recuperado major de '3.0' (provável Nº perigo na coluna),3 — Líquidos inflamáveis,tintas ou materias aparentadas as tintas
1026,Tintas ou materias aparentadas as tintas,31758.0,1263,33,3.0,50,300.0,800,True,,1263,ok,3,recuperado major de '3.0' (provável Nº perigo na coluna),3 — Líquidos inflamáveis,tintas ou materias aparentadas as tintas
1026,Amoniaco em solucao aquosa,21278.0,2672,80,8.0,50,,800,True,,2672,ok,8,recuperado major de '8.0' (provável Nº perigo na coluna),8 — Matérias corrosivas,amoniaco em solucao aquosa
1027,Tintas ou materias aparentadas as tintas,14539.0,1263,33,3.0,50,300.0,800,True,,1263,ok,3,recuperado major de '3.0' (provável Nº perigo na coluna),3 — Líquidos inflamáveis,tintas ou materias aparentadas as tintas
1028,Acrilatos de butilo estabilizados,26900.0,2348,39,3.0,50,300.0,800,True,,2348,ok,3,recuperado major de '3.0' (provável Nº perigo na coluna),3 — Líquidos inflamáveis,acrilatos de butilo estabilizados
1029,Materia perigosa do ponto de vista do ambiente liquida n.s.a,0.0,3082,90,9.0,50,,800,True,,3082,ok,9,recuperado major de '9.0' (provável Nº perigo na coluna),9 — Matérias e objetos perigosos diversos,materia perigosa do ponto de vista do ambiente liquida n.s.a
1030,Adesivos contendo um liquido inflamavel,17728.0,1133,30,3.0,50,300.0,800,True,,1133,ok,3,recuperado major de '3.0' (provável Nº perigo na coluna),3 — Líquidos inflamáveis,adesivos contendo um liquido inflamavel
1031,Acido cloridrico,20000.0,1789,80,8.0,50,,800,True,,1789,ok,8,recuperado major de '8.0' (provável Nº perigo na coluna),8 — Matérias corrosivas,acido cloridrico
1032,Acido cloridrico,94640.0,1789,80,8.0,50,,800,True,,1789,ok,8,recuperado major de '8.0' (provável Nº perigo na coluna),8 — Matérias corrosivas,acido cloridrico
1032,Diisocianato de toluileno,21440.0,2078,60,6.1,50,,800,True,,2078,ok,6.1,ok,6.1 — Matérias tóxicas,diisocianato de toluileno
1033,Materia perigosa do ponto de vista do ambiente liquida n.s.a,0.0,3082,90,9.0,50,,800,True,,3082,ok,9,recuperado major de '9.0' (provável Nº perigo na coluna),9 — Matérias e objetos perigosos diversos,materia perigosa do ponto de vista do ambiente liquida n.s.a
1034,Liquido organico toxico n.s.a.,11157.0,2810,66,6.1,50,,800,True,,2810,ok,6.1,ok,6.1 — Matérias tóxicas,liquido organico toxico n.s.a.
1035,Diisocianato de toluileno,29900.0,2078,60,6.1,50,,800,True,,2078,ok,6.1,ok,6.1 — Matérias tóxicas,diisocianato de toluileno
1036,Peroxido de hidrogenio em solucao aquosa,0.0,2014,58,5.1,50,,800,True,,2014,ok,5.1,ok,5.1 — Matérias comburentes,peroxido de hidrogenio em solucao aquosa
1037,Metilato de sodio em solucao,0.0,1289,38,3.0,50,50.0,800,True,,1289,ok,3,recuperado major de '3.0' (provável Nº perigo na coluna),3 — Líquidos inflamáveis,metilato de sodio em solucao
1038,Peroxido de hidrogenio em solucao aquosa estabilizado,,2015,559,5.1,50,,800,True,,2015,ok,5.1,ok,5.1 — Matérias comburentes,peroxido de hidrogenio em solucao aquosa estabilizado
1039,Diacetona-alcool,0.0,1148,33,3.0,50,300.0,800,True,,1148,ok,3,recuperado major de '3.0' (provável Nº perigo na coluna),3 — Líquidos inflamáveis,diacetona-alcool
1040,Liquido organico corrosivo basico n.s.a.,0.0,3267,80,8.0,50,,800,True,,3267,ok,8,recuperado major de '8.0' (provável Nº perigo na coluna),8 — Matérias corrosivas,liquido organico corrosivo basico n.s.a.
1040,Peroxido de hidrogenio em solucao aquosa estabilizado,0.0,2015,559,5.1,50,,800,True,,2015,ok,5.1,ok,5.1 — Matérias comburentes,peroxido de hidrogenio em solucao aquosa estabilizado
1040,Dioxido de carbono liquido refrigerado,0.0,2187,22,2.0,100,100.0,800,True,,2187,ok,2,recuperado major de '2.0' (provável Nº perigo na coluna),2 — Gases,dioxido de carbono liquido refrigerado
1041,Metilato de sodio em solucao,0.0,1289,338,3.0,50,50.0,800,True,,1289,ok,3,recuperado major de '3.0' (provável Nº perigo na coluna),3 — Líquidos inflamáveis,metilato de sodio em solucao
1042,Metilato de sodio em solucao,0.0,1289,38,3.0,50,50.0,800,True,,1289,ok,3,recuperado major de '3.0' (provável Nº perigo na coluna),3 — Líquidos inflamáveis,metilato de sodio em solucao
1043,Diisocianato de toluileno,21440.0,2078,60,6.1,50,,800,True,,2078,ok,6.1,ok,6.1 — Matérias tóxicas,diisocianato de toluileno
1044,Metilato de sodio em solucao,0.0,1289,38,3.0,50,50.0,800,True,,1289,ok,3,recuperado major de '3.0' (provável Nº perigo na coluna),3 — Líquidos inflamáveis,metilato de sodio em solucao
1045,Peroxido de hidrogenio em solucao aquosa estabilizado,0.0,2015,559,5.1,50,,800,True,,2015,ok,5.1,ok,5.1 — Matérias comburentes,peroxido de hidrogenio em solucao aquosa estabilizado
1046,Diisocianato de toluileno,21440.0,2078,60,6.1,50,,800,True,,2078,ok,6.1,ok,6.1 — Matérias tóxicas,diisocianato de toluileno
1046,Acido cloridrico,20000.0,1789,80,8.0,50,,800,True,,1789,ok,8,recuperado major de '8.0' (provável Nº perigo na coluna),8 — Matérias corrosivas,acido cloridrico
1047,Acido cloridrico,20000.0,1789,80,8.0,50,,800,True,,1789,ok,8,recuperado major de '8.0' (provável Nº perigo na coluna),8 — Matérias corrosivas,acido cloridrico
1048,Acido cloridrico,40000.0,1789,80,8.0,50,,800,True,,1789,ok,8,recuperado major de '8.0' (provável Nº perigo na coluna),8 — Matérias corrosivas,acido cloridrico
1049,Etilmetilcetona,0.0,1193,33,3.0,50,300.0,800,True,,1193,ok,3,recuperado major de '3.0' (provável Nº perigo na coluna),3 — Líquidos inflamáveis,etilmetilcetona
1050,Materia perigosa do ponto de vista do ambiente liquida n.s.a,0.0,3082,90,9.0,50,,800,True,,3082,ok,9,recuperado major de '9.0' (provável Nº perigo na coluna),9 — Matérias e objetos perigosos diversos,materia perigosa do ponto de vista do ambiente liquida n.s.a
1051,Diisocianato de toluileno,25440.0,2078,60,6.1,50,,800,True,,2078,ok,6.1,ok,6.1 — Matérias tóxicas,diisocianato de toluileno
1052,Adesivos contendo um liquido inflamavel,9750.0,1133,30,3.0,50,300.0,800,True,,1133,ok,3,recuperado major de '3.0' (provável Nº perigo na coluna),3 — Líquidos inflamáveis,adesivos contendo um liquido inflamavel
1053,Aerossois,1484.0,1950,28,2.0,50,500.0,800,True,,1950,ok,2,recuperado major de '2.0' (provável Nº perigo na coluna),2 — Gases,aerossois
1054,Materia perigosa do ponto de vista do ambiente liquida n.s.a,0.0,3082,90,9.0,50,,800,True,,3082,ok,9,recuperado major de '9.0' (provável Nº perigo na coluna),9 — Matérias e objetos perigosos diversos,materia perigosa do ponto de vista do ambiente liquida n.s.a
1055,Acido cloridrico,42400.0,1789,80,8.0,50,,800,True,,1789,ok,8,recuperado major de '8.0' (provável Nº perigo na coluna),8 — Matérias corrosivas,acido cloridrico
1056,Peroxido de hidrogenio em solucao aquosa estabilizado,0.0,2015,559,5.1,50,,800,True,,2015,ok,5.1,ok,5.1 — Matérias comburentes,peroxido de hidrogenio em solucao aquosa estabilizado
1056,Peroxido de hidrogenio em solucao aquosa,0.0,2014,58,5.1,50,,800,True,,2014,ok,5.1,ok,5.1 — Matérias comburentes,peroxido de hidrogenio em solucao aquosa
1056,Dioxido de carbono liquido refrigerado,0.0,2187,22,2.0,100,100.0,800,True,,2187,ok,2,recuperado major de '2.0' (provável Nº perigo na coluna),2 — Gases,dioxido de carbono liquido refrigerado
1056,Ciclohexilamina,0.0,2357,83,8.0,50,50.0,800,True,,2357,ok,8,recuperado major de '8.0' (provável Nº perigo na coluna),8 — Matérias corrosivas,ciclohexilamina
1057,Acido cloridrico,23400.0,1789,80,8.0,50,,800,True,,1789,ok,8,recuperado major de '8.0' (provável Nº perigo na coluna),8 — Matérias corrosivas,acido cloridrico
1058,Adesivos contendo um liquido inflamavel,10834.0,1133,30,3.0,50,300.0,800,True,,1133,ok,3,recuperado major de '3.0' (provável Nº perigo na coluna),3 — Líquidos inflamáveis,adesivos contendo um liquido inflamavel
1059,Acumuladores electricos cheios de electrolito liquido acido,3943.0,2794,80,8.0,50,,800,True,,2794,ok,8,recuperado major de '8.0' (provável Nº perigo na coluna),8 — Matérias corrosivas,acumuladores electricos cheios de electrolito liquido acido
1059,Diisocianato de toluileno,21440.0,2078,60,6.1,50,,800,True,,2078,ok,6.1,ok,6.1 — Matérias tóxicas,diisocianato de toluileno
1060,Acumuladores electricos cheios de electrolito liquido acido,3943.0,2794,80,8.0,50,,800,True,,2794,ok,8,recuperado major de '8.0' (provável Nº perigo na coluna),8 — Matérias corrosivas,acumuladores electricos cheios de electrolito liquido acido
1061,Acido cloridrico,140400.0,1789,80,8.0,50,,800,True,,1789,ok,8,recuperado major de '8.0' (provável Nº perigo na coluna),8 — Matérias corrosivas,acido cloridrico
1061,Adesivos contendo um liquido inflamavel,10834.0,1133,30,3.0,50,300.0,800,True,,1133,ok,3,recuperado major de '3.0' (provável Nº perigo na coluna),3 — Líquidos inflamáveis,adesivos contendo um liquido inflamavel
1062,"Cianeto em solucao, nsa",0.0,1935,66,6.1,25,25.0,800,True,,1935,ok,6.1,ok,6.1 — Matérias tóxicas,"cianeto em solucao, nsa"
1063,Acido cloridrico,46800.0,1789,80,8.0,50,,800,True,,1789,ok,8,recuperado major de '8.0' (provável Nº perigo na coluna),8 — Matérias corrosivas,acido cloridrico
1064,Etanol em solucao,6260.0,1170,33,3.0,50,300.0,800,True,,1170,ok,3,recuperado major de '3.0' (provável Nº perigo na coluna),3 — Líquidos inflamáveis,etanol em solucao
1064,Liquido inflamavel n.s.a.,20163.0,1993,33,3.0,50,300.0,800,True,,1993,ok,3,recuperado major de '3.0' (provável Nº perigo na coluna),3 — Líquidos inflamáveis,liquido inflamavel n.s.a.
1065,Materia perigosa do ponto de vista do ambiente liquida n.s.a,0.0,3082,90,9.0,50,,800,True,,3082,ok,9,recuperado major de '9.0' (provável Nº perigo na coluna),9 — Matérias e objetos perigosos diversos,materia perigosa do ponto de vista do ambiente liquida n.s.a
1066,Isopropanol,0.0,1219,33,3.0,50,300.0,800,True,,1219,ok,3,recuperado major de '3.0' (provável Nº perigo na coluna),3 — Líquidos inflamáveis,isopropanol
1067,Diisocianato de toluileno,21440.0,2078,60,6.1,50,,800,True,,2078,ok,6.1,ok,6.1 — Matérias tóxicas,diisocianato de toluileno
1068,Etilmetilcetona,0.0,1193,33,3.0,50,300.0,800,True,,1193,ok,3,recuperado major de '3.0' (provável Nº perigo na coluna),3 — Líquidos inflamáveis,etilmetilcetona
1069,Adesivos contendo um liquido inflamavel,10834.0,1133,33,3.0,50,300.0,800,True,,1133,ok,3,recuperado major de '3.0' (provável Nº perigo na coluna),3 — Líquidos inflamáveis,adesivos contendo um liquido inflamavel
1069,Diisocianato de toluileno,21440.0,2078,60,6.1,50,,800,True,,2078,ok,6.1,ok,6.1 — Matérias tóxicas,diisocianato de toluileno
1070,Adesivos contendo um liquido inflamavel,22242.0,1133,33,3.0,50,300.0,800,True,,1133,ok,3,recuperado major de '3.0' (provável Nº perigo na coluna),3 — Líquidos inflamáveis,adesivos contendo um liquido inflamavel
1071,Acetato de vinilo estabilizado,0.0,1301,339,3.0,50,300.0,800,True,,1301,ok,3,recuperado major de '3.0' (provável Nº perigo na coluna),3 — Líquidos inflamáveis,acetato de vinilo estabilizado
1072,Acrilatos de butilo estabilizados,28800.0,2348,39,3.0,50,300.0,800,True,,2348,ok,3,recuperado major de '3.0' (provável Nº perigo na coluna),3 — Líquidos inflamáveis,acrilatos de butilo estabilizados
1072,"Hidrocarbonetos gasosos em mistura liquefeita, nsa",24200.0,1965,23,2.0,100,800.0,1600,True,,1965,ok,2,recuperado major de '2.0' (provável Nº perigo na coluna),2 — Gases,"hidrocarbonetos gasosos em mistura liquefeita, nsa"
1072,Tartrato de antimonio e de potassio,21936.0,1551,60,6.1,50,50.0,800,True,,1551,ok,6.1,ok,6.1 — Matérias tóxicas,tartrato de antimonio e de potassio
1073,Materia perigosa do ponto de vista do ambiente liquida n.s.a,0.0,3082,90,9.0,50,,800,True,,3082,ok,9,recuperado major de '9.0' (provável Nº perigo na coluna),9 — Matérias e objetos perigosos diversos,materia perigosa do ponto de vista do ambiente liquida n.s.a
1074,Diisocianato de toluileno,21440.0,2078,60,6.1,50,,800,True,,2078,ok,6.1,ok,6.1 — Matérias tóxicas,diisocianato de toluileno
1075,Adesivos contendo um liquido inflamavel,10834.0,1133,33,3.0,50,300.0,800,True,,1133,ok,3,recuperado major de '3.0' (provável Nº perigo na coluna),3 — Líquidos inflamáveis,adesivos contendo um liquido inflamavel
1076,Acumuladores electricos cheios de electrolito liquido acido,9767.0,2794,80,8.0,50,,800,True,,2794,ok,8,recuperado major de '8.0' (provável Nº perigo na coluna),8 — Matérias corrosivas,acumuladores electricos cheios de electrolito liquido acido
1077,Aerossois,11340.0,1950,23,2.0,50,500.0,800,True,,1950,ok,2,recuperado major de '2.0' (provável Nº perigo na coluna),2 — Gases,aerossois
1077,Diclorometano,16470.0,1593,60,6.1,50,100.0,800,True,,1593,ok,6.1,ok,6.1 — Matérias tóxicas,diclorometano
1078,Aerossois,11340.0,1950,23,2.0,50,500.0,800,True,,1950,ok,2,recuperado major de '2.0' (provável Nº perigo na coluna),2 — Gases,aerossois
1079,Materia perigosa do ponto de vista do ambiente liquida n.s.a,0.0,3082,90,9.0,50,,800,True,,3082,ok,9,recuperado major de '9.0' (provável Nº perigo na coluna),9 — Matérias e objetos perigosos diversos,materia perigosa do ponto de vista do ambiente liquida n.s.a
1080,Diisocianato de toluileno,21440.0,2078,60,6.1,50,,800,True,,2078,ok,6.1,ok,6.1 — Matérias tóxicas,diisocianato de toluileno
1081,Diisocianato de toluileno,21440.0,2078,60,6.1,50,,800,True,,2078,ok,6.1,ok,6.1 — Matérias tóxicas,diisocianato de toluileno
1082,Ciclohexilamina,19140.0,2357,83,8.0,50,50.0,800,True,,2357,ok,8,recuperado major de '8.0' (provável Nº perigo na coluna),8 — Matérias corrosivas,ciclohexilamina
1083,Acrilatos de butilo estabilizados,0.0,2348,39,3.0,50,300.0,800,True,,2348,ok,3,recuperado major de '3.0' (provável Nº perigo na coluna),3 — Líquidos inflamáveis,acrilatos de butilo estabilizados
1083,Peroxido de hidrogenio em solucao aquosa estabilizado,0.0,2015,559,5.1,50,,800,True,,2015,ok,5.1,ok,5.1 — Matérias comburentes,peroxido de hidrogenio em solucao aquosa estabilizado
1083,Peroxido de hidrogenio em solucao aquosa,0.0,2014,58,5.1,50,,800,True,,2014,ok,5.1,ok,5.1 — Matérias comburentes,peroxido de hidrogenio em solucao aquosa
1084,Diisocianato de toluileno,21440.0,2078,60,6.1,50,,800,True,,2078,ok,6.1,ok,6.1 — Matérias tóxicas,diisocianato de toluileno
1085,Materia perigosa do ponto de vista do ambiente solida n.s.a.,32134.0,3077,90,9.0,50,,800,True,,3077,ok,9,recuperado major de '9.0' (provável Nº perigo na coluna),9 — Matérias e objetos perigosos diversos,materia perigosa do ponto de vista do ambiente solida n.s.a.
1086,Liquido corrosivo toxico n.s.a.,25620.0,2922,886,8.0,50,,800,True,,2922,ok,8,recuperado major de '8.0' (provável Nº perigo na coluna),8 — Matérias corrosivas,liquido corrosivo toxico n.s.a.
1087,Diisocianato de toluileno,21440.0,2078,60,6.1,50,,800,True,,2078,ok,6.1,ok,6.1 — Matérias tóxicas,diisocianato de toluileno
1088,Liquido inflamavel n.s.a.,10576.0,1993,33,3.0,50,300.0,800,True,,1993,ok,3,recuperado major de '3.0' (provável Nº perigo na coluna),3 — Líquidos inflamáveis,liquido inflamavel n.s.a.
1089,Liquido inflamavel n.s.a.,10576.0,1993,33,3.0,50,300.0,800,True,,1993,ok,3,recuperado major de '3.0' (provável Nº perigo na coluna),3 — Líquidos inflamáveis,liquido inflamavel n.s.a.
1090,Diclorometano,11570.0,1593,60,6.1,50,100.0,800,True,,1593,ok,6.1,ok,6.1 — Matérias tóxicas,diclorometano
1091,Adesivos contendo um liquido inflamavel,10834.0,1133,30,3.0,50,300.0,800,True,,1133,ok,3,recuperado major de '3.0' (provável Nº perigo na coluna),3 — Líquidos inflamáveis,adesivos contendo um liquido inflamavel
1092,Materia perigosa do ponto de vista do ambiente liquida n.s.a,0.0,3082,90,9.0,50,,800,True,,3082,ok,9,recuperado major de '9.0' (provável Nº perigo na coluna),9 — Matérias e objetos perigosos diversos,materia perigosa do ponto de vista do ambiente liquida n.s.a
1093,Diisocianato de toluileno,21440.0,2078,60,6.1,50,,800,True,,2078,ok,6.1,ok,6.1 — Matérias tóxicas,diisocianato de toluileno
1094,Aerossois,11101.0,1950,20,2.0,50,500.0,800,True,,1950,ok,2,recuperado major de '2.0' (provável Nº perigo na coluna),2 — Gases,aerossois
1095,Bebidas alcoolicas contendo mais de 70% de alcool,0.0,3065,30,3.0,50,300.0,800,True,,3065,ok,3,recuperado major de '3.0' (provável Nº perigo na coluna),3 — Líquidos inflamáveis,bebidas alcoolicas contendo mais de 70% de alcool
1096,Adesivos contendo um liquido inflamavel,0.0,1133,33,3.0,50,300.0,800,True,,1133,ok,3,recuperado major de '3.0' (provável Nº perigo na coluna),3 — Líquidos inflamáveis,adesivos contendo um liquido inflamavel
1097,Adesivos contendo um liquido inflamavel,0.0,1133,30,3.0,50,300.0,800,True,,1133,ok,3,recuperado major de '3.0' (provável Nº perigo na coluna),3 — Líquidos inflamáveis,adesivos contendo um liquido inflamavel
1098,Adesivos contendo um liquido inflamavel,0.0,1133,30,3.0,50,300.0,800,True,,1133,ok,3,recuperado major de '3.0' (provável Nº perigo na coluna),3 — Líquidos inflamáveis,adesivos contendo um liquido inflamavel
1099,Peroxido de hidrogenio em solucao aquosa estabilizado,0.0,2015,559,5.1,50,,800,True,,2015,ok,5.1,ok,5.1 — Matérias comburentes,peroxido de hidrogenio em solucao aquosa estabilizado
1099,Peroxido de hidrogenio em solucao aquosa,0.0,2014,58,5.1,50,,800,True,,2014,ok,5.1,ok,5.1 — Matérias comburentes,peroxido de hidrogenio em solucao aquosa
1099,Diisocianato de toluileno,0.0,2078,60,6.1,50,,800,True,,2078,ok,6.1,ok,6.1 — Matérias tóxicas,diisocianato de toluileno
612,Materia perigosa do ponto de vista do ambiente solida n.s.a.,4264.0,3077,90,9.0,50,,800,True,,3077,ok,9,recuperado major de '9.0' (provável Nº perigo na coluna),9 — Matérias e objetos perigosos diversos,materia perigosa do ponto de vista do ambiente solida n.s.a.
613,Diisocianato de toluileno,23000.0,2078,60,6.1,50,,800,True,,2078,ok,6.1,ok,6.1 — Matérias tóxicas,diisocianato de toluileno
1099,Materia perigosa do ponto de vista do ambiente liquida n.s.a,0.0,3082,90,9.0,50,,800,True,,3082,ok,9,recuperado major de '9.0' (provável Nº perigo na coluna),9 — Matérias e objetos perigosos diversos,materia perigosa do ponto de vista do ambiente liquida n.s.a
1100,Diisocianato de toluileno,21440.0,2078,60,6.1,50,,800,True,,2078,ok,6.1,ok,6.1 — Matérias tóxicas,diisocianato de toluileno
1101,Diisocianato de toluileno,21440.0,2078,60,6.1,50,,800,True,,2078,ok,6.1,ok,6.1 — Matérias tóxicas,diisocianato de toluileno
1101,Adesivos contendo um liquido inflamavel,1083.0,1133,30,3.0,50,300.0,800,True,,1133,ok,3,recuperado major de '3.0' (provável Nº perigo na coluna),3 — Líquidos inflamáveis,adesivos contendo um liquido inflamavel
1102,Peroxido de hidrogenio em solucao aquosa estabilizado,0.0,2015,559,5.1,50,,800,True,,2015,ok,5.1,ok,5.1 — Matérias comburentes,peroxido de hidrogenio em solucao aquosa estabilizado
1102,Diisocianato de toluileno,0.0,2078,60,6.1,50,,800,True,,2078,ok,6.1,ok,6.1 — Matérias tóxicas,diisocianato de toluileno
1102,Materia perigosa do ponto de vista do ambiente liquida n.s.a,0.0,3082,90,9.0,50,,800,True,,3082,ok,9,recuperado major de '9.0' (provável Nº perigo na coluna),9 — Matérias e objetos perigosos diversos,materia perigosa do ponto de vista do ambiente liquida n.s.a
1103,Peroxido de hidrogenio em solucao aquosa,0.0,2014,58,5.1,50,,800,True,,2014,ok,5.1,ok,5.1 — Matérias comburentes,peroxido de hidrogenio em solucao aquosa
1103,Peroxido de hidrogenio em solucao aquosa estabilizado,0.0,2015,559,5.1,50,,800,True,,2015,ok,5.1,ok,5.1 — Matérias comburentes,peroxido de hidrogenio em solucao aquosa estabilizado
1103,Acrilatos de butilo estabilizados,0.0,2348,39,3.0,50,300.0,800,True,,2348,ok,3,recuperado major de '3.0' (provável Nº perigo na coluna),3 — Líquidos inflamáveis,acrilatos de butilo estabilizados
1104,Alquifenois liquidos,0.0,3145,88,8.0,50,800.0,800,True,,3145,ok,8,recuperado major de '8.0' (provável Nº perigo na coluna),8 — Matérias corrosivas,alquifenois liquidos
1104,Diisocianato de toluileno,0.0,2078,60,6.1,50,,800,True,,2078,ok,6.1,ok,6.1 — Matérias tóxicas,diisocianato de toluileno
1104,Peroxido de hidrogenio em solucao aquosa estabilizado,0.0,2015,559,5.1,50,,800,True,,2015,ok,5.1,ok,5.1 — Matérias comburentes,peroxido de hidrogenio em solucao aquosa estabilizado
1104,Peroxido de hidrogenio em solucao aquosa,0.0,2014,58,5.1,50,,800,True,,2014,ok,5.1,ok,5.1 — Matérias comburentes,peroxido de hidrogenio em solucao aquosa
1105,Liquido corrosivo n.s.a.,11568.0,1760,88,8.0,50,,800,True,,1760,ok,8,recuperado major de '8.0' (provável Nº perigo na coluna),8 — Matérias corrosivas,liquido corrosivo n.s.a.
1105,Peroxido de hidrogenio em solucao aquosa estabilizado,0.0,2015,559,5.1,50,,800,True,,2015,ok,5.1,ok,5.1 — Matérias comburentes,peroxido de hidrogenio em solucao aquosa estabilizado
1105,Peroxido de hidrogenio em solucao aquosa,0.0,2014,58,5.1,50,,800,True,,2014,ok,5.1,ok,5.1 — Matérias comburentes,peroxido de hidrogenio em solucao aquosa
1106,Peroxido de hidrogenio em solucao aquosa,0.0,2014,58,5.1,50,,800,True,,2014,ok,5.1,ok,5.1 — Matérias comburentes,peroxido de hidrogenio em solucao aquosa
1106,Diisocianato de toluileno,0.0,2078,60,6.1,50,,800,True,,2078,ok,6.1,ok,6.1 — Matérias tóxicas,diisocianato de toluileno
1106,Peroxido de hidrogenio em solucao aquosa estabilizado,0.0,2015,559,5.1,50,,800,True,,2015,ok,5.1,ok,5.1 — Matérias comburentes,peroxido de hidrogenio em solucao aquosa estabilizado
1107,Peroxido de hidrogenio em solucao aquosa estabilizado,0.0,2015,559,5.1,50,,800,True,,2015,ok,5.1,ok,5.1 — Matérias comburentes,peroxido de hidrogenio em solucao aquosa estabilizado
1107,Peroxido de hidrogenio em solucao aquosa,0.0,2014,58,5.1,50,,800,True,,2014,ok,5.1,ok,5.1 — Matérias comburentes,peroxido de hidrogenio em solucao aquosa
1107,Diisocianato de toluileno,0.0,2078,60,6.1,50,,800,True,,2078,ok,6.1,ok,6.1 — Matérias tóxicas,diisocianato de toluileno
1108,Peroxido de hidrogenio em solucao aquosa estabilizado,0.0,2015,559,5.1,50,,800,True,,2015,ok,5.1,ok,5.1 — Matérias comburentes,peroxido de hidrogenio em solucao aquosa estabilizado
1108,Peroxido de hidrogenio em solucao aquosa,0.0,2014,58,5.1,50,,800,True,,2014,ok,5.1,ok,5.1 — Matérias comburentes,peroxido de hidrogenio em solucao aquosa
1109,Diisocianato de toluileno,21440.0,2078,60,6.1,50,,800,True,,2078,ok,6.1,ok,6.1 — Matérias tóxicas,diisocianato de toluileno
1110,Tintas ou materias aparentadas as tintas,24133.0,1263,33,3.0,50,300.0,800,True,,1263,ok,3,recuperado major de '3.0' (provável Nº perigo na coluna),3 — Líquidos inflamáveis,tintas ou materias aparentadas as tintas
1111,Helio comprimido,8274.0,1046,20,2.0,100,100.0,800,False,,1046,ok,2,recuperado major de '2.0' (provável Nº perigo na coluna),2 — Gases,helio comprimido
1112,Tintas ou materias aparentadas as tintas,19837.0,1263,33,3.0,50,300.0,800,True,,1263,ok,3,recuperado major de '3.0' (provável Nº perigo na coluna),3 — Líquidos inflamáveis,tintas ou materias aparentadas as tintas
1113,Aerossois,6750.0,1950,20,2.0,50,500.0,800,True,,1950,ok,2,recuperado major de '2.0' (provável Nº perigo na coluna),2 — Gases,aerossois
1114,"Hidrocarbonetos gasosos em mistura liquefeita, nsa",0.0,1965,23,2.0,100,800.0,1600,True,,1965,ok,2,recuperado major de '2.0' (provável Nº perigo na coluna),2 — Gases,"hidrocarbonetos gasosos em mistura liquefeita, nsa"
1114,Peroxido de hidrogenio em solucao aquosa,0.0,2014,58,5.1,50,,800,True,,2014,ok,5.1,ok,5.1 — Matérias comburentes,peroxido de hidrogenio em solucao aquosa
1114,Peroxido de hidrogenio em solucao aquosa estabilizado,0.0,2015,58,5.1,50,,800,True,,2015,ok,5.1,ok,5.1 — Matérias comburentes,peroxido de hidrogenio em solucao aquosa estabilizado
1115,Acrilatos de butilo estabilizados,54000.0,2348,39,3.0,50,300.0,800,True,,2348,ok,3,recuperado major de '3.0' (provável Nº perigo na coluna),3 — Líquidos inflamáveis,acrilatos de butilo estabilizados
1116,Etanolamina ou etanolamina em solucao,27233.0,2491,80,8.0,50,50.0,800,True,,2491,ok,8,recuperado major de '8.0' (provável Nº perigo na coluna),8 — Matérias corrosivas,etanolamina ou etanolamina em solucao
1117,Peroxido de hidrogenio em solucao aquosa,0.0,2014,58,5.1,50,,800,True,,2014,ok,5.1,ok,5.1 — Matérias comburentes,peroxido de hidrogenio em solucao aquosa
1117,Materia perigosa do ponto de vista do ambiente liquida n.s.a,0.0,3082,90,9.0,50,,800,True,,3082,ok,9,recuperado major de '9.0' (provável Nº perigo na coluna),9 — Matérias e objetos perigosos diversos,materia perigosa do ponto de vista do ambiente liquida n.s.a
1000,Acetato de vinilo estabilizado,0.0,1301,339,3.0,50,300.0,800,True,,1301,ok,3,recuperado major de '3.0' (provável Nº perigo na coluna),3 — Líquidos inflamáveis,acetato de vinilo estabilizado
1001,Diisocianato de toluileno,18417.0,2078,60,6.1,50,,800,True,,2078,ok,6.1,ok,6.1 — Matérias tóxicas,diisocianato de toluileno
1002,Peroxido de hidrogenio em solucao aquosa estabilizado,0.0,2015,559,5.1,50,,800,True,,2015,ok,5.1,ok,5.1 — Matérias comburentes,peroxido de hidrogenio em solucao aquosa estabilizado
1002,Dioxido de carbono liquido refrigerado,0.0,2187,22,2.0,100,100.0,800,True,,2187,ok,2,recuperado major de '2.0' (provável Nº perigo na coluna),2 — Gases,dioxido de carbono liquido refrigerado
1003,Materia perigosa do ponto de vista do ambiente liquida n.s.a,0.0,3082,90,9.0,50,,800,True,,3082,ok,9,recuperado major de '9.0' (provável Nº perigo na coluna),9 — Matérias e objetos perigosos diversos,materia perigosa do ponto de vista do ambiente liquida n.s.a
1117,Tintas ou materias aparentadas as tintas,0.0,1263,33,3.0,50,300.0,800,True,,1263,ok,3,recuperado major de '3.0' (provável Nº perigo na coluna),3 — Líquidos inflamáveis,tintas ou materias aparentadas as tintas
1117,Diisocianato de toluileno,0.0,2078,60,6.1,50,,800,True,,2078,ok,6.1,ok,6.1 — Matérias tóxicas,diisocianato de toluileno
1117,Peroxido de hidrogenio em solucao aquosa estabilizado,0.0,2015,559,5.1,50,,800,True,,2015,ok,5.1,ok,5.1 — Matérias comburentes,peroxido de hidrogenio em solucao aquosa estabilizado
1118,Helio comprimido,7669.0,1046,20,2.0,100,100.0,800,False,,1046,ok,2,recuperado major de '2.0' (provável Nº perigo na coluna),2 — Gases,helio comprimido
1119,Liquido organico corrosivo basico n.s.a.,17576.0,3267,88,8.0,50,,800,True,,3267,ok,8,recuperado major de '8.0' (provável Nº perigo na coluna),8 — Matérias corrosivas,liquido organico corrosivo basico n.s.a.
1120,Diisocianato de toluileno,21440.0,2078,60,6.1,50,,800,True,,2078,ok,6.1,ok,6.1 — Matérias tóxicas,diisocianato de toluileno
1121,Diisocianato de toluileno,21440.0,2078,60,6.1,50,,800,True,,2078,ok,6.1,ok,6.1 — Matérias tóxicas,diisocianato de toluileno
1122,Peroxido de hidrogenio em solucao aquosa estabilizado,0.0,2015,559,5.1,50,,800,True,,2015,ok,5.1,ok,5.1 — Matérias comburentes,peroxido de hidrogenio em solucao aquosa estabilizado
1122,Peroxido de hidrogenio em solucao aquosa,0.0,2014,58,5.1,50,,800,True,,2014,ok,5.1,ok,5.1 — Matérias comburentes,peroxido de hidrogenio em solucao aquosa
1122,Materia perigosa do ponto de vista do ambiente liquida n.s.a,0.0,3082,90,9.0,50,,800,True,,3082,ok,9,recuperado major de '9.0' (provável Nº perigo na coluna),9 — Matérias e objetos perigosos diversos,materia perigosa do ponto de vista do ambiente liquida n.s.a
1123,Tintas ou materias aparentadas as tintas,20200.0,1263,33,3.0,50,300.0,800,True,,1263,ok,3,recuperado major de '3.0' (provável Nº perigo na coluna),3 — Líquidos inflamáveis,tintas ou materias aparentadas as tintas
1124,Tintas ou materias aparentadas as tintas,13747.0,1263,33,3.0,50,300.0,800,True,,1263,ok,3,recuperado major de '3.0' (provável Nº perigo na coluna),3 — Líquidos inflamáveis,tintas ou materias aparentadas as tintas
1125,Peroxido de hidrogenio em solucao aquosa,0.0,2014,58,5.1,50,,800,True,,2014,ok,5.1,ok,5.1 — Matérias comburentes,peroxido de hidrogenio em solucao aquosa
1125,Peroxido de hidrogenio em solucao aquosa estabilizado,0.0,2015,559,5.1,50,,800,True,,2015,ok,5.1,ok,5.1 — Matérias comburentes,peroxido de hidrogenio em solucao aquosa estabilizado
1125,Materia perigosa do ponto de vista do ambiente liquida n.s.a,0.0,3082,90,9.0,50,,800,True,,3082,ok,9,recuperado major de '9.0' (provável Nº perigo na coluna),9 — Matérias e objetos perigosos diversos,materia perigosa do ponto de vista do ambiente liquida n.s.a
1126,Peroxido de hidrogenio em solucao aquosa,0.0,2014,58,5.1,50,,800,True,,2014,ok,5.1,ok,5.1 — Matérias comburentes,peroxido de hidrogenio em solucao aquosa
1126,Peroxido de hidrogenio em solucao aquosa estabilizado,0.0,2015,559,5.1,50,,800,True,,2015,ok,5.1,ok,5.1 — Matérias comburentes,peroxido de hidrogenio em solucao aquosa estabilizado
1126,Materia perigosa do ponto de vista do ambiente liquida n.s.a,0.0,3082,90,9.0,50,,800,True,,3082,ok,9,recuperado major de '9.0' (provável Nº perigo na coluna),9 — Matérias e objetos perigosos diversos,materia perigosa do ponto de vista do ambiente liquida n.s.a
1127,Adesivos contendo um liquido inflamavel,889.0,1133,30,3.0,50,300.0,800,True,,1133,ok,3,recuperado major de '3.0' (provável Nº perigo na coluna),3 — Líquidos inflamáveis,adesivos contendo um liquido inflamavel
1128,Peroxido de hidrogenio em solucao aquosa estabilizado,0.0,2015,559,5.1,50,,800,True,,2015,ok,5.1,ok,5.1 — Matérias comburentes,peroxido de hidrogenio em solucao aquosa estabilizado
1128,Tintas ou materias aparentadas as tintas,19990.0,1263,33,3.0,50,300.0,800,True,,1263,ok,3,recuperado major de '3.0' (provável Nº perigo na coluna),3 — Líquidos inflamáveis,tintas ou materias aparentadas as tintas
1129,Tintas ou materias aparentadas as tintas,19990.0,1263,33,3.0,50,300.0,800,True,,1263,ok,3,recuperado major de '3.0' (provável Nº perigo na coluna),3 — Líquidos inflamáveis,tintas ou materias aparentadas as tintas
1130,Tintas ou materias aparentadas as tintas,0.0,1263,33,3.0,50,300.0,800,True,,1263,ok,3,recuperado major de '3.0' (provável Nº perigo na coluna),3 — Líquidos inflamáveis,tintas ou materias aparentadas as tintas
614,Tintas ou materias aparentadas as tintas,4997.0,1263,30,3.0,50,300.0,800,True,,1263,ok,3,recuperado major de '3.0' (provável Nº perigo na coluna),3 — Líquidos inflamáveis,tintas ou materias aparentadas as tintas
615,Adesivos contendo um liquido inflamavel,36.0,1133,30,3.0,50,300.0,800,True,,1133,ok,3,recuperado major de '3.0' (provável Nº perigo na coluna),3 — Líquidos inflamáveis,adesivos contendo um liquido inflamavel
615,Acetato de etilo,13.0,1173,33,3.0,50,300.0,800,True,,1173,ok,3,recuperado major de '3.0' (provável Nº perigo na coluna),3 — Líquidos inflamáveis,acetato de etilo
615,Resina em solucao,18.0,1866,30,3.0,50,300.0,800,True,,1866,ok,3,recuperado major de '3.0' (provável Nº perigo na coluna),3 — Líquidos inflamáveis,resina em solucao
616,Tetracloroetileno,332.0,1897,60,6.1,50,100.0,800,True,,1897,ok,6.1,ok,6.1 — Matérias tóxicas,tetracloroetileno
617,"Fosforos de seguranca (de friccao, em carteiras ou bolsas)",612.0,1944,40,4.1,25,100.0,800,True,,1944,ok,4.1,ok,4.1 — Sólidos inflamáveis,"fosforos de seguranca (de friccao, em carteiras ou bolsas)"
618,Diisocianato de toluileno,20256.0,2078,60,6.1,50,,800,True,,2078,ok,6.1,ok,6.1 — Matérias tóxicas,diisocianato de toluileno
619,Materia perigosa do ponto de vista do ambiente solida n.s.a.,4943.0,3077,90,9.0,50,,800,True,,3077,ok,9,recuperado major de '9.0' (provável Nº perigo na coluna),9 — Matérias e objetos perigosos diversos,materia perigosa do ponto de vista do ambiente solida n.s.a.
620,Tintas ou materias aparentadas as tintas,6619.0,1263,30,3.0,50,300.0,800,True,,1263,ok,3,recuperado major de '3.0' (provável Nº perigo na coluna),3 — Líquidos inflamáveis,tintas ou materias aparentadas as tintas
621,Acendalhas solidas impregnadas de liquido inflamavel,25000.0,2623,40,4.1,25,100.0,800,True,,2623,ok,4.1,ok,4.1 — Sólidos inflamáveis,acendalhas solidas impregnadas de liquido inflamavel
622,Adesivos contendo um liquido inflamavel,1091.0,1133,30 ou 33,3.0,50,300.0,800,True,,1133,ok,3,recuperado major de '3.0' (provável Nº perigo na coluna),3 — Líquidos inflamáveis,adesivos contendo um liquido inflamavel
622,Tintas ou materias aparentadas as tintas,113.0,1263,30 ou 33,3.0,50,300.0,800,True,,1263,ok,3,recuperado major de '3.0' (provável Nº perigo na coluna),3 — Líquidos inflamáveis,tintas ou materias aparentadas as tintas
622,Resina em solucao,29.0,1866,30 ou 33,3.0,50,300.0,800,True,,1866,ok,3,recuperado major de '3.0' (provável Nº perigo na coluna),3 — Líquidos inflamáveis,resina em solucao
623,Tintas ou materias aparentadas as tintas,5012.0,1263,30 ou 33,3.0,50,300.0,800,True,,1263,ok,3,recuperado major de '3.0' (provável Nº perigo na coluna),3 — Líquidos inflamáveis,tintas ou materias aparentadas as tintas
624,Tintas ou materias aparentadas as tintas,3500.0,1263,30,3.0,50,300.0,800,True,,1263,ok,3,recuperado major de '3.0' (provável Nº perigo na coluna),3 — Líquidos inflamáveis,tintas ou materias aparentadas as tintas
625,Tintas ou materias aparentadas as tintas,568.0,1263,30 ou 33,3.0,50,300.0,800,True,,1263,ok,3,recuperado major de '3.0' (provável Nº perigo na coluna),3 — Líquidos inflamáveis,tintas ou materias aparentadas as tintas
625,Resina em solucao,240.0,1866,30 ou 33,3.0,50,300.0,800,True,,1866,ok,3,recuperado major de '3.0' (provável Nº perigo na coluna),3 — Líquidos inflamáveis,resina em solucao
625,Liquido inflamavel n.s.a.,72.0,1993,30 ou 33,3.0,50,300.0,800,True,,1993,ok,3,recuperado major de '3.0' (provável Nº perigo na coluna),3 — Líquidos inflamáveis,liquido inflamavel n.s.a.
626,Acendalhas solidas impregnadas de liquido inflamavel,40000.0,2623,40,4.1,25,100.0,800,True,,2623,ok,4.1,ok,4.1 — Sólidos inflamáveis,acendalhas solidas impregnadas de liquido inflamavel
628,Diclorometano,9880.0,1593,60,6.1,50,100.0,800,True,,1593,ok,6.1,ok,6.1 — Matérias tóxicas,diclorometano
627,Electrolito acido para acumuladores,,2796,80,8.0,50,,800,True,,2796,ok,8,recuperado major de '8.0' (provável Nº perigo na coluna),8 — Matérias corrosivas,electrolito acido para acumuladores
629,Acumuladores electricos cheios de electrolito liquido acido,4570.0,2794,80,8.0,50,,800,True,,2794,ok,8,recuperado major de '8.0' (provável Nº perigo na coluna),8 — Matérias corrosivas,acumuladores electricos cheios de electrolito liquido acido
630,Materia perigosa do ponto de vista do ambiente solida n.s.a.,750.0,3077,90,9.0,50,,800,True,,3077,ok,9,recuperado major de '9.0' (provável Nº perigo na coluna),9 — Matérias e objetos perigosos diversos,materia perigosa do ponto de vista do ambiente solida n.s.a.
632,Tintas ou materias aparentadas as tintas,16000.0,1263,30,3.0,50,300.0,800,True,,1263,ok,3,recuperado major de '3.0' (provável Nº perigo na coluna),3 — Líquidos inflamáveis,tintas ou materias aparentadas as tintas
633,Diisocianato de toluileno,20880.0,2078,60,6.1,50,,800,True,,2078,ok,6.1,ok,6.1 — Matérias tóxicas,diisocianato de toluileno
634,Diisocianato de toluileno,20880.0,2078,60,6.1,50,,800,True,,2078,ok,6.1,ok,6.1 — Matérias tóxicas,diisocianato de toluileno
635,Produtos de perfumaria,682.0,1266,30,3.0,50,300.0,800,True,,1266,ok,3,recuperado major de '3.0' (provável Nº perigo na coluna),3 — Líquidos inflamáveis,produtos de perfumaria
636,Tintas ou materias aparentadas as tintas,210.0,1263,33,3.0,50,300.0,800,True,,1263,ok,3,recuperado major de '3.0' (provável Nº perigo na coluna),3 — Líquidos inflamáveis,tintas ou materias aparentadas as tintas
637,Diclorometano,10400.0,1593,60,6.1,50,100.0,800,True,,1593,ok,6.1,ok,6.1 — Matérias tóxicas,diclorometano
638,Tintas ou materias aparentadas as tintas,3249.0,1263,33,3.0,50,300.0,800,True,,1263,ok,3,recuperado major de '3.0' (provável Nº perigo na coluna),3 — Líquidos inflamáveis,tintas ou materias aparentadas as tintas
639,Butanol,1810.0,1120,33,3.0,50,300.0,800,True,,1120,ok,3,recuperado major de '3.0' (provável Nº perigo na coluna),3 — Líquidos inflamáveis,butanol
639,Resina em solucao,634.0,1866,33,3.0,50,300.0,800,True,,1866,ok,3,recuperado major de '3.0' (provável Nº perigo na coluna),3 — Líquidos inflamáveis,resina em solucao
639,Tetracloroetileno,920.0,1897,60,6.1,50,100.0,800,True,,1897,ok,6.1,ok,6.1 — Matérias tóxicas,tetracloroetileno
639,Materia perigosa do ponto de vista do ambiente liquida n.s.a,556.0,3082,90,9.0,50,,800,True,,3082,ok,9,recuperado major de '9.0' (provável Nº perigo na coluna),9 — Matérias e objetos perigosos diversos,materia perigosa do ponto de vista do ambiente liquida n.s.a
640,Diisocianato de toluileno,20250.0,2078,60,6.1,50,,800,True,,2078,ok,6.1,ok,6.1 — Matérias tóxicas,diisocianato de toluileno
641,Acumuladores electricos cheios de electrolito liquido acido,23483.0,2794,80,8.0,50,,800,True,,2794,ok,8,recuperado major de '8.0' (provável Nº perigo na coluna),8 — Matérias corrosivas,acumuladores electricos cheios de electrolito liquido acido
642,Diisocianato de toluileno,20250.0,2078,60,6.1,50,,800,True,,2078,ok,6.1,ok,6.1 — Matérias tóxicas,diisocianato de toluileno
643,Materia perigosa do ponto de vista do ambiente solida n.s.a.,3064.0,3077,90,9.0,50,,800,True,,3077,ok,9,recuperado major de '9.0' (provável Nº perigo na coluna),9 — Matérias e objetos perigosos diversos,materia perigosa do ponto de vista do ambiente solida n.s.a.
644,Acido sulfurico com mais de 51% de acido,10671.0,1830,80,8.0,50,,800,True,,1830,ok,8,recuperado major de '8.0' (provável Nº perigo na coluna),8 — Matérias corrosivas,acido sulfurico com mais de 51% de acido
645,Tintas ou materias aparentadas as tintas,1200.0,1263,33,3.0,50,300.0,800,True,,1263,ok,3,recuperado major de '3.0' (provável Nº perigo na coluna),3 — Líquidos inflamáveis,tintas ou materias aparentadas as tintas
646,Acumuladores electricos cheios de electrolito liquido acido,20440.0,2794,80,8.0,50,,800,True,,2794,ok,8,recuperado major de '8.0' (provável Nº perigo na coluna),8 — Matérias corrosivas,acumuladores electricos cheios de electrolito liquido acido
647,Acendalhas solidas impregnadas de liquido inflamavel,23000.0,2623,40,4.1,25,100.0,800,True,,2623,ok,4.1,ok,4.1 — Sólidos inflamáveis,acendalhas solidas impregnadas de liquido inflamavel
648,Aerossois,3202.0,1950,23,2.0,100,500.0,800,True,,1950,ok,2,recuperado major de '2.0' (provável Nº perigo na coluna),2 — Gases,aerossois
648,Liquido inflamavel n.s.a.,1284.0,1993,30 ou 33,3.0,50,300.0,800,True,,1993,ok,3,recuperado major de '3.0' (provável Nº perigo na coluna),3 — Líquidos inflamáveis,liquido inflamavel n.s.a.
649,Diisocianato de toluileno,20250.0,2078,60,6.1,50,,800,True,,2078,ok,6.1,ok,6.1 — Matérias tóxicas,diisocianato de toluileno
650,Materia perigosa do ponto de vista do ambiente solida n.s.a.,2265.0,3077,90,9.0,50,,800,True,,3077,ok,9,recuperado major de '9.0' (provável Nº perigo na coluna),9 — Matérias e objetos perigosos diversos,materia perigosa do ponto de vista do ambiente solida n.s.a.
651,Tintas ou materias aparentadas as tintas,2505.0,1263,30 ou 33,3.0,50,300.0,800,True,,1263,ok,3,recuperado major de '3.0' (provável Nº perigo na coluna),3 — Líquidos inflamáveis,tintas ou materias aparentadas as tintas
652,Adesivos contendo um liquido inflamavel,5580.0,1133,30 ou 33,3.0,50,300.0,800,True,,1133,ok,3,recuperado major de '3.0' (provável Nº perigo na coluna),3 — Líquidos inflamáveis,adesivos contendo um liquido inflamavel
653,Amoniaco anidro,0.0,1005,268,2.0,100,,1600,True,,1005,ok,2,recuperado major de '2.0' (provável Nº perigo na coluna),2 — Gases,amoniaco anidro
1130,Peroxido de hidrogenio em solucao aquosa,0.0,2014,58,5.1,50,,800,True,,2014,ok,5.1,ok,5.1 — Matérias comburentes,peroxido de hidrogenio em solucao aquosa
1130,Peroxido de hidrogenio em solucao aquosa estabilizado,0.0,2015,559,5.1,50,,800,True,,2015,ok,5.1,ok,5.1 — Matérias comburentes,peroxido de hidrogenio em solucao aquosa estabilizado
1130,Clorito em solucao,0.0,1908,80,8.0,50,,800,True,,1908,ok,8,recuperado major de '8.0' (provável Nº perigo na coluna),8 — Matérias corrosivas,clorito em solucao
1130,Acetato de butilo,0.0,1123,30,3.0,50,300.0,800,True,,1123,ok,3,recuperado major de '3.0' (provável Nº perigo na coluna),3 — Líquidos inflamáveis,acetato de butilo
1131,Acrilatos de butilo estabilizados,26960.0,2348,39,3.0,50,,800,True,,2348,ok,3,recuperado major de '3.0' (provável Nº perigo na coluna),3 — Líquidos inflamáveis,acrilatos de butilo estabilizados
1132,Diisocianato de toluileno,21440.0,2078,60,6.1,50,,800,True,,2078,ok,6.1,ok,6.1 — Matérias tóxicas,diisocianato de toluileno
1133,Liquido inflamavel n.s.a.,8861.0,1993,33,3.0,50,300.0,800,True,,1993,ok,3,recuperado major de '3.0' (provável Nº perigo na coluna),3 — Líquidos inflamáveis,liquido inflamavel n.s.a.
1133,Tintas ou materias aparentadas as tintas,15443.0,1263,33,3.0,50,300.0,800,True,,1263,ok,3,recuperado major de '3.0' (provável Nº perigo na coluna),3 — Líquidos inflamáveis,tintas ou materias aparentadas as tintas
1134,Helio comprimido,7669.0,1046,20,2.0,100,100.0,800,False,,1046,ok,2,recuperado major de '2.0' (provável Nº perigo na coluna),2 — Gases,helio comprimido
1135,Gases de petroleo liquefeitos,151.0,1075,23,2.0,100,800.0,1600,True,,1075,ok,2,recuperado major de '2.0' (provável Nº perigo na coluna),2 — Gases,gases de petroleo liquefeitos
1136,Gases de petroleo liquefeitos,151.0,1075,23,2.0,100,800.0,1600,True,,1075,ok,2,recuperado major de '2.0' (provável Nº perigo na coluna),2 — Gases,gases de petroleo liquefeitos
1137,Peroxido de hidrogenio em solucao aquosa estabilizado,0.0,2015,559,5.1,50,,800,True,,2015,ok,5.1,ok,5.1 — Matérias comburentes,peroxido de hidrogenio em solucao aquosa estabilizado
1137,Hexanos,112420.0,1208,33,3.0,50,300.0,800,True,,1208,ok,3,recuperado major de '3.0' (provável Nº perigo na coluna),3 — Líquidos inflamáveis,hexanos
1137,Materia perigosa do ponto de vista do ambiente liquida n.s.a,0.0,3082,90,9.0,50,,800,True,,3082,ok,9,recuperado major de '9.0' (provável Nº perigo na coluna),9 — Matérias e objetos perigosos diversos,materia perigosa do ponto de vista do ambiente liquida n.s.a
1137,Peroxido de hidrogenio em solucao aquosa,0.0,2014,58,5.1,50,,800,True,,2014,ok,5.1,ok,5.1 — Matérias comburentes,peroxido de hidrogenio em solucao aquosa
1138,Adesivos contendo um liquido inflamavel,17578.0,1133,30,3.0,50,300.0,800,True,,1133,ok,3,recuperado major de '3.0' (provável Nº perigo na coluna),3 — Líquidos inflamáveis,adesivos contendo um liquido inflamavel
1138,Diisocianato de toluileno,21440.0,2078,60,6.1,50,,800,True,,2078,ok,6.1,ok,6.1 — Matérias tóxicas,diisocianato de toluileno
1139,Acrilatos de butilo estabilizados,53880.0,2348,39,3.0,50,,800,True,,2348,ok,3,recuperado major de '3.0' (provável Nº perigo na coluna),3 — Líquidos inflamáveis,acrilatos de butilo estabilizados
1140,Liquido corrosivo n.s.a.,12585.0,1760,88,8.0,50,,800,True,,1760,ok,8,recuperado major de '8.0' (provável Nº perigo na coluna),8 — Matérias corrosivas,liquido corrosivo n.s.a.
1141,Materia perigosa do ponto de vista do ambiente solida n.s.a.,19931.0,3077,90,9.0,50,,800,True,,3077,ok,9,recuperado major de '9.0' (provável Nº perigo na coluna),9 — Matérias e objetos perigosos diversos,materia perigosa do ponto de vista do ambiente solida n.s.a.
1142,Hipoclorito de calcio hidratado,4092.0,2880,50,5.1,50,100.0,800,True,,2880,ok,5.1,ok,5.1 — Matérias comburentes,hipoclorito de calcio hidratado
1143,Helio comprimido,7669.0,1046,20,2.0,100,100.0,800,False,,1046,ok,2,recuperado major de '2.0' (provável Nº perigo na coluna),2 — Gases,helio comprimido
1144,Adesivos contendo um liquido inflamavel,10834.0,1133,30,3.0,50,300.0,800,True,,1133,ok,3,recuperado major de '3.0' (provável Nº perigo na coluna),3 — Líquidos inflamáveis,adesivos contendo um liquido inflamavel
1145,Liquido inorganico corrosivo acido n.s.a.,6256.0,3264,88,8.0,50,,800,True,,3264,ok,8,recuperado major de '8.0' (provável Nº perigo na coluna),8 — Matérias corrosivas,liquido inorganico corrosivo acido n.s.a.
1146,Materia perigosa do ponto de vista do ambiente solida n.s.a.,20315.0,3077,90,9.0,50,,800,True,,3077,ok,9,recuperado major de '9.0' (provável Nº perigo na coluna),9 — Matérias e objetos perigosos diversos,materia perigosa do ponto de vista do ambiente solida n.s.a.
1147,Diclorometano,5400.0,1593,60,6.1,50,100.0,800,True,,1593,ok,6.1,ok,6.1 — Matérias tóxicas,diclorometano
1148,"Gas frigorifico, n.s.a.",1078.0,1078,20,2.0,100,500.0,800,True,,1078,ok,2,recuperado major de '2.0' (provável Nº perigo na coluna),2 — Gases,"gas frigorifico, n.s.a."
1149,"Gas frigorifico, n.s.a.",22724.0,1078,20,2.0,100,500.0,800,True,,1078,ok,2,recuperado major de '2.0' (provável Nº perigo na coluna),2 — Gases,"gas frigorifico, n.s.a."
1150,Tintas ou materias aparentadas as tintas,7831.0,1263,33,3.0,50,300.0,800,True,,1263,ok,3,recuperado major de '3.0' (provável Nº perigo na coluna),3 — Líquidos inflamáveis,tintas ou materias aparentadas as tintas
1151,Diclorometano,10162.0,1593,60,6.1,50,100.0,800,True,,1593,ok,6.1,ok,6.1 — Matérias tóxicas,diclorometano
1152,Argon liquido refrigerado,22940.0,1951,22,2.0,100,100.0,800,True,,1951,ok,2,recuperado major de '2.0' (provável Nº perigo na coluna),2 — Gases,argon liquido refrigerado
1153,Argon liquido refrigerado,23200.0,1951,22,2.0,100,100.0,800,True,,1951,ok,2,recuperado major de '2.0' (provável Nº perigo na coluna),2 — Gases,argon liquido refrigerado
1154,Hipoclorito em solucao,26639.0,1791,80,8.0,50,,800,True,,1791,ok,8,recuperado major de '8.0' (provável Nº perigo na coluna),8 — Matérias corrosivas,hipoclorito em solucao
1154,Aerossois,5478.0,1950,20,2.0,50,500.0,800,True,,1950,ok,2,recuperado major de '2.0' (provável Nº perigo na coluna),2 — Gases,aerossois
1155,Aerossois,12749.0,1950,20,2.0,50,500.0,800,True,,1950,ok,2,recuperado major de '2.0' (provável Nº perigo na coluna),2 — Gases,aerossois
1156,Acumuladores electricos cheios de electrolito liquido acido,27048.0,2794,80,8.0,50,,800,True,,2794,ok,8,recuperado major de '8.0' (provável Nº perigo na coluna),8 — Matérias corrosivas,acumuladores electricos cheios de electrolito liquido acido
1157,Diclorometano,11921.0,1593,60,6.1,50,100.0,800,True,,1593,ok,6.1,ok,6.1 — Matérias tóxicas,diclorometano
1158,Acetato de etilo,24000.0,1173,33,3.0,50,300.0,800,True,,1173,ok,3,recuperado major de '3.0' (provável Nº perigo na coluna),3 — Líquidos inflamáveis,acetato de etilo
1159,Aerossois,31500.0,1950,20,2.0,50,500.0,800,True,,1950,ok,2,recuperado major de '2.0' (provável Nº perigo na coluna),2 — Gases,aerossois
1160,Liquido corrosivo n.s.a.,6642.0,1760,88,8.0,50,,800,True,,1760,ok,8,recuperado major de '8.0' (provável Nº perigo na coluna),8 — Matérias corrosivas,liquido corrosivo n.s.a.
1161,Peroxido de hidrogenio em solucao aquosa estabilizado,0.0,2015,559,5.1,50,,800,True,,2015,ok,5.1,ok,5.1 — Matérias comburentes,peroxido de hidrogenio em solucao aquosa estabilizado
1179,Peroxido de hidrogenio em solucao aquosa estabilizado,0.0,2015,559,5.1,50,,800,True,,2015,ok,5.1,ok,5.1 — Matérias comburentes,peroxido de hidrogenio em solucao aquosa estabilizado
1180,Aerossois,0.0,1950,23,2.0,50,500.0,800,True,,1950,ok,2,recuperado major de '2.0' (provável Nº perigo na coluna),2 — Gases,aerossois
1181,Acumuladores electricos cheios de electrolito liquido acido,8378.0,2794,80,8.0,50,,800,True,,2794,ok,8,recuperado major de '8.0' (provável Nº perigo na coluna),8 — Matérias corrosivas,acumuladores electricos cheios de electrolito liquido acido
1181,Tintas ou materias aparentadas as tintas,12160.0,1263,33,3.0,50,300.0,800,True,,1263,ok,3,recuperado major de '3.0' (provável Nº perigo na coluna),3 — Líquidos inflamáveis,tintas ou materias aparentadas as tintas
1182,Acumuladores electricos cheios de electrolito liquido acido,9679.0,2794,80,8.0,50,,800,True,,2794,ok,8,recuperado major de '8.0' (provável Nº perigo na coluna),8 — Matérias corrosivas,acumuladores electricos cheios de electrolito liquido acido
1182,Argon liquido refrigerado,57600.0,1951,22,2.0,100,100.0,800,True,,1951,ok,2,recuperado major de '2.0' (provável Nº perigo na coluna),2 — Gases,argon liquido refrigerado
1183,Argon liquido refrigerado,0.0,1951,22,2.0,100,100.0,800,True,,1951,ok,2,recuperado major de '2.0' (provável Nº perigo na coluna),2 — Gases,argon liquido refrigerado
1184,Argon liquido refrigerado,,1951,22,2.0,100,100.0,800,True,,1951,ok,2,recuperado major de '2.0' (provável Nº perigo na coluna),2 — Gases,argon liquido refrigerado
1185,Hidroxido de sodio solido,21520.0,1823,80,8.0,50,,800,True,,1823,ok,8,recuperado major de '8.0' (provável Nº perigo na coluna),8 — Matérias corrosivas,hidroxido de sodio solido
1185,Acido tricloroisocianurico seco,8560.0,2468,50,5.1,50,,800,True,,2468,ok,5.1,ok,5.1 — Matérias comburentes,acido tricloroisocianurico seco
1186,Adesivos contendo um liquido inflamavel,5580.0,1133,30,3.0,50,300.0,800,True,,1133,ok,3,recuperado major de '3.0' (provável Nº perigo na coluna),3 — Líquidos inflamáveis,adesivos contendo um liquido inflamavel
1187,Adesivos contendo um liquido inflamavel,5580.0,1133,30,3.0,50,300.0,800,True,,1133,ok,3,recuperado major de '3.0' (provável Nº perigo na coluna),3 — Líquidos inflamáveis,adesivos contendo um liquido inflamavel
1188,Diisocianato de toluileno,21780.0,2078,60,6.1,50,,800,True,,2078,ok,6.1,ok,6.1 — Matérias tóxicas,diisocianato de toluileno
1189,Liquido corrosivo n.s.a.,16840.0,1760,88,8.0,50,,800,True,,1760,ok,8,recuperado major de '8.0' (provável Nº perigo na coluna),8 — Matérias corrosivas,liquido corrosivo n.s.a.
1189,Sucedaneo de essencia de terebentina,17680.0,1300,30,3.0,50,300.0,800,True,,1300,ok,3,recuperado major de '3.0' (provável Nº perigo na coluna),3 — Líquidos inflamáveis,sucedaneo de essencia de terebentina
1190,Acumuladores electricos cheios de electrolito liquido acido,47480.0,2794,80,8.0,50,,800,True,,2794,ok,8,recuperado major de '8.0' (provável Nº perigo na coluna),8 — Matérias corrosivas,acumuladores electricos cheios de electrolito liquido acido
1191,Acumuladores electricos cheios de electrolito liquido acido,18340.0,2794,80,8.0,50,,800,True,,2794,ok,8,recuperado major de '8.0' (provável Nº perigo na coluna),8 — Matérias corrosivas,acumuladores electricos cheios de electrolito liquido acido
1192,Anilina,20080.0,1547,60,6.1,50,,800,True,,1547,ok,6.1,ok,6.1 — Matérias tóxicas,anilina
1193,Aerossois,20300.0,1950,20,2.0,50,500.0,800,True,,1950,ok,2,recuperado major de '2.0' (provável Nº perigo na coluna),2 — Gases,aerossois
1194,Protoxido de azoto,14208.0,1070,25,2.0,100,500.0,800,True,,1070,ok,2,recuperado major de '2.0' (provável Nº perigo na coluna),2 — Gases,protoxido de azoto
1195,Diclorometano,17980.0,1593,60,6.1,50,100.0,800,True,,1593,ok,6.1,ok,6.1 — Matérias tóxicas,diclorometano
1196,Gas refrigerante,19000.0,3159,20,2.0,100,500.0,800,True,,3159,ok,2,recuperado major de '2.0' (provável Nº perigo na coluna),2 — Gases,gas refrigerante
1197,Tintas ou materias aparentadas as tintas,4340.0,1263,33,3.0,50,300.0,800,True,,1263,ok,3,recuperado major de '3.0' (provável Nº perigo na coluna),3 — Líquidos inflamáveis,tintas ou materias aparentadas as tintas
1198,Adesivos contendo um liquido inflamavel,10580.0,1133,33,3.0,50,300.0,800,True,,1133,ok,3,recuperado major de '3.0' (provável Nº perigo na coluna),3 — Líquidos inflamáveis,adesivos contendo um liquido inflamavel
1199,Argon liquido refrigerado,0.0,1951,22,2.0,100,100.0,800,True,,1951,ok,2,recuperado major de '2.0' (provável Nº perigo na coluna),2 — Gases,argon liquido refrigerado
1200,Argon liquido refrigerado,,1951,22,2.0,100,100.0,800,True,,1951,ok,2,recuperado major de '2.0' (provável Nº perigo na coluna),2 — Gases,argon liquido refrigerado
1201,"Gas frigorifico, n.s.a.",3500.0,1078,20,2.0,100,500.0,800,True,,1078,ok,2,recuperado major de '2.0' (provável Nº perigo na coluna),2 — Gases,"gas frigorifico, n.s.a."
1202,Cloreto de aluminio em solucao,0.0,2581,80,8.0,50,50.0,800,True,,2581,ok,8,recuperado major de '8.0' (provável Nº perigo na coluna),8 — Matérias corrosivas,cloreto de aluminio em solucao
1202,Peroxido de hidrogenio em solucao aquosa estabilizado,0.0,2015,559,5.1,50,,800,True,,2015,ok,5.1,ok,5.1 — Matérias comburentes,peroxido de hidrogenio em solucao aquosa estabilizado
1202,Peroxido de hidrogenio em solucao aquosa,0.0,2014,58,5.1,50,,800,True,,2014,ok,5.1,ok,5.1 — Matérias comburentes,peroxido de hidrogenio em solucao aquosa
1202,Argon liquido refrigerado,0.0,1951,22,2.0,100,100.0,800,True,,1951,ok,2,recuperado major de '2.0' (provável Nº perigo na coluna),2 — Gases,argon liquido refrigerado
1203,Argon liquido refrigerado,0.0,1951,22,2.0,100,100.0,800,True,,1951,ok,2,recuperado major de '2.0' (provável Nº perigo na coluna),2 — Gases,argon liquido refrigerado
1204,"Gas frigorifico, n.s.a.",5020.0,1078,20,2.0,100,500.0,800,True,,1078,ok,2,recuperado major de '2.0' (provável Nº perigo na coluna),2 — Gases,"gas frigorifico, n.s.a."
1205,Argon liquido refrigerado,53180.0,1951,22,2.0,100,100.0,800,True,,1951,ok,2,recuperado major de '2.0' (provável Nº perigo na coluna),2 — Gases,argon liquido refrigerado
1206,Acetona,11720.0,1090,33,3.0,50,300.0,800,True,,1090,ok,3,recuperado major de '3.0' (provável Nº perigo na coluna),3 — Líquidos inflamáveis,acetona
1206,Tintas ou materias aparentadas as tintas,19480.0,1263,33,3.0,50,300.0,800,True,,1263,ok,3,recuperado major de '3.0' (provável Nº perigo na coluna),3 — Líquidos inflamáveis,tintas ou materias aparentadas as tintas
1206,"Nitrato de amonio, em emulsao",24540.0,3375,50,5.1,50,100.0,800,True,,3375,ok,5.1,ok,5.1 — Matérias comburentes,"nitrato de amonio, em emulsao"
1207,Acetona,11720.0,1090,33,3.0,50,300.0,800,True,,1090,ok,3,recuperado major de '3.0' (provável Nº perigo na coluna),3 — Líquidos inflamáveis,acetona
1207,Tintas ou materias aparentadas as tintas,19480.0,1263,33,3.0,50,300.0,800,True,,1263,ok,3,recuperado major de '3.0' (provável Nº perigo na coluna),3 — Líquidos inflamáveis,tintas ou materias aparentadas as tintas
1207,"Nitrato de amonio, em emulsao",24540.0,3375,50,5.1,50,100.0,800,True,,3375,ok,5.1,ok,5.1 — Matérias comburentes,"nitrato de amonio, em emulsao"
1208,Acumuladores electricos cheios de electrolito liquido acido,23870.0,2794,80,8.0,50,,800,True,,2794,ok,8,recuperado major de '8.0' (provável Nº perigo na coluna),8 — Matérias corrosivas,acumuladores electricos cheios de electrolito liquido acido
1209,Materia perigosa do ponto de vista do ambiente liquida n.s.a,30960.0,3082,90,9.0,50,,800,True,,3082,ok,9,recuperado major de '9.0' (provável Nº perigo na coluna),9 — Matérias e objetos perigosos diversos,materia perigosa do ponto de vista do ambiente liquida n.s.a
1161,Peroxido de hidrogenio em solucao aquosa estabilizado,0.0,2014,58,5.1,50,,800,True,,2014,ok,5.1,ok,5.1 — Matérias comburentes,peroxido de hidrogenio em solucao aquosa estabilizado
1162,Liquido inflamavel n.s.a.,7779.0,1993,33,3.0,50,300.0,800,True,,1993,ok,3,recuperado major de '3.0' (provável Nº perigo na coluna),3 — Líquidos inflamáveis,liquido inflamavel n.s.a.
1163,Acetato de etilo,15916.0,1173,33,3.0,50,300.0,800,True,,1173,ok,3,recuperado major de '3.0' (provável Nº perigo na coluna),3 — Líquidos inflamáveis,acetato de etilo
1164,Acumuladores electricos cheios de electrolito liquido acido,15846.0,2794,80,8.0,50,,800,True,,2794,ok,8,recuperado major de '8.0' (provável Nº perigo na coluna),8 — Matérias corrosivas,acumuladores electricos cheios de electrolito liquido acido
1165,Aldeído Etil-2 Butírico,42050.0,1178,33,3.0,50,300.0,800,True,,1178,ok,3,recuperado major de '3.0' (provável Nº perigo na coluna),3 — Líquidos inflamáveis,aldeido etil-2 butirico
1166,Argon liquido refrigerado,44560.0,1951,22,2.0,100,100.0,800,True,,1951,ok,2,recuperado major de '2.0' (provável Nº perigo na coluna),2 — Gases,argon liquido refrigerado
1167,Adesivos contendo um liquido inflamavel,10834.0,1133,30,3.0,100,300.0,800,True,,1133,ok,3,recuperado major de '3.0' (provável Nº perigo na coluna),3 — Líquidos inflamáveis,adesivos contendo um liquido inflamavel
1168,Adesivos contendo um liquido inflamavel,10834.0,1133,30,3.0,100,300.0,800,True,,1133,ok,3,recuperado major de '3.0' (provável Nº perigo na coluna),3 — Líquidos inflamáveis,adesivos contendo um liquido inflamavel
1169,Adesivos contendo um liquido inflamavel,10834.0,1133,30,3.0,50,300.0,800,True,,1133,ok,3,recuperado major de '3.0' (provável Nº perigo na coluna),3 — Líquidos inflamáveis,adesivos contendo um liquido inflamavel
1170,Produtos de perfumaria,5100.0,1266,33,3.0,50,300.0,800,True,,1266,ok,3,recuperado major de '3.0' (provável Nº perigo na coluna),3 — Líquidos inflamáveis,produtos de perfumaria
1170,Tintas ou materias aparentadas as tintas,9995.0,1263,33,3.0,50,300.0,800,True,,1263,ok,3,recuperado major de '3.0' (provável Nº perigo na coluna),3 — Líquidos inflamáveis,tintas ou materias aparentadas as tintas
1171,Helio comprimido,7304.0,1046,20,2.0,100,100.0,800,False,,1046,ok,2,recuperado major de '2.0' (provável Nº perigo na coluna),2 — Gases,helio comprimido
1172,"Gas liquefeito, n.s.a.",12240.0,3163,20,2.0,100,500.0,800,True,,3163,ok,2,recuperado major de '2.0' (provável Nº perigo na coluna),2 — Gases,"gas liquefeito, n.s.a."
1172,Liquido corrosivo n.s.a.,20018.0,1760,88,8.0,50,,800,True,,1760,ok,8,recuperado major de '8.0' (provável Nº perigo na coluna),8 — Matérias corrosivas,liquido corrosivo n.s.a.
1173,Adesivos contendo um liquido inflamavel,5477.0,1133,30,3.0,50,300.0,800,True,,1133,ok,3,recuperado major de '3.0' (provável Nº perigo na coluna),3 — Líquidos inflamáveis,adesivos contendo um liquido inflamavel
1174,Adesivos contendo um liquido inflamavel,5477.0,1133,30,3.0,50,300.0,800,True,,1133,ok,3,recuperado major de '3.0' (provável Nº perigo na coluna),3 — Líquidos inflamáveis,adesivos contendo um liquido inflamavel
1175,Argon liquido refrigerado,15000.0,1951,22,2.0,100,100.0,800,True,,1951,ok,2,recuperado major de '2.0' (provável Nº perigo na coluna),2 — Gases,argon liquido refrigerado
1176,o-Diclorobenzeno,23180.0,1591,60,6.1,50,50.0,800,False,,1591,ok,6.1,ok,6.1 — Matérias tóxicas,o-diclorobenzeno
1177,Acetato de vinilo estabilizado,72000.0,1301,339,3.0,50,300.0,800,True,,1301,ok,3,recuperado major de '3.0' (provável Nº perigo na coluna),3 — Líquidos inflamáveis,acetato de vinilo estabilizado
1178,Peroxido de hidrogenio em solucao aquosa estabilizado,0.0,2015,559,5.1,50,,800,True,,2015,ok,5.1,ok,5.1 — Matérias comburentes,peroxido de hidrogenio em solucao aquosa estabilizado
1178,Peroxido de hidrogenio em solucao aquosa,0.0,2014,58,5.1,50,,800,True,,2014,ok,5.1,ok,5.1 — Matérias comburentes,peroxido de hidrogenio em solucao aquosa
1209,Acumuladores electricos cheios de electrolito liquido acido,33990.0,2794,90,9.0,50,,800,True,,2794,ok,9,recuperado major de '9.0' (provável Nº perigo na coluna),9 — Matérias e objetos perigosos diversos,acumuladores electricos cheios de electrolito liquido acido
1210,Acumuladores electricos cheios de electrolito liquido acido,5860.0,2794,80,8.0,50,,800,True,,2794,ok,8,recuperado major de '8.0' (provável Nº perigo na coluna),8 — Matérias corrosivas,acumuladores electricos cheios de electrolito liquido acido
1211,Tintas ou materias aparentadas as tintas,8480.0,1263,33,3.0,50,300.0,800,True,,1263,ok,3,recuperado major de '3.0' (provável Nº perigo na coluna),3 — Líquidos inflamáveis,tintas ou materias aparentadas as tintas
1212,Argon liquido refrigerado,0.0,1951,22,2.0,100,100.0,800,True,,1951,ok,2,recuperado major de '2.0' (provável Nº perigo na coluna),2 — Gases,argon liquido refrigerado
1213,Acumuladores electricos cheios de electrolito liquido acido,23840.0,2794,80,8.0,50,,800,True,,2794,ok,8,recuperado major de '8.0' (provável Nº perigo na coluna),8 — Matérias corrosivas,acumuladores electricos cheios de electrolito liquido acido
1214,Argon liquido refrigerado,0.0,1951,22,2.0,100,100.0,800,True,,1951,ok,2,recuperado major de '2.0' (provável Nº perigo na coluna),2 — Gases,argon liquido refrigerado
1215,Argon liquido refrigerado,57320.0,1951,22,2.0,100,100.0,800,True,,1951,ok,2,recuperado major de '2.0' (provável Nº perigo na coluna),2 — Gases,argon liquido refrigerado
1215,Diclorometano,8750.0,1593,60,6.1,50,100.0,800,True,,1593,ok,6.1,ok,6.1 — Matérias tóxicas,diclorometano
1216,Acumuladores electricos cheios de electrolito liquido acido,15778.0,2794,80,8.0,50,,800,True,,2794,ok,8,recuperado major de '8.0' (provável Nº perigo na coluna),8 — Matérias corrosivas,acumuladores electricos cheios de electrolito liquido acido
1217,Anilina,22000.0,1547,60,6.1,50,,800,True,,1547,ok,6.1,ok,6.1 — Matérias tóxicas,anilina
1218,Aerossois,19420.0,1950,20,2.0,50,500.0,800,True,,1950,ok,2,recuperado major de '2.0' (provável Nº perigo na coluna),2 — Gases,aerossois
1219,Argon liquido refrigerado,0.0,1951,22,2.0,100,100.0,800,True,,1951,ok,2,recuperado major de '2.0' (provável Nº perigo na coluna),2 — Gases,argon liquido refrigerado
1221,Tintas ou materias aparentadas as tintas,34680.0,1263,33,3.0,50,300.0,800,True,,1263,ok,3,recuperado major de '3.0' (provável Nº perigo na coluna),3 — Líquidos inflamáveis,tintas ou materias aparentadas as tintas
1222,Tintas ou materias aparentadas as tintas,15280.0,1263,33,3.0,50,300.0,800,True,,1263,ok,3,recuperado major de '3.0' (provável Nº perigo na coluna),3 — Líquidos inflamáveis,tintas ou materias aparentadas as tintas
1223,Etanolamina ou etanolamina em solucao,27238.0,2491,80,8.0,50,50.0,800,True,,2491,ok,8,recuperado major de '8.0' (provável Nº perigo na coluna),8 — Matérias corrosivas,etanolamina ou etanolamina em solucao
1224,Tintas ou materias aparentadas as tintas,28290.0,1263,33,3.0,50,300.0,800,True,,1263,ok,3,recuperado major de '3.0' (provável Nº perigo na coluna),3 — Líquidos inflamáveis,tintas ou materias aparentadas as tintas
1225,Nitrobenzeno,356500.0,1662,60,6.1,50,,800,True,,1662,ok,6.1,ok,6.1 — Matérias tóxicas,nitrobenzeno
1226,Nitrobenzeno,22280.0,1662,60,6.1,50,,800,True,,1662,ok,6.1,ok,6.1 — Matérias tóxicas,nitrobenzeno
1227,Nitrobenzeno,340860.0,1662,60,6.1,50,,800,True,,1662,ok,6.1,ok,6.1 — Matérias tóxicas,nitrobenzeno
1228,Nitrobenzeno,48660.0,1662,60,6.1,50,,800,True,,1662,ok,6.1,ok,6.1 — Matérias tóxicas,nitrobenzeno
1220,"Gas frigorifico, n.s.a.",10790.0,1078,20,2.0,100,500.0,800,True,,1078,ok,2,recuperado major de '2.0' (provável Nº perigo na coluna),2 — Gases,"gas frigorifico, n.s.a."
1229,Aerossois,16580.0,1950,20,2.0,50,500.0,800,True,,1950,ok,2,recuperado major de '2.0' (provável Nº perigo na coluna),2 — Gases,aerossois
1230,Aerossois,48435.0,1950,20,2.0,50,500.0,800,True,,1950,ok,2,recuperado major de '2.0' (provável Nº perigo na coluna),2 — Gases,aerossois
1230,Resina em solucao,15640.0,1866,33,3.0,50,300.0,800,True,,1866,ok,3,recuperado major de '3.0' (provável Nº perigo na coluna),3 — Líquidos inflamáveis,resina em solucao
1231,Diclorometano,9380.0,1593,60,6.1,50,100.0,800,True,,1593,ok,6.1,ok,6.1 — Matérias tóxicas,diclorometano
1231,Liquido inflamavel n.s.a.,6665.0,1993,33,3.0,50,300.0,800,True,,1993,ok,3,recuperado major de '3.0' (provável Nº perigo na coluna),3 — Líquidos inflamáveis,liquido inflamavel n.s.a.
1232,Diclorometano,9380.0,1593,60,6.1,50,100.0,800,True,,1593,ok,6.1,ok,6.1 — Matérias tóxicas,diclorometano
1233,Aerossois,12520.0,1950,20,2.0,50,500.0,800,True,,1950,ok,2,recuperado major de '2.0' (provável Nº perigo na coluna),2 — Gases,aerossois
1234,Tintas ou materias aparentadas as tintas,18220.0,1263,33,3.0,50,300.0,800,True,,1263,ok,3,recuperado major de '3.0' (provável Nº perigo na coluna),3 — Líquidos inflamáveis,tintas ou materias aparentadas as tintas
1234,Aerossois,28345.0,1950,23,2.0,50,500.0,800,True,,1950,ok,2,recuperado major de '2.0' (provável Nº perigo na coluna),2 — Gases,aerossois
1234,Produtos de perfumaria,15340.0,1266,33,3.0,50,300.0,800,True,,1266,ok,3,recuperado major de '3.0' (provável Nº perigo na coluna),3 — Líquidos inflamáveis,produtos de perfumaria
1235,Tintas ou materias aparentadas as tintas,18220.0,1263,33,3.0,50,300.0,800,True,,1263,ok,3,recuperado major de '3.0' (provável Nº perigo na coluna),3 — Líquidos inflamáveis,tintas ou materias aparentadas as tintas
1235,Aerossois,28345.0,1950,23,2.0,50,500.0,800,True,,1950,ok,2,recuperado major de '2.0' (provável Nº perigo na coluna),2 — Gases,aerossois
1235,Produtos de perfumaria,15340.0,1266,33,3.0,50,300.0,800,True,,1266,ok,3,recuperado major de '3.0' (provável Nº perigo na coluna),3 — Líquidos inflamáveis,produtos de perfumaria
1236,Tintas ou materias aparentadas as tintas,29680.0,1263,33,3.0,50,300.0,800,True,,1263,ok,3,recuperado major de '3.0' (provável Nº perigo na coluna),3 — Líquidos inflamáveis,tintas ou materias aparentadas as tintas
1237,Diclorometano,24900.0,1593,60,6.1,50,100.0,800,True,,1593,ok,6.1,ok,6.1 — Matérias tóxicas,diclorometano
1238,"Liquido transportado a quente, n.s.a.",0.0,3257,99,9.0,50,300.0,800,True,,3257,ok,9,recuperado major de '9.0' (provável Nº perigo na coluna),9 — Matérias e objetos perigosos diversos,"liquido transportado a quente, n.s.a."
1239,Tintas ou materias aparentadas as tintas,74940.0,1263,33,3.0,50,300.0,800,True,,1263,ok,3,recuperado major de '3.0' (provável Nº perigo na coluna),3 — Líquidos inflamáveis,tintas ou materias aparentadas as tintas
1239,Aerossois,11490.0,1950,20,2.0,50,500.0,800,True,,1950,ok,2,recuperado major de '2.0' (provável Nº perigo na coluna),2 — Gases,aerossois
1239,Liquido organico corrosivo acido n.s.a.,5420.0,3265,80,8.0,50,,800,True,,3265,ok,8,recuperado major de '8.0' (provável Nº perigo na coluna),8 — Matérias corrosivas,liquido organico corrosivo acido n.s.a.
1239,Essencia de terebentina,16860.0,1299,30,3.0,50,300.0,800,True,,1299,ok,3,recuperado major de '3.0' (provável Nº perigo na coluna),3 — Líquidos inflamáveis,essencia de terebentina
1241,Liquido inflamavel n.s.a.,21215.0,1993,33,3.0,50,300.0,800,True,,1993,ok,3,recuperado major de '3.0' (provável Nº perigo na coluna),3 — Líquidos inflamáveis,liquido inflamavel n.s.a.
1242,Aerossois,16620.0,1950,20,2.0,50,500.0,800,True,,1950,ok,2,recuperado major de '2.0' (provável Nº perigo na coluna),2 — Gases,aerossois
1243,"Liquido transportado a quente, n.s.a.",0.0,3257,99,9.0,50,300.0,800,True,,3257,ok,9,recuperado major de '9.0' (provável Nº perigo na coluna),9 — Matérias e objetos perigosos diversos,"liquido transportado a quente, n.s.a."
1243,Tintas ou materias aparentadas as tintas,19150.0,1263,33,3.0,50,300.0,800,True,,1263,ok,3,recuperado major de '3.0' (provável Nº perigo na coluna),3 — Líquidos inflamáveis,tintas ou materias aparentadas as tintas
1244,Adesivos contendo um liquido inflamavel,13240.0,1133,30,3.0,50,300.0,800,True,,1133,ok,3,recuperado major de '3.0' (provável Nº perigo na coluna),3 — Líquidos inflamáveis,adesivos contendo um liquido inflamavel
1245,Tintas ou materias aparentadas as tintas,16600.0,1263,33,3.0,50,300.0,800,True,,1263,ok,3,recuperado major de '3.0' (provável Nº perigo na coluna),3 — Líquidos inflamáveis,tintas ou materias aparentadas as tintas
1246,Pilhas de litio ionico,9060.0,3480,90,9.0,25,100.0,500,False,,3480,ok,9,recuperado major de '9.0' (provável Nº perigo na coluna),9 — Matérias e objetos perigosos diversos,pilhas de litio ionico
1246,Tintas ou materias aparentadas as tintas,20340.0,1263,33,3.0,50,300.0,800,True,,1263,ok,3,recuperado major de '3.0' (provável Nº perigo na coluna),3 — Líquidos inflamáveis,tintas ou materias aparentadas as tintas
1247,Adesivos contendo um liquido inflamavel,1.0,1133,33,3.0,50,300.0,800,True,,1133,ok,3,recuperado major de '3.0' (provável Nº perigo na coluna),3 — Líquidos inflamáveis,adesivos contendo um liquido inflamavel
1248,Acumuladores electricos cheios de electrolito liquido acido,14280.0,2794,80,8.0,50,,800,True,,2794,ok,8,recuperado major de '8.0' (provável Nº perigo na coluna),8 — Matérias corrosivas,acumuladores electricos cheios de electrolito liquido acido
1249,Peroxido de hidrogenio em solucao aquosa estabilizado,85240.0,2015,559,5.1,50,,800,True,,2015,ok,5.1,ok,5.1 — Matérias comburentes,peroxido de hidrogenio em solucao aquosa estabilizado
1250,Argon liquido refrigerado,0.0,1951,22,2.0,100,100.0,800,True,,1951,ok,2,recuperado major de '2.0' (provável Nº perigo na coluna),2 — Gases,argon liquido refrigerado
1251,Argon liquido refrigerado,0.0,1951,22,2.0,100,100.0,800,True,,1951,ok,2,recuperado major de '2.0' (provável Nº perigo na coluna),2 — Gases,argon liquido refrigerado
1252,Anilina,26000.0,1547,60,6.1,50,,800,True,,1547,ok,6.1,ok,6.1 — Matérias tóxicas,anilina
1252,Hidroxido de sodio solido,26210.0,1823,80,8.0,50,,800,True,,1823,ok,8,recuperado major de '8.0' (provável Nº perigo na coluna),8 — Matérias corrosivas,hidroxido de sodio solido
1253,Hidroxido de sodio solido,75400.0,1823,80,8.0,50,,800,True,,1823,ok,8,recuperado major de '8.0' (provável Nº perigo na coluna),8 — Matérias corrosivas,hidroxido de sodio solido
1254,Argon liquido refrigerado,57860.0,1951,22,2.0,100,100.0,800,True,,1951,ok,2,recuperado major de '2.0' (provável Nº perigo na coluna),2 — Gases,argon liquido refrigerado
1254,Liquido inflamavel n.s.a.,13700.0,1993,33,3.0,50,300.0,800,True,,1993,ok,3,recuperado major de '3.0' (provável Nº perigo na coluna),3 — Líquidos inflamáveis,liquido inflamavel n.s.a.
1254,Pilhas de litio ionico,17900.0,3480,90,9.0,25,100.0,500,False,,3480,ok,9,recuperado major de '9.0' (provável Nº perigo na coluna),9 — Matérias e objetos perigosos diversos,pilhas de litio ionico
1255,Tintas ou materias aparentadas as tintas,12760.0,1263,30,3.0,50,300.0,800,True,,1263,ok,3,recuperado major de '3.0' (provável Nº perigo na coluna),3 — Líquidos inflamáveis,tintas ou materias aparentadas as tintas
1255,Liquido inflamavel n.s.a.,8580.0,1993,33,3.0,50,300.0,800,True,,1993,ok,3,recuperado major de '3.0' (provável Nº perigo na coluna),3 — Líquidos inflamáveis,liquido inflamavel n.s.a.
1256,Tintas ou materias aparentadas as tintas,19860.0,1263,30,3.0,50,300.0,800,True,,1263,ok,3,recuperado major de '3.0' (provável Nº perigo na coluna),3 — Líquidos inflamáveis,tintas ou materias aparentadas as tintas
1256,Aerossois,15030.0,1950,20,2.0,50,500.0,800,True,,1950,ok,2,recuperado major de '2.0' (provável Nº perigo na coluna),2 — Gases,aerossois
1257,Aerossois,15030.0,1950,20,2.0,50,500.0,800,True,,1950,ok,2,recuperado major de '2.0' (provável Nº perigo na coluna),2 — Gases,aerossois
1258,Materia perigosa do ponto de vista do ambiente liquida n.s.a,5940.0,3082,90,9.0,50,,800,True,,3082,ok,9,recuperado major de '9.0' (provável Nº perigo na coluna),9 — Matérias e objetos perigosos diversos,materia perigosa do ponto de vista do ambiente liquida n.s.a
1258,Anilina,18380.0,1547,60,6.1,50,,800,True,,1547,ok,6.1,ok,6.1 — Matérias tóxicas,anilina
1259,Tintas ou materias aparentadas as tintas,19860.0,1263,30,3.0,50,300.0,800,True,,1263,ok,3,recuperado major de '3.0' (provável Nº perigo na coluna),3 — Líquidos inflamáveis,tintas ou materias aparentadas as tintas
1259,Acido tricloroisocianurico seco,17960.0,2468,50,5.1,50,,800,True,,2468,ok,5.1,ok,5.1 — Matérias comburentes,acido tricloroisocianurico seco
1260,Tintas ou materias aparentadas as tintas,173560.0,1263,30,3.0,50,300.0,800,True,,1263,ok,3,recuperado major de '3.0' (provável Nº perigo na coluna),3 — Líquidos inflamáveis,tintas ou materias aparentadas as tintas
1260,Protoxido de azoto,18760.0,1070,25,2.0,100,500.0,800,True,,1070,ok,2,recuperado major de '2.0' (provável Nº perigo na coluna),2 — Gases,protoxido de azoto
1260,Isobutano,27720.0,1969,30,3.0,100,800.0,1600,True,,1969,ok,3,recuperado major de '3.0' (provável Nº perigo na coluna),3 — Líquidos inflamáveis,isobutano
1260,Heptanos,14800.0,1206,33,3.0,50,300.0,800,True,,1206,ok,3,recuperado major de '3.0' (provável Nº perigo na coluna),3 — Líquidos inflamáveis,heptanos
1261,Tintas ou materias aparentadas as tintas,10600.0,1263,30,3.0,50,300.0,800,True,,1263,ok,3,recuperado major de '3.0' (provável Nº perigo na coluna),3 — Líquidos inflamáveis,tintas ou materias aparentadas as tintas
1262,Anilina,25000.0,1547,60,6.1,50,,800,True,,1547,ok,6.1,ok,6.1 — Matérias tóxicas,anilina
1263,Hidroxido de sodio solido,51950.0,1823,80,8.0,50,,800,True,,1823,ok,8,recuperado major de '8.0' (provável Nº perigo na coluna),8 — Matérias corrosivas,hidroxido de sodio solido
1263,Tintas ou materias aparentadas as tintas,20020.0,1263,30,3.0,50,300.0,800,True,,1263,ok,3,recuperado major de '3.0' (provável Nº perigo na coluna),3 — Líquidos inflamáveis,tintas ou materias aparentadas as tintas
1263,Aerossois,28800.0,1950,20,2.0,50,500.0,800,True,,1950,ok,2,recuperado major de '2.0' (provável Nº perigo na coluna),2 — Gases,aerossois
1263,Acumuladores electricos cheios de electrolito liquido acido,17260.0,2794,80,8.0,50,,800,True,,2794,ok,8,recuperado major de '8.0' (provável Nº perigo na coluna),8 — Matérias corrosivas,acumuladores electricos cheios de electrolito liquido acido
1264,Dispositivos de insuflagem de sacos insuflaveis,7208.0,3268,90,9.0,50,,800,True,,3268,ok,9,recuperado major de '9.0' (provável Nº perigo na coluna),9 — Matérias e objetos perigosos diversos,dispositivos de insuflagem de sacos insuflaveis
1265,Liquido inflamavel n.s.a.,27680.0,1993,33,3.0,50,300.0,800,True,,1993,ok,3,recuperado major de '3.0' (provável Nº perigo na coluna),3 — Líquidos inflamáveis,liquido inflamavel n.s.a.
1265,Tintas ou materias aparentadas as tintas,27700.0,1263,30,3.0,50,300.0,800,True,,1263,ok,3,recuperado major de '3.0' (provável Nº perigo na coluna),3 — Líquidos inflamáveis,tintas ou materias aparentadas as tintas
1265,Aerossois,10160.0,1950,20,2.0,50,500.0,800,True,,1950,ok,2,recuperado major de '2.0' (provável Nº perigo na coluna),2 — Gases,aerossois
1266,Acumuladores electricos cheios de electrolito liquido acido,17260.0,2794,80,8.0,50,,800,True,,2794,ok,8,recuperado major de '8.0' (provável Nº perigo na coluna),8 — Matérias corrosivas,acumuladores electricos cheios de electrolito liquido acido
1267,Acumuladores electricos cheios electrolito liquido alcalino,9836.0,2795,80,8.0,50,,800,True,,2795,ok,8,recuperado major de '8.0' (provável Nº perigo na coluna),8 — Matérias corrosivas,acumuladores electricos cheios electrolito liquido alcalino
1267,Liquido inflamavel n.s.a.,7040.0,1993,33,3.0,50,300.0,800,True,,1993,ok,3,recuperado major de '3.0' (provável Nº perigo na coluna),3 — Líquidos inflamáveis,liquido inflamavel n.s.a.
1268,Acumuladores electricos cheios electrolito liquido alcalino,9836.0,2795,80,8.0,50,,800,True,,2795,ok,8,recuperado major de '8.0' (provável Nº perigo na coluna),8 — Matérias corrosivas,acumuladores electricos cheios electrolito liquido alcalino
1268,Liquido inflamavel n.s.a.,7040.0,1993,33,3.0,50,300.0,800,True,,1993,ok,3,recuperado major de '3.0' (provável Nº perigo na coluna),3 — Líquidos inflamáveis,liquido inflamavel n.s.a.
1269,Adesivos contendo um liquido inflamavel,7280.0,1133,33,3.0,50,300.0,800,True,,1133,ok,3,recuperado major de '3.0' (provável Nº perigo na coluna),3 — Líquidos inflamáveis,adesivos contendo um liquido inflamavel
1269,Resina em solucao,5640.0,1866,33,3.0,50,300.0,800,True,,1866,ok,3,recuperado major de '3.0' (provável Nº perigo na coluna),3 — Líquidos inflamáveis,resina em solucao
1269,Tintas ou materias aparentadas as tintas,37580.0,1263,30,3.0,50,300.0,800,True,,1263,ok,3,recuperado major de '3.0' (provável Nº perigo na coluna),3 — Líquidos inflamáveis,tintas ou materias aparentadas as tintas
1269,Acido sulfurico contendo no maximo 51% de acido,10690.0,2796,80,8.0,50,,800,True,,2796,ok,8,recuperado major de '8.0' (provável Nº perigo na coluna),8 — Matérias corrosivas,acido sulfurico contendo no maximo 51% de acido
1270,Tintas ou materias aparentadas as tintas,37580.0,1263,30,3.0,50,300.0,800,True,,1263,ok,3,recuperado major de '3.0' (provável Nº perigo na coluna),3 — Líquidos inflamáveis,tintas ou materias aparentadas as tintas
1271,Adesivos contendo um liquido inflamavel,7280.0,1133,33,3.0,50,300.0,800,True,,1133,ok,3,recuperado major de '3.0' (provável Nº perigo na coluna),3 — Líquidos inflamáveis,adesivos contendo um liquido inflamavel
1271,Resina em solucao,5640.0,1866,33,3.0,50,300.0,800,True,,1866,ok,3,recuperado major de '3.0' (provável Nº perigo na coluna),3 — Líquidos inflamáveis,resina em solucao
1271,Acido sulfurico contendo no maximo 51% de acido,10690.0,2796,80,8.0,50,,800,True,,2796,ok,8,recuperado major de '8.0' (provável Nº perigo na coluna),8 — Matérias corrosivas,acido sulfurico contendo no maximo 51% de acido
1272,Liquido inflamavel n.s.a.,25880.0,1993,33,3.0,50,300.0,800,True,,1993,ok,3,recuperado major de '3.0' (provável Nº perigo na coluna),3 — Líquidos inflamáveis,liquido inflamavel n.s.a.
1272,Hidroxido de sodio solido,24600.0,1823,80,8.0,50,,800,True,,1823,ok,8,recuperado major de '8.0' (provável Nº perigo na coluna),8 — Matérias corrosivas,hidroxido de sodio solido
1273,Liquido inflamavel n.s.a.,25880.0,1993,33,3.0,50,300.0,800,True,,1993,ok,3,recuperado major de '3.0' (provável Nº perigo na coluna),3 — Líquidos inflamáveis,liquido inflamavel n.s.a.
1273,Hidroxido de sodio solido,24600.0,1823,80,8.0,50,,800,True,,1823,ok,8,recuperado major de '8.0' (provável Nº perigo na coluna),8 — Matérias corrosivas,hidroxido de sodio solido
1274,Tintas ou materias aparentadas as tintas,24570.0,1263,30,3.0,50,300.0,800,True,,1263,ok,3,recuperado major de '3.0' (provável Nº perigo na coluna),3 — Líquidos inflamáveis,tintas ou materias aparentadas as tintas
1274,Aerossois,10837.0,1950,20,2.0,50,500.0,800,True,,1950,ok,2,recuperado major de '2.0' (provável Nº perigo na coluna),2 — Gases,aerossois
1275,Tintas ou materias aparentadas as tintas,24120.0,1263,30,3.0,50,300.0,800,True,,1263,ok,3,recuperado major de '3.0' (provável Nº perigo na coluna),3 — Líquidos inflamáveis,tintas ou materias aparentadas as tintas
1275,Aerossois,10837.0,1950,20,2.0,50,500.0,800,True,,1950,ok,2,recuperado major de '2.0' (provável Nº perigo na coluna),2 — Gases,aerossois
1276,Aerossois,11580.0,1950,20,2.0,50,500.0,800,True,,1950,ok,2,recuperado major de '2.0' (provável Nº perigo na coluna),2 — Gases,aerossois
1276,Tintas ou materias aparentadas as tintas,17360.0,1263,30,3.0,50,300.0,800,True,,1263,ok,3,recuperado major de '3.0' (provável Nº perigo na coluna),3 — Líquidos inflamáveis,tintas ou materias aparentadas as tintas
1277,Etanol em solucao,13000.0,1170,33,3.0,50,300.0,800,True,,1170,ok,3,recuperado major de '3.0' (provável Nº perigo na coluna),3 — Líquidos inflamáveis,etanol em solucao
1278,Peroxido de hidrogenio em solucao aquosa estabilizado,251005.0,2015,559,5.1,50,,800,True,,2015,ok,5.1,ok,5.1 — Matérias comburentes,peroxido de hidrogenio em solucao aquosa estabilizado
1279,Tintas ou materias aparentadas as tintas,30180.0,1263,30,3.0,50,300.0,800,True,,1263,ok,3,recuperado major de '3.0' (provável Nº perigo na coluna),3 — Líquidos inflamáveis,tintas ou materias aparentadas as tintas
1279,Resina em solucao,13620.0,1866,30,3.0,50,300.0,800,True,,1866,ok,3,recuperado major de '3.0' (provável Nº perigo na coluna),3 — Líquidos inflamáveis,resina em solucao
1280,Tintas ou materias aparentadas as tintas,29470.0,1263,30,3.0,50,300.0,800,True,,1263,ok,3,recuperado major de '3.0' (provável Nº perigo na coluna),3 — Líquidos inflamáveis,tintas ou materias aparentadas as tintas
1280,Adesivos contendo um liquido inflamavel,7260.0,1133,33,3.0,50,300.0,800,True,,1133,ok,3,recuperado major de '3.0' (provável Nº perigo na coluna),3 — Líquidos inflamáveis,adesivos contendo um liquido inflamavel
1281,Tintas ou materias aparentadas as tintas,29240.0,1263,30,3.0,50,300.0,800,True,,1263,ok,3,recuperado major de '3.0' (provável Nº perigo na coluna),3 — Líquidos inflamáveis,tintas ou materias aparentadas as tintas
1282,Tintas ou materias aparentadas as tintas,14520.0,1263,30,3.0,50,300.0,800,True,,1263,ok,3,recuperado major de '3.0' (provável Nº perigo na coluna),3 — Líquidos inflamáveis,tintas ou materias aparentadas as tintas
1283,Liquido inflamavel n.s.a.,14300.0,1993,33,3.0,50,300.0,800,True,,1993,ok,3,recuperado major de '3.0' (provável Nº perigo na coluna),3 — Líquidos inflamáveis,liquido inflamavel n.s.a.
1284,Tintas ou materias aparentadas as tintas,14520.0,1263,30,3.0,50,300.0,800,True,,1263,ok,3,recuperado major de '3.0' (provável Nº perigo na coluna),3 — Líquidos inflamáveis,tintas ou materias aparentadas as tintas
1285,Liquido inorganico corrosivo acido n.s.a.,22851.0,3264,80,8.0,50,,800,True,,3264,ok,8,recuperado major de '8.0' (provável Nº perigo na coluna),8 — Matérias corrosivas,liquido inorganico corrosivo acido n.s.a.
1285,Aerossois,13030.0,1950,20,2.0,50,500.0,800,True,,1950,ok,2,recuperado major de '2.0' (provável Nº perigo na coluna),2 — Gases,aerossois
1285,Resina em solucao inflamavel,23620.0,1866,33,3.0,50,300.0,800,True,,1866,ok,3,recuperado major de '3.0' (provável Nº perigo na coluna),3 — Líquidos inflamáveis,resina em solucao inflamavel
1286,Liquido inorganico corrosivo acido n.s.a.,22851.0,3264,80,8.0,50,,800,True,,3264,ok,8,recuperado major de '8.0' (provável Nº perigo na coluna),8 — Matérias corrosivas,liquido inorganico corrosivo acido n.s.a.
1286,Aerossois,13030.0,1950,20,2.0,50,500.0,800,True,,1950,ok,2,recuperado major de '2.0' (provável Nº perigo na coluna),2 — Gases,aerossois
1287,Aerossois,47680.0,1950,20,2.0,50,500.0,800,True,,1950,ok,2,recuperado major de '2.0' (provável Nº perigo na coluna),2 — Gases,aerossois
1288,Aerossois,15780.0,1950,20,2.0,50,500.0,800,True,,1950,ok,2,recuperado major de '2.0' (provável Nº perigo na coluna),2 — Gases,aerossois
1289,Aerossois,16100.0,1950,20,2.0,50,500.0,800,True,,1950,ok,2,recuperado major de '2.0' (provável Nº perigo na coluna),2 — Gases,aerossois
1290,Adesivos contendo um liquido inflamavel,22910.0,1133,33,3.0,50,300.0,800,True,,1133,ok,3,recuperado major de '3.0' (provável Nº perigo na coluna),3 — Líquidos inflamáveis,adesivos contendo um liquido inflamavel
1291,Acido cloridrico,11000.0,1789,80,8.0,50,,800,True,,1789,ok,8,recuperado major de '8.0' (provável Nº perigo na coluna),8 — Matérias corrosivas,acido cloridrico
1291,Tintas ou materias aparentadas as tintas,15180.0,1263,30,3.0,50,300.0,800,True,,1263,ok,3,recuperado major de '3.0' (provável Nº perigo na coluna),3 — Líquidos inflamáveis,tintas ou materias aparentadas as tintas
1292,Tintas ou materias aparentadas as tintas,15180.0,1263,30,3.0,50,300.0,800,True,,1263,ok,3,recuperado major de '3.0' (provável Nº perigo na coluna),3 — Líquidos inflamáveis,tintas ou materias aparentadas as tintas
1292,Acido cloridrico,11000.0,1789,80,8.0,50,,800,True,,1789,ok,8,recuperado major de '8.0' (provável Nº perigo na coluna),8 — Matérias corrosivas,acido cloridrico
1293,"Gas frigorifico, n.s.a.",3885.0,1078,20,2.0,100,500.0,800,True,,1078,ok,2,recuperado major de '2.0' (provável Nº perigo na coluna),2 — Gases,"gas frigorifico, n.s.a."
1293,Resina em solucao,27740.0,1866,33,3.0,50,300.0,800,True,,1866,ok,3,recuperado major de '3.0' (provável Nº perigo na coluna),3 — Líquidos inflamáveis,resina em solucao
1294,Resina em solucao,27740.0,1866,33,3.0,50,300.0,800,True,,1866,ok,3,recuperado major de '3.0' (provável Nº perigo na coluna),3 — Líquidos inflamáveis,resina em solucao
1294,Recipientes de baixa capacidade contendo gas,18520.0,2037,20,2.0,50,,800,True,,2037,ok,2,recuperado major de '2.0' (provável Nº perigo na coluna),2 — Gases,recipientes de baixa capacidade contendo gas
1295,Acido sulfurico com mais de 51% de acido,21860.0,1830,80,8.0,50,,800,True,,1830,ok,8,recuperado major de '8.0' (provável Nº perigo na coluna),8 — Matérias corrosivas,acido sulfurico com mais de 51% de acido
1296,Hidroxido de sodio solido,8580.0,1823,80,8.0,50,,800,True,,1823,ok,8,recuperado major de '8.0' (provável Nº perigo na coluna),8 — Matérias corrosivas,hidroxido de sodio solido
1296,Aerossois,6440.0,1950,20,2.0,50,500.0,800,True,,1950,ok,2,recuperado major de '2.0' (provável Nº perigo na coluna),2 — Gases,aerossois
1297,Diisocianato de toluileno,43430.0,2078,60,6.1,50,,800,True,,2078,ok,6.1,ok,6.1 — Matérias tóxicas,diisocianato de toluileno
1298,Diisocianato de toluileno,43430.0,2078,60,6.1,50,,800,True,,2078,ok,6.1,ok,6.1 — Matérias tóxicas,diisocianato de toluileno
1299,Diisocianato de toluileno,19940.0,2078,60,6.1,50,,800,True,,2078,ok,6.1,ok,6.1 — Matérias tóxicas,diisocianato de toluileno
1300,Dispositivos de insuflagem de sacos insuflaveis,14001.0,3268,90,9.0,50,,800,True,,3268,ok,9,recuperado major de '9.0' (provável Nº perigo na coluna),9 — Matérias e objetos perigosos diversos,dispositivos de insuflagem de sacos insuflaveis
1300,Argon liquido refrigerado,0.0,1951,22,2.0,100,100.0,800,True,,1951,ok,2,recuperado major de '2.0' (provável Nº perigo na coluna),2 — Gases,argon liquido refrigerado
1301,Diisocianato de toluileno,19940.0,2078,60,6.1,50,,800,True,,2078,ok,6.1,ok,6.1 — Matérias tóxicas,diisocianato de toluileno
1302,Dispositivos de insuflagem de sacos insuflaveis,14001.0,3268,90,9.0,50,,800,True,,3268,ok,9,recuperado major de '9.0' (provável Nº perigo na coluna),9 — Matérias e objetos perigosos diversos,dispositivos de insuflagem de sacos insuflaveis
1303,Materia perigosa do ponto de vista do ambiente liquida n.s.a,17540.0,3082,90,9.0,50,,800,True,,3082,ok,9,recuperado major de '9.0' (provável Nº perigo na coluna),9 — Matérias e objetos perigosos diversos,materia perigosa do ponto de vista do ambiente liquida n.s.a
1304,Tintas ou materias aparentadas as tintas,14240.0,1263,30,3.0,50,300.0,800,True,,1263,ok,3,recuperado major de '3.0' (provável Nº perigo na coluna),3 — Líquidos inflamáveis,tintas ou materias aparentadas as tintas
1304,Argon liquido refrigerado,57920.0,1951,22,2.0,100,100.0,800,True,,1951,ok,2,recuperado major de '2.0' (provável Nº perigo na coluna),2 — Gases,argon liquido refrigerado
1305,Acumuladores electricos cheios de electrolito liquido acido,12310.0,2794,80,8.0,50,,800,True,,2794,ok,8,recuperado major de '8.0' (provável Nº perigo na coluna),8 — Matérias corrosivas,acumuladores electricos cheios de electrolito liquido acido
1306,Tintas ou materias aparentadas as tintas,17820.0,1263,30,3.0,50,300.0,800,True,,1263,ok,3,recuperado major de '3.0' (provável Nº perigo na coluna),3 — Líquidos inflamáveis,tintas ou materias aparentadas as tintas
1307,Peroxido de hidrogenio em solucao aquosa estabilizado,0.0,2015,559,5.1,50,,800,True,,2015,ok,5.1,ok,5.1 — Matérias comburentes,peroxido de hidrogenio em solucao aquosa estabilizado
1308,Argon liquido refrigerado,0.0,1951,22,2.0,100,100.0,800,True,,1951,ok,2,recuperado major de '2.0' (provável Nº perigo na coluna),2 — Gases,argon liquido refrigerado
1309,Extintores,8800.0,1044,20,2.0,100,500.0,800,False,,1044,ok,2,recuperado major de '2.0' (provável Nº perigo na coluna),2 — Gases,extintores
1310,Anilina,20920.0,1547,60,6.1,50,,800,True,,1547,ok,6.1,ok,6.1 — Matérias tóxicas,anilina
1311,Hidroxido de sodio solido,25500.0,1823,80,8.0,50,,800,True,,1823,ok,8,recuperado major de '8.0' (provável Nº perigo na coluna),8 — Matérias corrosivas,hidroxido de sodio solido
1312,Anilina,17860.0,1547,60,6.1,50,,800,True,,1547,ok,6.1,ok,6.1 — Matérias tóxicas,anilina
1312,Extratos liquidos para aromatizar,10600.0,1197,30,3.0,50,300.0,800,True,,1197,ok,3,recuperado major de '3.0' (provável Nº perigo na coluna),3 — Líquidos inflamáveis,extratos liquidos para aromatizar
1313,Adesivos contendo um liquido inflamavel,11780.0,1133,33,3.0,50,300.0,800,True,,1133,ok,3,recuperado major de '3.0' (provável Nº perigo na coluna),3 — Líquidos inflamáveis,adesivos contendo um liquido inflamavel
1314,Adesivos contendo um liquido inflamavel,11780.0,1133,33,3.0,50,300.0,800,True,,1133,ok,3,recuperado major de '3.0' (provável Nº perigo na coluna),3 — Líquidos inflamáveis,adesivos contendo um liquido inflamavel
1315,Essencia de terebentina,53740.0,1299,30,3.0,50,300.0,800,True,,1299,ok,3,recuperado major de '3.0' (provável Nº perigo na coluna),3 — Líquidos inflamáveis,essencia de terebentina
1315,Resina em solucao inflamavel,15120.0,1866,33,3.0,50,300.0,800,True,,1866,ok,3,recuperado major de '3.0' (provável Nº perigo na coluna),3 — Líquidos inflamáveis,resina em solucao inflamavel
1315,Hidroxido de sodio solido,18750.0,1823,80,8.0,50,,800,True,,1823,ok,8,recuperado major de '8.0' (provável Nº perigo na coluna),8 — Matérias corrosivas,hidroxido de sodio solido
1316,Diisocianato de toluileno,22220.0,2078,60,6.1,50,,800,True,,2078,ok,6.1,ok,6.1 — Matérias tóxicas,diisocianato de toluileno
1316,Adesivos contendo um liquido inflamavel,11840.0,1133,33,3.0,50,300.0,800,True,,1133,ok,3,recuperado major de '3.0' (provável Nº perigo na coluna),3 — Líquidos inflamáveis,adesivos contendo um liquido inflamavel
1316,Essencia de terebentina,25300.0,1299,30,3.0,50,300.0,800,True,,1299,ok,3,recuperado major de '3.0' (provável Nº perigo na coluna),3 — Líquidos inflamáveis,essencia de terebentina
1317,Diisocianato de toluileno,22220.0,2078,60,6.1,50,,800,True,,2078,ok,6.1,ok,6.1 — Matérias tóxicas,diisocianato de toluileno
1317,Adesivos contendo um liquido inflamavel,11480.0,1133,33,3.0,50,300.0,800,True,,1133,ok,3,recuperado major de '3.0' (provável Nº perigo na coluna),3 — Líquidos inflamáveis,adesivos contendo um liquido inflamavel
1318,Essencia de terebentina,24300.0,1299,30,3.0,50,300.0,800,True,,1299,ok,3,recuperado major de '3.0' (provável Nº perigo na coluna),3 — Líquidos inflamáveis,essencia de terebentina
1319,Adesivos contendo um liquido inflamavel,7200.0,1133,33,3.0,50,300.0,800,True,,1133,ok,3,recuperado major de '3.0' (provável Nº perigo na coluna),3 — Líquidos inflamáveis,adesivos contendo um liquido inflamavel
1320,Resina em solucao inflamavel,15120.0,1866,33,3.0,50,300.0,800,True,,1866,ok,3,recuperado major de '3.0' (provável Nº perigo na coluna),3 — Líquidos inflamáveis,resina em solucao inflamavel
1321,Aerossois asfixiantes,14400.0,1950,20,2.0,50,500.0,800,True,,1950,ok,2,recuperado major de '2.0' (provável Nº perigo na coluna),2 — Gases,aerossois asfixiantes
1321,Essencia de terebentina,16400.0,1299,30,3.0,50,300.0,800,True,,1299,ok,3,recuperado major de '3.0' (provável Nº perigo na coluna),3 — Líquidos inflamáveis,essencia de terebentina
1321,Tintas ou materias aparentadas as tintas,32180.0,1263,30,3.0,50,300.0,800,True,,1263,ok,3,recuperado major de '3.0' (provável Nº perigo na coluna),3 — Líquidos inflamáveis,tintas ou materias aparentadas as tintas
1322,Essencia de terebentina,16400.0,1299,30,3.0,50,300.0,800,True,,1299,ok,3,recuperado major de '3.0' (provável Nº perigo na coluna),3 — Líquidos inflamáveis,essencia de terebentina
1322,Tintas ou materias aparentadas as tintas,10240.0,1263,30,3.0,50,300.0,800,True,,1263,ok,3,recuperado major de '3.0' (provável Nº perigo na coluna),3 — Líquidos inflamáveis,tintas ou materias aparentadas as tintas
1323,Essencia de terebentina,17660.0,1299,30,3.0,50,300.0,800,True,,1299,ok,3,recuperado major de '3.0' (provável Nº perigo na coluna),3 — Líquidos inflamáveis,essencia de terebentina
1323,Tintas ou materias aparentadas as tintas,8800.0,1263,30,3.0,50,300.0,800,True,,1263,ok,3,recuperado major de '3.0' (provável Nº perigo na coluna),3 — Líquidos inflamáveis,tintas ou materias aparentadas as tintas
1323,Liquido corrosivo n.s.a.,21340.0,1760,80,8.0,50,,800,True,,1760,ok,8,recuperado major de '8.0' (provável Nº perigo na coluna),8 — Matérias corrosivas,liquido corrosivo n.s.a.
1324,Liquido corrosivo n.s.a.,21340.0,1760,80,8.0,50,,800,True,,1760,ok,8,recuperado major de '8.0' (provável Nº perigo na coluna),8 — Matérias corrosivas,liquido corrosivo n.s.a.
1324,Tintas ou materias aparentadas as tintas,8800.0,1263,30,3.0,50,300.0,800,True,,1263,ok,3,recuperado major de '3.0' (provável Nº perigo na coluna),3 — Líquidos inflamáveis,tintas ou materias aparentadas as tintas
1325,Essencia de terebentina,17660.0,1299,30,3.0,50,300.0,800,True,,1299,ok,3,recuperado major de '3.0' (provável Nº perigo na coluna),3 — Líquidos inflamáveis,essencia de terebentina
1326,Essencia de terebentina,17500.0,1299,30,3.0,50,300.0,800,True,,1299,ok,3,recuperado major de '3.0' (provável Nº perigo na coluna),3 — Líquidos inflamáveis,essencia de terebentina
1326,Heptanos,8640.0,1206,33,3.0,50,300.0,800,True,,1206,ok,3,recuperado major de '3.0' (provável Nº perigo na coluna),3 — Líquidos inflamáveis,heptanos
1326,Tintas ou materias aparentadas as tintas,14100.0,1263,30,3.0,50,300.0,800,True,,1263,ok,3,recuperado major de '3.0' (provável Nº perigo na coluna),3 — Líquidos inflamáveis,tintas ou materias aparentadas as tintas
1327,Diisocianato de toluileno,11460.0,2078,60,6.1,50,,800,True,,2078,ok,6.1,ok,6.1 — Matérias tóxicas,diisocianato de toluileno
1328,Diisocianato de toluileno,11460.0,2078,60,6.1,50,,800,True,,2078,ok,6.1,ok,6.1 — Matérias tóxicas,diisocianato de toluileno
1329,Acumuladores electricos cheios de electrolito liquido acido,21360.0,2794,80,8.0,50,,800,True,,2794,ok,8,recuperado major de '8.0' (provável Nº perigo na coluna),8 — Matérias corrosivas,acumuladores electricos cheios de electrolito liquido acido
1330,Liquido inflamavel n.s.a.,11940.0,1993,33,3.0,50,300.0,800,True,,1993,ok,3,recuperado major de '3.0' (provável Nº perigo na coluna),3 — Líquidos inflamáveis,liquido inflamavel n.s.a.
1330,Hidroxido de sodio solido,49880.0,1823,80,8.0,50,,800,True,,1823,ok,8,recuperado major de '8.0' (provável Nº perigo na coluna),8 — Matérias corrosivas,hidroxido de sodio solido
1331,Acumuladores electricos cheios de electrolito liquido acido,15410.0,2794,80,8.0,50,,800,True,,2794,ok,8,recuperado major de '8.0' (provável Nº perigo na coluna),8 — Matérias corrosivas,acumuladores electricos cheios de electrolito liquido acido
1332,Hidroxido de sodio solido,24840.0,1823,80,8.0,50,,800,True,,1823,ok,8,recuperado major de '8.0' (provável Nº perigo na coluna),8 — Matérias corrosivas,hidroxido de sodio solido
1332,Produtos de perfumaria,11250.0,1266,30,3.0,50,300.0,800,True,,1266,ok,3,recuperado major de '3.0' (provável Nº perigo na coluna),3 — Líquidos inflamáveis,produtos de perfumaria
1333,Hidroxido de sodio solido,24840.0,1823,80,8.0,50,,800,True,,1823,ok,8,recuperado major de '8.0' (provável Nº perigo na coluna),8 — Matérias corrosivas,hidroxido de sodio solido
1333,Produtos de perfumaria,11250.0,1266,30,3.0,50,300.0,800,True,,1266,ok,3,recuperado major de '3.0' (provável Nº perigo na coluna),3 — Líquidos inflamáveis,produtos de perfumaria
1334,Liquido inflamavel n.s.a.,11940.0,1993,33,3.0,50,300.0,800,True,,1993,ok,3,recuperado major de '3.0' (provável Nº perigo na coluna),3 — Líquidos inflamáveis,liquido inflamavel n.s.a.
1334,Hidroxido de sodio solido,25040.0,1823,80,8.0,50,,800,True,,1823,ok,8,recuperado major de '8.0' (provável Nº perigo na coluna),8 — Matérias corrosivas,hidroxido de sodio solido
1335,Argon liquido refrigerado,0.0,1951,22,2.0,100,100.0,800,True,,1951,ok,2,recuperado major de '2.0' (provável Nº perigo na coluna),2 — Gases,argon liquido refrigerado
1336,Argon liquido refrigerado,0.0,1951,22,2.0,100,100.0,800,True,,1951,ok,2,recuperado major de '2.0' (provável Nº perigo na coluna),2 — Gases,argon liquido refrigerado
1337,Diisocianato de toluileno,16240.0,2078,60,6.1,50,,800,True,,2078,ok,6.1,ok,6.1 — Matérias tóxicas,diisocianato de toluileno
1338,Diisocianato de toluileno,16240.0,2078,60,6.1,50,,800,True,,2078,ok,6.1,ok,6.1 — Matérias tóxicas,diisocianato de toluileno
1399,Tintas ou materias aparentadas as tintas,28000.0,1263,33,3.0,50,300.0,800,True,,1263,ok,3,recuperado major de '3.0' (provável Nº perigo na coluna),3 — Líquidos inflamáveis,tintas ou materias aparentadas as tintas
1339,Acido sulfurico com mais de 51% de acido,21700.0,1830,80,8.0,50,,800,True,,1830,ok,8,recuperado major de '8.0' (provável Nº perigo na coluna),8 — Matérias corrosivas,acido sulfurico com mais de 51% de acido
1339,Essencia de terebentina,35740.0,1299,30,3.0,50,300.0,800,True,,1299,ok,3,recuperado major de '3.0' (provável Nº perigo na coluna),3 — Líquidos inflamáveis,essencia de terebentina
1339,Argon liquido refrigerado,57200.0,1951,22,2.0,100,100.0,800,True,,1951,ok,2,recuperado major de '2.0' (provável Nº perigo na coluna),2 — Gases,argon liquido refrigerado
1340,Acido sulfurico com mais de 51% de acido,21700.0,1830,80,8.0,50,,800,True,,1830,ok,8,recuperado major de '8.0' (provável Nº perigo na coluna),8 — Matérias corrosivas,acido sulfurico com mais de 51% de acido
1340,Essencia de terebentina,35740.0,1299,30,3.0,50,300.0,800,True,,1299,ok,3,recuperado major de '3.0' (provável Nº perigo na coluna),3 — Líquidos inflamáveis,essencia de terebentina
1340,Argon liquido refrigerado,57200.0,1951,22,2.0,100,100.0,800,True,,1951,ok,2,recuperado major de '2.0' (provável Nº perigo na coluna),2 — Gases,argon liquido refrigerado
1341,Acido sulfurico com mais de 51% de acido,21700.0,1830,80,8.0,50,,800,True,,1830,ok,8,recuperado major de '8.0' (provável Nº perigo na coluna),8 — Matérias corrosivas,acido sulfurico com mais de 51% de acido
1341,Essencia de terebentina,35740.0,1299,30,3.0,50,300.0,800,True,,1299,ok,3,recuperado major de '3.0' (provável Nº perigo na coluna),3 — Líquidos inflamáveis,essencia de terebentina
1341,Argon liquido refrigerado,57200.0,1951,22,2.0,100,100.0,800,True,,1951,ok,2,recuperado major de '2.0' (provável Nº perigo na coluna),2 — Gases,argon liquido refrigerado
1342,Dispositivos de insuflagem de sacos insuflaveis,11439.0,3268,90,9.0,50,,800,True,,3268,ok,9,recuperado major de '9.0' (provável Nº perigo na coluna),9 — Matérias e objetos perigosos diversos,dispositivos de insuflagem de sacos insuflaveis
1343,Tintas ou materias aparentadas as tintas,22420.0,1263,33,3.0,50,300.0,800,True,,1263,ok,3,recuperado major de '3.0' (provável Nº perigo na coluna),3 — Líquidos inflamáveis,tintas ou materias aparentadas as tintas
1344,Liquido corrosivo n.s.a.,24472.0,1760,88,8.0,50,,800,True,,1760,ok,8,recuperado major de '8.0' (provável Nº perigo na coluna),8 — Matérias corrosivas,liquido corrosivo n.s.a.
1345,Tintas ou materias aparentadas as tintas,31787.0,1263,33,3.0,50,300.0,800,True,,1263,ok,3,recuperado major de '3.0' (provável Nº perigo na coluna),3 — Líquidos inflamáveis,tintas ou materias aparentadas as tintas
1345,Liquido inflamavel n.s.a.,24270.0,1993,33,3.0,50,300.0,800,True,,1993,ok,3,recuperado major de '3.0' (provável Nº perigo na coluna),3 — Líquidos inflamáveis,liquido inflamavel n.s.a.
1346,Aerossois,22640.0,1950,20,2.0,50,500.0,800,True,,1950,ok,2,recuperado major de '2.0' (provável Nº perigo na coluna),2 — Gases,aerossois
1347,Essencia de terebentina,34720.0,1299,30,3.0,50,300.0,800,True,,1299,ok,3,recuperado major de '3.0' (provável Nº perigo na coluna),3 — Líquidos inflamáveis,essencia de terebentina
1348,Diisocianato de toluileno,20780.0,2078,60,6.1,50,,800,True,,2078,ok,6.1,ok,6.1 — Matérias tóxicas,diisocianato de toluileno
1348,Diclorometano,19680.0,1953,60,6.1,50,100.0,800,True,,1953,ok,6.1,ok,6.1 — Matérias tóxicas,diclorometano
1349,Diisocianato de toluileno,20780.0,2078,60,6.1,50,,800,True,,2078,ok,6.1,ok,6.1 — Matérias tóxicas,diisocianato de toluileno
1349,Diclorometano,19680.0,1953,60,6.1,50,100.0,800,True,,1953,ok,6.1,ok,6.1 — Matérias tóxicas,diclorometano
1350,Diisocianato de toluileno,21540.0,2078,60,6.1,50,,800,True,,2078,ok,6.1,ok,6.1 — Matérias tóxicas,diisocianato de toluileno
1351,Essencia de terebentina,20060.0,1299,30,3.0,50,300.0,800,True,,1299,ok,3,recuperado major de '3.0' (provável Nº perigo na coluna),3 — Líquidos inflamáveis,essencia de terebentina
1352,Tintas ou materias aparentadas as tintas,9220.0,1263,33,3.0,50,300.0,800,True,,1263,ok,3,recuperado major de '3.0' (provável Nº perigo na coluna),3 — Líquidos inflamáveis,tintas ou materias aparentadas as tintas
1353,Hidroxido de sodio solido,25000.0,1823,80,8.0,50,,800,True,,1823,ok,8,recuperado major de '8.0' (provável Nº perigo na coluna),8 — Matérias corrosivas,hidroxido de sodio solido
1354,Tintas ou materias aparentadas as tintas,38375.0,1263,33,3.0,50,300.0,800,True,,1263,ok,3,recuperado major de '3.0' (provável Nº perigo na coluna),3 — Líquidos inflamáveis,tintas ou materias aparentadas as tintas
1355,Tintas ou materias aparentadas as tintas,38375.0,1263,33,3.0,50,300.0,800,True,,1263,ok,3,recuperado major de '3.0' (provável Nº perigo na coluna),3 — Líquidos inflamáveis,tintas ou materias aparentadas as tintas
1356,Anilina,17840.0,1547,60,6.1,50,,800,True,,1547,ok,6.1,ok,6.1 — Matérias tóxicas,anilina
1357,Anilina,17840.0,1547,60,6.1,50,,800,True,,1547,ok,6.1,ok,6.1 — Matérias tóxicas,anilina
1358,Anilina,17840.0,1547,60,6.1,50,,800,True,,1547,ok,6.1,ok,6.1 — Matérias tóxicas,anilina
1359,Tintas ou materias aparentadas as tintas,15220.0,1263,33,3.0,50,300.0,800,True,,1263,ok,3,recuperado major de '3.0' (provável Nº perigo na coluna),3 — Líquidos inflamáveis,tintas ou materias aparentadas as tintas
1359,Acumuladores electricos cheios de electrolito liquido acido,12660.0,2794,80,8.0,50,,800,True,,2794,ok,8,recuperado major de '8.0' (provável Nº perigo na coluna),8 — Matérias corrosivas,acumuladores electricos cheios de electrolito liquido acido
1360,Tintas ou materias aparentadas as tintas,19320.0,1263,33,3.0,50,300.0,800,True,,1263,ok,3,recuperado major de '3.0' (provável Nº perigo na coluna),3 — Líquidos inflamáveis,tintas ou materias aparentadas as tintas
1361,Tintas ou materias aparentadas as tintas,23900.0,1263,30,3.0,50,300.0,800,True,,1263,ok,3,recuperado major de '3.0' (provável Nº perigo na coluna),3 — Líquidos inflamáveis,tintas ou materias aparentadas as tintas
1362,Heptafluorpropano,1500.0,3296,20,2.0,100,500.0,800,True,,3296,ok,2,recuperado major de '2.0' (provável Nº perigo na coluna),2 — Gases,heptafluorpropano
1363,Peroxido de hidrogenio em solucao aquosa estabilizado,28280.0,2015,559,5.1,50,,800,True,,2015,ok,5.1,ok,5.1 — Matérias comburentes,peroxido de hidrogenio em solucao aquosa estabilizado
1363,Argon liquido refrigerado,25500.0,1951,22,2.0,100,100.0,800,True,,1951,ok,2,recuperado major de '2.0' (provável Nº perigo na coluna),2 — Gases,argon liquido refrigerado
1364,Tintas ou materias aparentadas as tintas,12800.0,1263,33,3.0,50,300.0,800,True,,1263,ok,3,recuperado major de '3.0' (provável Nº perigo na coluna),3 — Líquidos inflamáveis,tintas ou materias aparentadas as tintas
1364,Acido sulfurico com mais de 51% de acido,22080.0,1830,80,8.0,50,,800,True,,1830,ok,8,recuperado major de '8.0' (provável Nº perigo na coluna),8 — Matérias corrosivas,acido sulfurico com mais de 51% de acido
1364,Materia perigosa do ponto de vista do ambiente liquida n.s.a,12840.0,3082,90,9.0,50,,800,True,,3082,ok,9,recuperado major de '9.0' (provável Nº perigo na coluna),9 — Matérias e objetos perigosos diversos,materia perigosa do ponto de vista do ambiente liquida n.s.a
1365,Acido sulfurico com mais de 51% de acido,22080.0,1830,80,8.0,50,,800,True,,1830,ok,8,recuperado major de '8.0' (provável Nº perigo na coluna),8 — Matérias corrosivas,acido sulfurico com mais de 51% de acido
1365,Tintas ou materias aparentadas as tintas,12800.0,1263,33,3.0,50,300.0,800,True,,1263,ok,3,recuperado major de '3.0' (provável Nº perigo na coluna),3 — Líquidos inflamáveis,tintas ou materias aparentadas as tintas
1365,Materia perigosa do ponto de vista do ambiente liquida n.s.a,12840.0,3082,90,9.0,50,,800,True,,3082,ok,9,recuperado major de '9.0' (provável Nº perigo na coluna),9 — Matérias e objetos perigosos diversos,materia perigosa do ponto de vista do ambiente liquida n.s.a
1366,Tintas ou materias aparentadas as tintas,62490.0,1263,33,3.0,50,300.0,800,True,,1263,ok,3,recuperado major de '3.0' (provável Nº perigo na coluna),3 — Líquidos inflamáveis,tintas ou materias aparentadas as tintas
1367,Tintas ou materias aparentadas as tintas,26200.0,1263,33,3.0,50,300.0,800,True,,1263,ok,3,recuperado major de '3.0' (provável Nº perigo na coluna),3 — Líquidos inflamáveis,tintas ou materias aparentadas as tintas
1368,Tintas ou materias aparentadas as tintas,13620.0,1263,33,3.0,50,300.0,800,True,,1263,ok,3,recuperado major de '3.0' (provável Nº perigo na coluna),3 — Líquidos inflamáveis,tintas ou materias aparentadas as tintas
1369,Argon liquido refrigerado,51280.0,1951,22,2.0,100,100.0,800,True,,1951,ok,2,recuperado major de '2.0' (provável Nº perigo na coluna),2 — Gases,argon liquido refrigerado
1370,Liquido organico corrosivo acido n.s.a.,6300.0,3265,88,8.0,50,,800,True,,3265,ok,8,recuperado major de '8.0' (provável Nº perigo na coluna),8 — Matérias corrosivas,liquido organico corrosivo acido n.s.a.
1371,Liquido organico corrosivo acido n.s.a.,6300.0,3265,88,8.0,50,,800,True,,3265,ok,8,recuperado major de '8.0' (provável Nº perigo na coluna),8 — Matérias corrosivas,liquido organico corrosivo acido n.s.a.
1372,Materia perigosa do ponto de vista do ambiente liquida n.s.a,23920.0,3082,90,9.0,50,,800,True,,3082,ok,9,recuperado major de '9.0' (provável Nº perigo na coluna),9 — Matérias e objetos perigosos diversos,materia perigosa do ponto de vista do ambiente liquida n.s.a
1372,Tintas ou materias aparentadas as tintas,11820.0,1263,33,3.0,50,300.0,800,True,,1263,ok,3,recuperado major de '3.0' (provável Nº perigo na coluna),3 — Líquidos inflamáveis,tintas ou materias aparentadas as tintas
1373,Etanol em solucao,21308.0,1170,33,3.0,50,300.0,800,True,,1170,ok,3,recuperado major de '3.0' (provável Nº perigo na coluna),3 — Líquidos inflamáveis,etanol em solucao
1374,Hidroxido de sodio solido,49420.0,1823,80,8.0,50,,800,True,,1823,ok,8,recuperado major de '8.0' (provável Nº perigo na coluna),8 — Matérias corrosivas,hidroxido de sodio solido
1374,Materia perigosa do ponto de vista do ambiente liquida n.s.a,8200.0,3082,90,9.0,50,,800,True,,3082,ok,9,recuperado major de '9.0' (provável Nº perigo na coluna),9 — Matérias e objetos perigosos diversos,materia perigosa do ponto de vista do ambiente liquida n.s.a
1374,Adesivos contendo um liquido inflamavel,9540.0,1133,33,3.0,50,300.0,800,True,,1133,ok,3,recuperado major de '3.0' (provável Nº perigo na coluna),3 — Líquidos inflamáveis,adesivos contendo um liquido inflamavel
1374,Tintas ou materias aparentadas as tintas,21460.0,1263,33,3.0,50,300.0,800,True,,1263,ok,3,recuperado major de '3.0' (provável Nº perigo na coluna),3 — Líquidos inflamáveis,tintas ou materias aparentadas as tintas
1374,Etanol em solucao,17220.0,1170,33,3.0,50,300.0,800,True,,1170,ok,3,recuperado major de '3.0' (provável Nº perigo na coluna),3 — Líquidos inflamáveis,etanol em solucao
1375,Aerossois,11820.0,1950,20,2.0,50,500.0,800,True,,1950,ok,2,recuperado major de '2.0' (provável Nº perigo na coluna),2 — Gases,aerossois
1375,Etanol em solucao,30140.0,1170,33,3.0,50,300.0,800,True,,1170,ok,3,recuperado major de '3.0' (provável Nº perigo na coluna),3 — Líquidos inflamáveis,etanol em solucao
1376,Essencia de terebentina,35520.0,1299,30,3.0,50,300.0,800,True,,1299,ok,3,recuperado major de '3.0' (provável Nº perigo na coluna),3 — Líquidos inflamáveis,essencia de terebentina
1376,Cloroformio,3320.0,1888,60,6.1,50,,800,True,,1888,ok,6.1,ok,6.1 — Matérias tóxicas,cloroformio
1377,Peroxido de hidrogenio em solucao aquosa estabilizado,112530.0,2015,559,5.1,50,,800,True,,2015,ok,5.1,ok,5.1 — Matérias comburentes,peroxido de hidrogenio em solucao aquosa estabilizado
1377,Acetato de etilo,22100.0,1173,33,3.0,50,300.0,800,True,,1173,ok,3,recuperado major de '3.0' (provável Nº perigo na coluna),3 — Líquidos inflamáveis,acetato de etilo
1378,Adesivos contendo um liquido inflamavel,7240.0,1133,33,3.0,50,300.0,800,True,,1133,ok,3,recuperado major de '3.0' (provável Nº perigo na coluna),3 — Líquidos inflamáveis,adesivos contendo um liquido inflamavel
1379,Adesivos contendo um liquido inflamavel,11880.0,1133,33,3.0,50,300.0,800,True,,1133,ok,3,recuperado major de '3.0' (provável Nº perigo na coluna),3 — Líquidos inflamáveis,adesivos contendo um liquido inflamavel
1380,"Destilados de petroleo, n.s.a.",15660.0,1268,33,3.0,50,300.0,800,True,,1268,ok,3,recuperado major de '3.0' (provável Nº perigo na coluna),3 — Líquidos inflamáveis,"destilados de petroleo, n.s.a."
1381,Esteres n.s.a.,15600.0,3272,30 ou 33,3.0,50,300.0,800,True,,3272,ok,3,recuperado major de '3.0' (provável Nº perigo na coluna),3 — Líquidos inflamáveis,esteres n.s.a.
1382,Fosforeto de aluminio,5930.0,1397,X462,4.3,50,600.0,800,True,,1397,ok,4.3,ok,4.3 — Em contacto c/ água libertam gases inflamáveis,fosforeto de aluminio
1382,Anilina,21080.0,1547,60,6.1,50,,800,True,,1547,ok,6.1,ok,6.1 — Matérias tóxicas,anilina
1383,Adesivos contendo um liquido inflamavel,7280.0,1133,33,3.0,50,300.0,800,True,,1133,ok,3,recuperado major de '3.0' (provável Nº perigo na coluna),3 — Líquidos inflamáveis,adesivos contendo um liquido inflamavel
1384,Adesivos contendo um liquido inflamavel,13197.0,1133,33,3.0,50,300.0,800,True,,1133,ok,3,recuperado major de '3.0' (provável Nº perigo na coluna),3 — Líquidos inflamáveis,adesivos contendo um liquido inflamavel
1385,Argon liquido refrigerado,0.0,1951,22,2.0,100,100.0,800,True,,1951,ok,2,recuperado major de '2.0' (provável Nº perigo na coluna),2 — Gases,argon liquido refrigerado
1386,Tintas ou materias aparentadas as tintas,16060.0,1263,33,3.0,50,300.0,800,True,,1263,ok,3,recuperado major de '3.0' (provável Nº perigo na coluna),3 — Líquidos inflamáveis,tintas ou materias aparentadas as tintas
1387,Liquido corrosivo n.s.a.,8220.0,1760,88,8.0,50,,800,True,,1760,ok,8,recuperado major de '8.0' (provável Nº perigo na coluna),8 — Matérias corrosivas,liquido corrosivo n.s.a.
1388,Produtos de perfumaria,5440.0,1266,33,3.0,50,300.0,800,True,,1266,ok,3,recuperado major de '3.0' (provável Nº perigo na coluna),3 — Líquidos inflamáveis,produtos de perfumaria
1388,Bebidas alcoolicas contendo mais de 70% de alcool,19640.0,3065,33,3.0,50,300.0,800,True,,3065,ok,3,recuperado major de '3.0' (provável Nº perigo na coluna),3 — Líquidos inflamáveis,bebidas alcoolicas contendo mais de 70% de alcool
1389,Aerossois,16887.0,1950,20,2.0,50,500.0,800,True,,1950,ok,2,recuperado major de '2.0' (provável Nº perigo na coluna),2 — Gases,aerossois
1390,Produtos de perfumaria,5440.0,1266,33,3.0,50,300.0,800,True,,1266,ok,3,recuperado major de '3.0' (provável Nº perigo na coluna),3 — Líquidos inflamáveis,produtos de perfumaria
1390,Bebidas alcoolicas contendo mais de 70% de alcool,19640.0,3065,33,3.0,50,300.0,800,True,,3065,ok,3,recuperado major de '3.0' (provável Nº perigo na coluna),3 — Líquidos inflamáveis,bebidas alcoolicas contendo mais de 70% de alcool
1391,"Hidrocarbonetos gasosos em mistura liquefeita, nsa",19400.0,1965,23,2.0,100,800.0,1600,True,,1965,ok,2,recuperado major de '2.0' (provável Nº perigo na coluna),2 — Gases,"hidrocarbonetos gasosos em mistura liquefeita, nsa"
1392,Acumuladores electricos cheios de electrolito liquido acido,23090.0,2794,80,8.0,50,,800,True,,2794,ok,8,recuperado major de '8.0' (provável Nº perigo na coluna),8 — Matérias corrosivas,acumuladores electricos cheios de electrolito liquido acido
1392,Tintas ou materias aparentadas as tintas,22650.0,1263,33,3.0,50,300.0,800,True,,1263,ok,3,recuperado major de '3.0' (provável Nº perigo na coluna),3 — Líquidos inflamáveis,tintas ou materias aparentadas as tintas
1393,Aerossois,16210.0,1950,20,2.0,50,500.0,800,True,,1950,ok,2,recuperado major de '2.0' (provável Nº perigo na coluna),2 — Gases,aerossois
1394,Aerossois,16210.0,1950,20,2.0,50,500.0,800,True,,1950,ok,2,recuperado major de '2.0' (provável Nº perigo na coluna),2 — Gases,aerossois
1395,Resina em solucao,18110.0,1866,33,3.0,50,300.0,800,True,,1866,ok,3,recuperado major de '3.0' (provável Nº perigo na coluna),3 — Líquidos inflamáveis,resina em solucao
1395,Liquido inflamavel n.s.a.,27390.0,1993,33,3.0,50,300.0,800,True,,1993,ok,3,recuperado major de '3.0' (provável Nº perigo na coluna),3 — Líquidos inflamáveis,liquido inflamavel n.s.a.
1396,Extintores,8065.0,1044,20,2.0,100,500.0,800,False,,1044,ok,2,recuperado major de '2.0' (provável Nº perigo na coluna),2 — Gases,extintores
1396,Tintas ou materias aparentadas as tintas,27860.0,1263,33,3.0,50,300.0,800,True,,1263,ok,3,recuperado major de '3.0' (provável Nº perigo na coluna),3 — Líquidos inflamáveis,tintas ou materias aparentadas as tintas
1397,Acetato de etilo,0.0,1173,33,3.0,50,300.0,800,True,,1173,ok,3,recuperado major de '3.0' (provável Nº perigo na coluna),3 — Líquidos inflamáveis,acetato de etilo
1398,Acumuladores electricos cheios de electrolito liquido acido,17220.0,2794,80,8.0,50,,800,True,,2794,ok,8,recuperado major de '8.0' (provável Nº perigo na coluna),8 — Matérias corrosivas,acumuladores electricos cheios de electrolito liquido acido
1398,Tintas ou materias aparentadas as tintas,28000.0,1263,33,3.0,50,300.0,800,True,,1263,ok,3,recuperado major de '3.0' (provável Nº perigo na coluna),3 — Líquidos inflamáveis,tintas ou materias aparentadas as tintas
1398,Liquido corrosivo n.s.a.,27580.0,1760,88,8.0,50,,800,True,,1760,ok,8,recuperado major de '8.0' (provável Nº perigo na coluna),8 — Matérias corrosivas,liquido corrosivo n.s.a.
1400,Argon liquido refrigerado,0.0,1951,22,2.0,100,100.0,800,True,,1951,ok,2,recuperado major de '2.0' (provável Nº perigo na coluna),2 — Gases,argon liquido refrigerado
1401,Acumuladores electricos cheios de electrolito liquido acido,23440.0,2794,80,8.0,50,,800,True,,2794,ok,8,recuperado major de '8.0' (provável Nº perigo na coluna),8 — Matérias corrosivas,acumuladores electricos cheios de electrolito liquido acido
1402,Argon liquido refrigerado,0.0,1951,22,2.0,100,100.0,800,True,,1951,ok,2,recuperado major de '2.0' (provável Nº perigo na coluna),2 — Gases,argon liquido refrigerado
1403,Etanol em solucao,0.0,1170,33,3.0,50,300.0,800,True,,1170,ok,3,recuperado major de '3.0' (provável Nº perigo na coluna),3 — Líquidos inflamáveis,etanol em solucao
1403,Peroxido de hidrogenio em solucao aquosa estabilizado,0.0,2015,559,5.1,50,,800,True,,2015,ok,5.1,ok,5.1 — Matérias comburentes,peroxido de hidrogenio em solucao aquosa estabilizado
1403,Argon liquido refrigerado,0.0,1951,22,2.0,100,100.0,800,True,,1951,ok,2,recuperado major de '2.0' (provável Nº perigo na coluna),2 — Gases,argon liquido refrigerado
1404,Acido sulfurico,21480.0,1830,80,8.0,50,,800,True,,1830,ok,8,recuperado major de '8.0' (provável Nº perigo na coluna),8 — Matérias corrosivas,acido sulfurico
1404,Diclorometano,14280.0,1593,60,6.1,50,100.0,800,True,,1593,ok,6.1,ok,6.1 — Matérias tóxicas,diclorometano
1405,Diclorometano,14280.0,1593,60,6.1,50,100.0,800,True,,1593,ok,6.1,ok,6.1 — Matérias tóxicas,diclorometano
1406,Liquido inflamavel n.s.a.,8444.0,1993,33,3.0,50,300.0,800,True,,1993,ok,3,recuperado major de '3.0' (provável Nº perigo na coluna),3 — Líquidos inflamáveis,liquido inflamavel n.s.a.
1407,Bebidas alcoolicas contendo mais de 70% de alcool,21097.0,3065,33,3.0,50,300.0,800,True,,3065,ok,3,recuperado major de '3.0' (provável Nº perigo na coluna),3 — Líquidos inflamáveis,bebidas alcoolicas contendo mais de 70% de alcool
1408,Recipientes de baixa capacidade contendo gas,19675.0,2037,20,2.0,50,,800,True,,2037,ok,2,recuperado major de '2.0' (provável Nº perigo na coluna),2 — Gases,recipientes de baixa capacidade contendo gas
1409,Tintas ou materias aparentadas as tintas,20140.0,1263,33,3.0,50,300.0,800,True,,1263,ok,3,recuperado major de '3.0' (provável Nº perigo na coluna),3 — Líquidos inflamáveis,tintas ou materias aparentadas as tintas
1410,Liquido corrosivo n.s.a.,11280.0,1760,88,8.0,50,,800,True,,1760,ok,8,recuperado major de '8.0' (provável Nº perigo na coluna),8 — Matérias corrosivas,liquido corrosivo n.s.a.
1411,Liquido corrosivo n.s.a.,11280.0,1760,88,8.0,50,,800,True,,1760,ok,8,recuperado major de '8.0' (provável Nº perigo na coluna),8 — Matérias corrosivas,liquido corrosivo n.s.a.
1412,Liquido corrosivo n.s.a.,15800.0,1760,88,8.0,50,,800,True,,1760,ok,8,recuperado major de '8.0' (provável Nº perigo na coluna),8 — Matérias corrosivas,liquido corrosivo n.s.a.
1413,Tintas ou materias aparentadas as tintas,19110.0,1263,33,3.0,50,300.0,800,True,,1263,ok,3,recuperado major de '3.0' (provável Nº perigo na coluna),3 — Líquidos inflamáveis,tintas ou materias aparentadas as tintas
1414,Argon liquido refrigerado,51520.0,1951,22,1.0,100,100.0,800,True,,1951,ok,1,recuperado major de '1.0' (provável Nº perigo na coluna),1 — Explosivos,argon liquido refrigerado
1415,Aerossois asfixiantes,70605.0,1950,20,2.0,50,500.0,800,True,,1950,ok,2,recuperado major de '2.0' (provável Nº perigo na coluna),2 — Gases,aerossois asfixiantes
1415,Acido sulfurico,21760.0,1830,80,8.0,50,,800,True,,1830,ok,8,recuperado major de '8.0' (provável Nº perigo na coluna),8 — Matérias corrosivas,acido sulfurico
1416,Argon liquido refrigerado,0.0,1951,22,2.0,100,100.0,800,True,,1951,ok,2,recuperado major de '2.0' (provável Nº perigo na coluna),2 — Gases,argon liquido refrigerado
1417,Hidroxido de sodio solido,24920.0,1823,80,8.0,50,,800,True,,1823,ok,8,recuperado major de '8.0' (provável Nº perigo na coluna),8 — Matérias corrosivas,hidroxido de sodio solido
1417,Aerossois asfixiantes,6620.0,1950,20,2.0,50,500.0,800,True,,1950,ok,2,recuperado major de '2.0' (provável Nº perigo na coluna),2 — Gases,aerossois asfixiantes
1417,Essencia de terebentina,37800.0,1299,33,3.0,50,300.0,800,True,,1299,ok,3,recuperado major de '3.0' (provável Nº perigo na coluna),3 — Líquidos inflamáveis,essencia de terebentina
1417,Resina em solucao,17680.0,1866,30,3.0,50,300.0,800,True,,1866,ok,3,recuperado major de '3.0' (provável Nº perigo na coluna),3 — Líquidos inflamáveis,resina em solucao
1418,Argon liquido refrigerado,0.0,1951,22,2.0,100,100.0,800,True,,1951,ok,2,recuperado major de '2.0' (provável Nº perigo na coluna),2 — Gases,argon liquido refrigerado
1419,Dispositivos de insuflagem de sacos insuflaveis,9872.0,3268,90,9.0,50,,800,True,,3268,ok,9,recuperado major de '9.0' (provável Nº perigo na coluna),9 — Matérias e objetos perigosos diversos,dispositivos de insuflagem de sacos insuflaveis
1420,Tintas ou materias aparentadas as tintas,19465.0,1263,33,3.0,50,300.0,800,True,,1263,ok,3,recuperado major de '3.0' (provável Nº perigo na coluna),3 — Líquidos inflamáveis,tintas ou materias aparentadas as tintas
1421,Dispositivos de insuflagem de sacos insuflaveis,9872.0,3268,90,9.0,50,,800,True,,3268,ok,9,recuperado major de '9.0' (provável Nº perigo na coluna),9 — Matérias e objetos perigosos diversos,dispositivos de insuflagem de sacos insuflaveis
1422,Dioxido de carbono,4885.0,1013,20,2.0,100,,800,False,,1013,ok,2,recuperado major de '2.0' (provável Nº perigo na coluna),2 — Gases,dioxido de carbono
1423,Hidrogenio comprimido,35446.0,1049,23,2.0,100,800.0,1600,True,,1049,ok,2,recuperado major de '2.0' (provável Nº perigo na coluna),2 — Gases,hidrogenio comprimido
1424,Hidroxido de sodio solido,70360.0,1823,80,8.0,50,,800,True,,1823,ok,8,recuperado major de '8.0' (provável Nº perigo na coluna),8 — Matérias corrosivas,hidroxido de sodio solido
1425,Acumuladores electricos cheios electrolito liquido alcalino,3660.0,2795,80,8.0,50,,800,True,,2795,ok,8,recuperado major de '8.0' (provável Nº perigo na coluna),8 — Matérias corrosivas,acumuladores electricos cheios electrolito liquido alcalino
1426,Hidrogenio comprimido,15660.0,1049,23,2.0,100,800.0,1600,True,,1049,ok,2,recuperado major de '2.0' (provável Nº perigo na coluna),2 — Gases,hidrogenio comprimido
1426,Argon liquido refrigerado,27960.0,1951,22,2.0,100,100.0,800,True,,1951,ok,2,recuperado major de '2.0' (provável Nº perigo na coluna),2 — Gases,argon liquido refrigerado
1426,Extintores,1810.0,1044,20,2.0,100,500.0,800,False,,1044,ok,2,recuperado major de '2.0' (provável Nº perigo na coluna),2 — Gases,extintores
1427,"Liquido corrosivo, comburente, nsa",2749.0,3093,885,8.0,50,,800,True,,3093,ok,8,recuperado major de '8.0' (provável Nº perigo na coluna),8 — Matérias corrosivas,"liquido corrosivo, comburente, nsa"
1428,Aerossois asfixiantes,17140.0,1950,20,2.0,50,500.0,800,True,,1950,ok,2,recuperado major de '2.0' (provável Nº perigo na coluna),2 — Gases,aerossois asfixiantes
1428,Acumuladores electricos cheios de electrolito liquido acido,18480.0,2794,80,8.0,50,,800,True,,2794,ok,8,recuperado major de '8.0' (provável Nº perigo na coluna),8 — Matérias corrosivas,acumuladores electricos cheios de electrolito liquido acido
1429,Materia perigosa do ponto de vista do ambiente liquida n.s.a,18040.0,3082,90,9.0,50,,800,True,,3082,ok,9,recuperado major de '9.0' (provável Nº perigo na coluna),9 — Matérias e objetos perigosos diversos,materia perigosa do ponto de vista do ambiente liquida n.s.a
1430,Liquido corrosivo n.s.a.,20980.0,1760,88,8.0,50,,800,True,,1760,ok,8,recuperado major de '8.0' (provável Nº perigo na coluna),8 — Matérias corrosivas,liquido corrosivo n.s.a.
1431,Materia perigosa do ponto de vista do ambiente liquida n.s.a,0.0,3082,90,9.0,50,,800,True,,3082,ok,9,recuperado major de '9.0' (provável Nº perigo na coluna),9 — Matérias e objetos perigosos diversos,materia perigosa do ponto de vista do ambiente liquida n.s.a
1432,Dispositivos de insuflagem de sacos insuflaveis,8252.0,3268,90,9.0,50,,800,True,,3268,ok,9,recuperado major de '9.0' (provável Nº perigo na coluna),9 — Matérias e objetos perigosos diversos,dispositivos de insuflagem de sacos insuflaveis
1433,Adesivos contendo um liquido inflamavel,18900.0,1133,33,3.0,50,300.0,800,True,,1133,ok,3,recuperado major de '3.0' (provável Nº perigo na coluna),3 — Líquidos inflamáveis,adesivos contendo um liquido inflamavel
1434,Dispositivos de insuflagem de sacos insuflaveis,8252.0,3268,90,9.0,50,,800,True,,3268,ok,9,recuperado major de '9.0' (provável Nº perigo na coluna),9 — Matérias e objetos perigosos diversos,dispositivos de insuflagem de sacos insuflaveis
1435,Liquido inflamavel toxico n.s.a.,13890.0,1992,336,3.0,50,,800,True,,1992,ok,3,recuperado major de '3.0' (provável Nº perigo na coluna),3 — Líquidos inflamáveis,liquido inflamavel toxico n.s.a.
1435,Produtos de perfumaria,2630.0,1266,33,3.0,50,300.0,800,True,,1266,ok,3,recuperado major de '3.0' (provável Nº perigo na coluna),3 — Líquidos inflamáveis,produtos de perfumaria
1436,Argon liquido refrigerado,0.0,1951,22,2.0,100,100.0,800,True,,1951,ok,2,recuperado major de '2.0' (provável Nº perigo na coluna),2 — Gases,argon liquido refrigerado
1437,Aerossois asfixiantes,5290.0,1950,20,2.0,50,500.0,800,True,,1950,ok,2,recuperado major de '2.0' (provável Nº perigo na coluna),2 — Gases,aerossois asfixiantes
1437,Acetona,1090.0,1090,33,3.0,50,300.0,800,True,,1090,ok,3,recuperado major de '3.0' (provável Nº perigo na coluna),3 — Líquidos inflamáveis,acetona
1438,Adesivos contendo um liquido inflamavel,9280.0,1133,33,3.0,50,300.0,800,True,,1133,ok,3,recuperado major de '3.0' (provável Nº perigo na coluna),3 — Líquidos inflamáveis,adesivos contendo um liquido inflamavel
1439,Adesivos contendo um liquido inflamavel,9280.0,1133,33,3.0,50,300.0,800,True,,1133,ok,3,recuperado major de '3.0' (provável Nº perigo na coluna),3 — Líquidos inflamáveis,adesivos contendo um liquido inflamavel
1440,Adesivos contendo um liquido inflamavel,11700.0,1133,33,3.0,50,300.0,800,True,,1133,ok,3,recuperado major de '3.0' (provável Nº perigo na coluna),3 — Líquidos inflamáveis,adesivos contendo um liquido inflamavel
1441,Dispositivos de insuflagem de sacos insuflaveis,5924.0,3268,90,9.0,50,,800,True,,3268,ok,9,recuperado major de '9.0' (provável Nº perigo na coluna),9 — Matérias e objetos perigosos diversos,dispositivos de insuflagem de sacos insuflaveis
1442,Dispositivos de insuflagem de sacos insuflaveis,5924.0,3268,90,9.0,50,,800,True,,3268,ok,9,recuperado major de '9.0' (provável Nº perigo na coluna),9 — Matérias e objetos perigosos diversos,dispositivos de insuflagem de sacos insuflaveis
1443,Adesivos contendo um liquido inflamavel,11700.0,1133,33,3.0,50,300.0,800,True,,1133,ok,3,recuperado major de '3.0' (provável Nº perigo na coluna),3 — Líquidos inflamáveis,adesivos contendo um liquido inflamavel
1444,"Hidrocarbonetos gasosos em mistura liquefeita, nsa",23600.0,1965,23,2.0,100,800.0,1600,True,,1965,ok,2,recuperado major de '2.0' (provável Nº perigo na coluna),2 — Gases,"hidrocarbonetos gasosos em mistura liquefeita, nsa"
1445,Peroxido de hidrogenio em solucao aquosa estabilizado,113300.0,2015,559,5.1,50,,800,True,,2015,ok,5.1,ok,5.1 — Matérias comburentes,peroxido de hidrogenio em solucao aquosa estabilizado
1445,Argon liquido refrigerado,23500.0,1951,22,2.0,100,100.0,800,True,,1951,ok,2,recuperado major de '2.0' (provável Nº perigo na coluna),2 — Gases,argon liquido refrigerado
1446,Adesivos contendo um liquido inflamavel,11045.0,1133,33,3.0,50,300.0,800,True,,1133,ok,3,recuperado major de '3.0' (provável Nº perigo na coluna),3 — Líquidos inflamáveis,adesivos contendo um liquido inflamavel
1447,Tintas ou materias aparentadas as tintas,19000.0,1263,33,3.0,50,300.0,800,True,,1263,ok,3,recuperado major de '3.0' (provável Nº perigo na coluna),3 — Líquidos inflamáveis,tintas ou materias aparentadas as tintas
1447,Liquido corrosivo n.s.a.,21660.0,1760,88,8.0,50,,800,True,,1760,ok,8,recuperado major de '8.0' (provável Nº perigo na coluna),8 — Matérias corrosivas,liquido corrosivo n.s.a.
1447,Acumuladores electricos cheios de electrolito liquido acido,38340.0,2794,80,8.0,50,,800,True,,2794,ok,8,recuperado major de '8.0' (provável Nº perigo na coluna),8 — Matérias corrosivas,acumuladores electricos cheios de electrolito liquido acido
1448,Argon liquido refrigerado,82880.0,1951,22,2.0,100,100.0,800,True,,1951,ok,2,recuperado major de '2.0' (provável Nº perigo na coluna),2 — Gases,argon liquido refrigerado
1448,Acumuladores electricos cheios de electrolito liquido acido,20040.0,2794,80,8.0,50,,800,True,,2794,ok,8,recuperado major de '8.0' (provável Nº perigo na coluna),8 — Matérias corrosivas,acumuladores electricos cheios de electrolito liquido acido
1449,Tintas ou materias aparentadas as tintas,19000.0,1263,33,3.0,50,300.0,800,True,,1263,ok,3,recuperado major de '3.0' (provável Nº perigo na coluna),3 — Líquidos inflamáveis,tintas ou materias aparentadas as tintas
1449,Liquido corrosivo n.s.a.,21660.0,1760,88,8.0,50,,800,True,,1760,ok,8,recuperado major de '8.0' (provável Nº perigo na coluna),8 — Matérias corrosivas,liquido corrosivo n.s.a.
1449,Acumuladores electricos cheios de electrolito liquido acido,19040.0,2794,80,8.0,50,,800,True,,2794,ok,8,recuperado major de '8.0' (provável Nº perigo na coluna),8 — Matérias corrosivas,acumuladores electricos cheios de electrolito liquido acido
1450,Acumuladores electricos cheios de electrolito liquido acido,19300.0,2794,80,8.0,50,,800,True,,2794,ok,8,recuperado major de '8.0' (provável Nº perigo na coluna),8 — Matérias corrosivas,acumuladores electricos cheios de electrolito liquido acido
1451,Tintas ou materias aparentadas as tintas,19000.0,1263,33,3.0,50,300.0,800,True,,1263,ok,3,recuperado major de '3.0' (provável Nº perigo na coluna),3 — Líquidos inflamáveis,tintas ou materias aparentadas as tintas
1451,Liquido corrosivo n.s.a.,21660.0,1760,88,8.0,50,,800,True,,1760,ok,8,recuperado major de '8.0' (provável Nº perigo na coluna),8 — Matérias corrosivas,liquido corrosivo n.s.a.
1451,Acumuladores electricos cheios de electrolito liquido acido,18040.0,2794,80,8.0,50,,800,True,,2794,ok,8,recuperado major de '8.0' (provável Nº perigo na coluna),8 — Matérias corrosivas,acumuladores electricos cheios de electrolito liquido acido
1452,Diisocianato de toluileno,16370.0,2078,60,6.1,50,,800,True,,2078,ok,6.1,ok,6.1 — Matérias tóxicas,diisocianato de toluileno
1453,Diisocianato de toluileno,16370.0,2078,60,6.1,50,,800,True,,2078,ok,6.1,ok,6.1 — Matérias tóxicas,diisocianato de toluileno
1454,Tintas ou materias aparentadas as tintas,27055.0,1263,33,3.0,50,300.0,800,True,,1263,ok,3,recuperado major de '3.0' (provável Nº perigo na coluna),3 — Líquidos inflamáveis,tintas ou materias aparentadas as tintas
1455,Tintas ou materias aparentadas as tintas,16120.0,1263,33,3.0,50,300.0,800,True,,1263,ok,3,recuperado major de '3.0' (provável Nº perigo na coluna),3 — Líquidos inflamáveis,tintas ou materias aparentadas as tintas
1456,Materia perigosa do ponto de vista do ambiente liquida n.s.a,4340.0,3082,90,9.0,50,,800,True,,3082,ok,9,recuperado major de '9.0' (provável Nº perigo na coluna),9 — Matérias e objetos perigosos diversos,materia perigosa do ponto de vista do ambiente liquida n.s.a
1457,Materia perigosa do ponto de vista do ambiente liquida n.s.a,4340.0,3082,90,9.0,50,,800,True,,3082,ok,9,recuperado major de '9.0' (provável Nº perigo na coluna),9 — Matérias e objetos perigosos diversos,materia perigosa do ponto de vista do ambiente liquida n.s.a
1458,Materia perigosa do ponto de vista do ambiente liquida n.s.a,4340.0,3082,90,9.0,50,,800,True,,3082,ok,9,recuperado major de '9.0' (provável Nº perigo na coluna),9 — Matérias e objetos perigosos diversos,materia perigosa do ponto de vista do ambiente liquida n.s.a
1459,Argon liquido refrigerado,0.0,1951,22,2.0,100,100.0,800,True,,1951,ok,2,recuperado major de '2.0' (provável Nº perigo na coluna),2 — Gases,argon liquido refrigerado
1459,Dispositivos de insuflagem de sacos insuflaveis,2347.0,3268,90,9.0,50,,800,True,,3268,ok,9,recuperado major de '9.0' (provável Nº perigo na coluna),9 — Matérias e objetos perigosos diversos,dispositivos de insuflagem de sacos insuflaveis
1460,Argon liquido refrigerado,0.0,1951,22,2.0,100,100.0,800,True,,1951,ok,2,recuperado major de '2.0' (provável Nº perigo na coluna),2 — Gases,argon liquido refrigerado
1460,Dispositivos de insuflagem de sacos insuflaveis,2347.0,3268,90,9.0,50,,800,True,,3268,ok,9,recuperado major de '9.0' (provável Nº perigo na coluna),9 — Matérias e objetos perigosos diversos,dispositivos de insuflagem de sacos insuflaveis
1461,Adesivos contendo um liquido inflamavel,20740.0,1133,33,3.0,50,300.0,800,True,,1133,ok,3,recuperado major de '3.0' (provável Nº perigo na coluna),3 — Líquidos inflamáveis,adesivos contendo um liquido inflamavel
1462,Hipoclorito em solucao,17114.0,1791,80,8.0,50,,800,True,,1791,ok,8,recuperado major de '8.0' (provável Nº perigo na coluna),8 — Matérias corrosivas,hipoclorito em solucao
1463,Diclorometano,7030.0,1593,60,6.1,50,100.0,800,True,,1593,ok,6.1,ok,6.1 — Matérias tóxicas,diclorometano
1464,Acetato de etilo,0.0,1173,33,3.0,50,300.0,800,True,,1173,ok,3,recuperado major de '3.0' (provável Nº perigo na coluna),3 — Líquidos inflamáveis,acetato de etilo
1465,Diclorometano,7030.0,1593,60,6.1,50,100.0,800,True,,1593,ok,6.1,ok,6.1 — Matérias tóxicas,diclorometano
1466,Materia perigosa do ponto de vista do ambiente liquida n.s.a,7040.0,3082,90,9.0,50,,800,True,,3082,ok,9,recuperado major de '9.0' (provável Nº perigo na coluna),9 — Matérias e objetos perigosos diversos,materia perigosa do ponto de vista do ambiente liquida n.s.a
1466,Liquido corrosivo n.s.a.,20380.0,1760,88,8.0,50,,800,True,,1760,ok,8,recuperado major de '8.0' (provável Nº perigo na coluna),8 — Matérias corrosivas,liquido corrosivo n.s.a.
1467,Acido cloridrico,23020.0,1789,80,8.0,50,,800,True,,1789,ok,8,recuperado major de '8.0' (provável Nº perigo na coluna),8 — Matérias corrosivas,acido cloridrico
1468,Dispositivos de insuflagem de sacos insuflaveis,14335.0,3268,90,9.0,50,,800,True,,3268,ok,9,recuperado major de '9.0' (provável Nº perigo na coluna),9 — Matérias e objetos perigosos diversos,dispositivos de insuflagem de sacos insuflaveis
1469,Tintas ou materias aparentadas as tintas,25520.0,1263,33,3.0,50,300.0,800,True,,1263,ok,3,recuperado major de '3.0' (provável Nº perigo na coluna),3 — Líquidos inflamáveis,tintas ou materias aparentadas as tintas
1470,Dispositivos de insuflagem de sacos insuflaveis,14335.0,3268,90,9.0,50,,800,True,,3268,ok,9,recuperado major de '9.0' (provável Nº perigo na coluna),9 — Matérias e objetos perigosos diversos,dispositivos de insuflagem de sacos insuflaveis
1471,Tintas ou materias aparentadas as tintas,85740.0,1263,33,3.0,50,300.0,800,True,,1263,ok,3,recuperado major de '3.0' (provável Nº perigo na coluna),3 — Líquidos inflamáveis,tintas ou materias aparentadas as tintas
1471,Argon liquido refrigerado,45060.0,1951,22,2.0,100,100.0,800,True,,1951,ok,2,recuperado major de '2.0' (provável Nº perigo na coluna),2 — Gases,argon liquido refrigerado
1472,Materia perigosa do ponto de vista do ambiente liquida n.s.a,0.0,3082,90,9.0,50,,800,True,,3082,ok,9,recuperado major de '9.0' (provável Nº perigo na coluna),9 — Matérias e objetos perigosos diversos,materia perigosa do ponto de vista do ambiente liquida n.s.a
1473,Diisocianato de toluileno,44730.0,2078,60,6.1,50,,800,True,,2078,ok,6.1,ok,6.1 — Matérias tóxicas,diisocianato de toluileno
1474,Diisocianato de toluileno,44730.0,2078,60,6.1,50,,800,True,,2078,ok,6.1,ok,6.1 — Matérias tóxicas,diisocianato de toluileno
1475,Aminas liquidas corrosivas n.s.a.,3860.0,2735,88,8.0,50,,800,True,,2735,ok,8,recuperado major de '8.0' (provável Nº perigo na coluna),8 — Matérias corrosivas,aminas liquidas corrosivas n.s.a.
1476,Aminas liquidas corrosivas n.s.a.,88.0,2735,88,8.0,50,,800,True,,2735,ok,8,recuperado major de '8.0' (provável Nº perigo na coluna),8 — Matérias corrosivas,aminas liquidas corrosivas n.s.a.
1477,Aerossois asfixiantes,15095.0,1950,20,2.0,50,500.0,800,True,,1950,ok,2,recuperado major de '2.0' (provável Nº perigo na coluna),2 — Gases,aerossois asfixiantes
1477,Acido sulfurico com mais de 51% de acido,42580.0,1830,80,8.0,50,,800,True,,1830,ok,8,recuperado major de '8.0' (provável Nº perigo na coluna),8 — Matérias corrosivas,acido sulfurico com mais de 51% de acido
1478,Bebidas alcoolicas contendo mais de 70% de alcool,19720.0,3065,33,3.0,50,300.0,800,True,,3065,ok,3,recuperado major de '3.0' (provável Nº perigo na coluna),3 — Líquidos inflamáveis,bebidas alcoolicas contendo mais de 70% de alcool
1478,Hexanos,16500.0,1208,33,3.0,50,300.0,800,True,,1208,ok,3,recuperado major de '3.0' (provável Nº perigo na coluna),3 — Líquidos inflamáveis,hexanos
1479,"Destilados de petroleo, n.s.a.",99080.0,1268,33,3.0,50,300.0,800,True,,1268,ok,3,recuperado major de '3.0' (provável Nº perigo na coluna),3 — Líquidos inflamáveis,"destilados de petroleo, n.s.a."
1479,Diclorometano,11905.0,1593,60,6.1,50,100.0,800,True,,1593,ok,6.1,ok,6.1 — Matérias tóxicas,diclorometano
1480,Diclorometano,11905.0,1593,60,6.1,50,100.0,800,True,,1593,ok,6.1,ok,6.1 — Matérias tóxicas,diclorometano
1481,Hexanos,51000.0,1208,33,3.0,50,300.0,800,True,,1208,ok,3,recuperado major de '3.0' (provável Nº perigo na coluna),3 — Líquidos inflamáveis,hexanos
1482,Protoxido de azoto,27080.0,1070,25,2.0,100,500.0,800,True,,1070,ok,2,recuperado major de '2.0' (provável Nº perigo na coluna),2 — Gases,protoxido de azoto
1482,Hidrogenio comprimido,26806.0,1049,23,2.0,100,800.0,1600,True,,1049,ok,2,recuperado major de '2.0' (provável Nº perigo na coluna),2 — Gases,hidrogenio comprimido
1483,Hipoclorito em solucao,27980.0,1791,80,8.0,50,,800,True,,1791,ok,8,recuperado major de '8.0' (provável Nº perigo na coluna),8 — Matérias corrosivas,hipoclorito em solucao
1484,Tintas ou materias aparentadas as tintas,4465.0,1263,33,3.0,50,300.0,800,True,,1263,ok,3,recuperado major de '3.0' (provável Nº perigo na coluna),3 — Líquidos inflamáveis,tintas ou materias aparentadas as tintas
1485,Tintas ou materias aparentadas as tintas,4465.0,1263,33,3.0,50,300.0,800,True,,1263,ok,3,recuperado major de '3.0' (provável Nº perigo na coluna),3 — Líquidos inflamáveis,tintas ou materias aparentadas as tintas
1486,Tintas ou materias aparentadas as tintas,4465.0,1263,33,3.0,50,300.0,800,True,,1263,ok,3,recuperado major de '3.0' (provável Nº perigo na coluna),3 — Líquidos inflamáveis,tintas ou materias aparentadas as tintas
1487,Hidroxido de sodio solido,24940.0,1823,80,8.0,50,,800,True,,1823,ok,8,recuperado major de '8.0' (provável Nº perigo na coluna),8 — Matérias corrosivas,hidroxido de sodio solido
1487,Hipoclorito em solucao,2370.0,1791,80,8.0,50,,800,True,,1791,ok,8,recuperado major de '8.0' (provável Nº perigo na coluna),8 — Matérias corrosivas,hipoclorito em solucao
1487,Kits de resina poliester,18851.0,3269,33,3.0,50,300.0,800,True,,3269,ok,3,recuperado major de '3.0' (provável Nº perigo na coluna),3 — Líquidos inflamáveis,kits de resina poliester
1488,Kits de resina poliester,18851.0,3269,33,3.0,50,300.0,800,True,,3269,ok,3,recuperado major de '3.0' (provável Nº perigo na coluna),3 — Líquidos inflamáveis,kits de resina poliester
1489,Dioxido de carbono,57840.0,1013,20,2.0,100,,800,False,,1013,ok,2,recuperado major de '2.0' (provável Nº perigo na coluna),2 — Gases,dioxido de carbono
1490,Liquido inflamavel n.s.a.,12850.0,1993,33,3.0,50,300.0,800,True,,1993,ok,3,recuperado major de '3.0' (provável Nº perigo na coluna),3 — Líquidos inflamáveis,liquido inflamavel n.s.a.
1490,Nitrobenzeno,144800.0,1662,60,6.1,50,,800,True,,1662,ok,6.1,ok,6.1 — Matérias tóxicas,nitrobenzeno
1490,Bebidas alcoolicas contendo mais de 70% de alcool,20010.0,3065,33,3.0,50,300.0,800,True,,3065,ok,3,recuperado major de '3.0' (provável Nº perigo na coluna),3 — Líquidos inflamáveis,bebidas alcoolicas contendo mais de 70% de alcool
1489,Protoxido de azoto,20900.0,1070,25,2.0,100,500.0,800,True,,1070,ok,2,recuperado major de '2.0' (provável Nº perigo na coluna),2 — Gases,protoxido de azoto
1489,Tintas ou materias aparentadas as tintas,9480.0,1263,33,3.0,50,300.0,800,True,,1263,ok,3,recuperado major de '3.0' (provável Nº perigo na coluna),3 — Líquidos inflamáveis,tintas ou materias aparentadas as tintas
1491,Nitrobenzeno,50040.0,1662,60,6.1,50,,800,True,,1662,ok,6.1,ok,6.1 — Matérias tóxicas,nitrobenzeno
1492,Anilina,20920.0,1547,60,6.1,50,,800,True,,1547,ok,6.1,ok,6.1 — Matérias tóxicas,anilina
1492,Peroxido de hidrogenio em solucao aquosa estabilizado,0.0,2015,559,5.1,50,,800,True,,2015,ok,5.1,ok,5.1 — Matérias comburentes,peroxido de hidrogenio em solucao aquosa estabilizado
1492,"Hidrocarbonetos gasosos em mistura liquefeita, nsa",0.0,1965,23,2.0,100,800.0,1600,True,,1965,ok,2,recuperado major de '2.0' (provável Nº perigo na coluna),2 — Gases,"hidrocarbonetos gasosos em mistura liquefeita, nsa"
1492,Tintas ou materias aparentadas as tintas,0.0,1263,33,3.0,50,300.0,800,True,,1263,ok,3,recuperado major de '3.0' (provável Nº perigo na coluna),3 — Líquidos inflamáveis,tintas ou materias aparentadas as tintas
1493,Aminas liquidas corrosivas n.s.a.,23820.0,2735,88,8.0,50,,800,True,,2735,ok,8,recuperado major de '8.0' (provável Nº perigo na coluna),8 — Matérias corrosivas,aminas liquidas corrosivas n.s.a.
1494,"Destilados de petroleo, n.s.a.",17390.0,1268,33,3.0,50,300.0,800,True,,1268,ok,3,recuperado major de '3.0' (provável Nº perigo na coluna),3 — Líquidos inflamáveis,"destilados de petroleo, n.s.a."
1494,Liquido inflamavel n.s.a.,8380.0,1993,33,3.0,50,300.0,800,True,,1993,ok,3,recuperado major de '3.0' (provável Nº perigo na coluna),3 — Líquidos inflamáveis,liquido inflamavel n.s.a.
1495,Peroxido de hidrogenio em solucao aquosa,0.0,2014,58,5.1,50,,800,True,,2014,ok,5.1,ok,5.1 — Matérias comburentes,peroxido de hidrogenio em solucao aquosa
1495,"Hidrocarbonetos gasosos em mistura liquefeita, nsa",0.0,1965,23,2.0,100,800.0,1600,True,,1965,ok,2,recuperado major de '2.0' (provável Nº perigo na coluna),2 — Gases,"hidrocarbonetos gasosos em mistura liquefeita, nsa"
1496,Acumuladores electricos cheios de electrolito liquido acido,21660.0,2794,80,8.0,50,,800,True,,2794,ok,8,recuperado major de '8.0' (provável Nº perigo na coluna),8 — Matérias corrosivas,acumuladores electricos cheios de electrolito liquido acido
1497,Acumuladores electricos cheios de electrolito liquido acido,8020.0,2794,80,8.0,50,,800,True,,2794,ok,8,recuperado major de '8.0' (provável Nº perigo na coluna),8 — Matérias corrosivas,acumuladores electricos cheios de electrolito liquido acido
1497,Hidrocarbonetos liquidos n.s.a.,3295.0,3295,33,3.0,50,300.0,800,True,,3295,ok,3,recuperado major de '3.0' (provável Nº perigo na coluna),3 — Líquidos inflamáveis,hidrocarbonetos liquidos n.s.a.
1498,Alquifenois liquidos,0.0,3145,88,8.0,50,800.0,800,True,,3145,ok,8,recuperado major de '8.0' (provável Nº perigo na coluna),8 — Matérias corrosivas,alquifenois liquidos
1499,Liquido corrosivo n.s.a.,23900.0,1760,88,8.0,50,,800,True,,1760,ok,8,recuperado major de '8.0' (provável Nº perigo na coluna),8 — Matérias corrosivas,liquido corrosivo n.s.a.
1500,Adesivos contendo um liquido inflamavel,15000.0,1133,33,3.0,50,300.0,800,True,,1133,ok,3,recuperado major de '3.0' (provável Nº perigo na coluna),3 — Líquidos inflamáveis,adesivos contendo um liquido inflamavel
1500,Tintas ou materias aparentadas as tintas,4320.0,1263,33,3.0,50,300.0,800,True,,1263,ok,3,recuperado major de '3.0' (provável Nº perigo na coluna),3 — Líquidos inflamáveis,tintas ou materias aparentadas as tintas
1500,Extintores,16460.0,1044,20,2.0,100,500.0,800,False,,1044,ok,2,recuperado major de '2.0' (provável Nº perigo na coluna),2 — Gases,extintores
1501,Nitrobenzeno,50660.0,1662,60,6.1,50,,800,True,,1662,ok,6.1,ok,6.1 — Matérias tóxicas,nitrobenzeno
1502,Dispositivos de insuflagem de sacos insuflaveis,6071.0,3268,90,9.0,50,,800,True,,3268,ok,9,recuperado major de '9.0' (provável Nº perigo na coluna),9 — Matérias e objetos perigosos diversos,dispositivos de insuflagem de sacos insuflaveis
1503,"Hidrocarbonetos gasosos em mistura liquefeita, nsa",0.0,1965,23,2.0,100,800.0,1600,True,,1965,ok,2,recuperado major de '2.0' (provável Nº perigo na coluna),2 — Gases,"hidrocarbonetos gasosos em mistura liquefeita, nsa"
1503,Peroxido de hidrogenio em solucao aquosa estabilizado,0.0,2015,559,5.1,50,,800,True,,2015,ok,5.1,ok,5.1 — Matérias comburentes,peroxido de hidrogenio em solucao aquosa estabilizado
1503,Carburante diesel,0.0,1202,30,3.0,50,300.0,800,True,,1202,ok,3,recuperado major de '3.0' (provável Nº perigo na coluna),3 — Líquidos inflamáveis,carburante diesel
1504,Dispositivos de insuflagem de sacos insuflaveis,6071.0,3268,90,9.0,50,,800,True,,3268,ok,9,recuperado major de '9.0' (provável Nº perigo na coluna),9 — Matérias e objetos perigosos diversos,dispositivos de insuflagem de sacos insuflaveis
1505,"Alcoois, nsa",9380.0,1987,33,3.0,50,300.0,800,True,,1987,ok,3,recuperado major de '3.0' (provável Nº perigo na coluna),3 — Líquidos inflamáveis,"alcoois, nsa"
1505,Argon liquido refrigerado,31540.0,1951,22,2.0,100,100.0,800,True,,1951,ok,2,recuperado major de '2.0' (provável Nº perigo na coluna),2 — Gases,argon liquido refrigerado
1506,Argon liquido refrigerado,29200.0,1951,22,2.0,100,100.0,800,True,,1951,ok,2,recuperado major de '2.0' (provável Nº perigo na coluna),2 — Gases,argon liquido refrigerado
1507,Hidroxido de sodio solido,20380.0,1823,80,8.0,50,,800,True,,1823,ok,8,recuperado major de '8.0' (provável Nº perigo na coluna),8 — Matérias corrosivas,hidroxido de sodio solido
1507,Adesivos contendo um liquido inflamavel,7940.0,1133,33,3.0,50,300.0,800,True,,1133,ok,3,recuperado major de '3.0' (provável Nº perigo na coluna),3 — Líquidos inflamáveis,adesivos contendo um liquido inflamavel
1508,Dispositivos de insuflagem de sacos insuflaveis,5816.0,3268,90,9.0,50,,800,True,,3268,ok,9,recuperado major de '9.0' (provável Nº perigo na coluna),9 — Matérias e objetos perigosos diversos,dispositivos de insuflagem de sacos insuflaveis
1508,Argon liquido refrigerado,0.0,1951,22,2.0,100,100.0,800,True,,1951,ok,2,recuperado major de '2.0' (provável Nº perigo na coluna),2 — Gases,argon liquido refrigerado
1509,Etanolamina ou etanolamina em solucao,26240.0,2491,80,8.0,50,50.0,800,True,,2491,ok,8,recuperado major de '8.0' (provável Nº perigo na coluna),8 — Matérias corrosivas,etanolamina ou etanolamina em solucao
1510,Peroxido de hidrogenio em solucao aquosa estabilizado,0.0,2015,559,5.1,50,,800,True,,2015,ok,5.1,ok,5.1 — Matérias comburentes,peroxido de hidrogenio em solucao aquosa estabilizado
1511,Hidroxido de sodio em solucao,15060.0,1824,80,8.0,50,,800,True,,1824,ok,8,recuperado major de '8.0' (provável Nº perigo na coluna),8 — Matérias corrosivas,hidroxido de sodio em solucao
1511,"Hidrocarbonetos gasosos em mistura liquefeita, nsa",26600.0,1965,23,2.0,100,800.0,1600,True,,1965,ok,2,recuperado major de '2.0' (provável Nº perigo na coluna),2 — Gases,"hidrocarbonetos gasosos em mistura liquefeita, nsa"
1511,Liquido inorganico corrosivo acido n.s.a.,31960.0,3264,88,8.0,50,,800,True,,3264,ok,8,recuperado major de '8.0' (provável Nº perigo na coluna),8 — Matérias corrosivas,liquido inorganico corrosivo acido n.s.a.
1512,Bebidas alcoolicas contendo mais de 70% de alcool,18940.0,3065,33,3.0,50,300.0,800,True,,3065,ok,3,recuperado major de '3.0' (provável Nº perigo na coluna),3 — Líquidos inflamáveis,bebidas alcoolicas contendo mais de 70% de alcool
1512,Materia perigosa do ponto de vista do ambiente liquida n.s.a,16280.0,3082,90,9.0,50,,800,True,,3082,ok,9,recuperado major de '9.0' (provável Nº perigo na coluna),9 — Matérias e objetos perigosos diversos,materia perigosa do ponto de vista do ambiente liquida n.s.a
1512,Materias aparentadas as tintas de impressao,13540.0,1210,33,3.0,50,300.0,800,True,,1210,ok,3,recuperado major de '3.0' (provável Nº perigo na coluna),3 — Líquidos inflamáveis,materias aparentadas as tintas de impressao
1513,Acido cloridrico,22060.0,1789,80,8.0,50,,800,True,,1789,ok,8,recuperado major de '8.0' (provável Nº perigo na coluna),8 — Matérias corrosivas,acido cloridrico
1514,Peroxido de hidrogenio em solucao aquosa estabilizado,0.0,2015,559,5.1,50,,800,True,,2015,ok,5.1,ok,5.1 — Matérias comburentes,peroxido de hidrogenio em solucao aquosa estabilizado
1515,Acido cloridrico,22060.0,1789,80,8.0,50,,800,True,,1789,ok,8,recuperado major de '8.0' (provável Nº perigo na coluna),8 — Matérias corrosivas,acido cloridrico
1516,Peroxido de hidrogenio em solucao aquosa,84410.0,2014,58,5.1,50,,800,True,,2014,ok,5.1,ok,5.1 — Matérias comburentes,peroxido de hidrogenio em solucao aquosa
1517,Adesivos contendo um liquido inflamavel,14740.0,1133,33,3.0,50,300.0,800,True,,1133,ok,3,recuperado major de '3.0' (provável Nº perigo na coluna),3 — Líquidos inflamáveis,adesivos contendo um liquido inflamavel
1517,Hidroxido de sodio em solucao,2820.0,1824,80,8.0,50,,800,True,,1824,ok,8,recuperado major de '8.0' (provável Nº perigo na coluna),8 — Matérias corrosivas,hidroxido de sodio em solucao
1518,Hidroxido de sodio em solucao,2820.0,1824,80,8.0,50,,800,True,,1824,ok,8,recuperado major de '8.0' (provável Nº perigo na coluna),8 — Matérias corrosivas,hidroxido de sodio em solucao
1519,Materia perigosa do ponto de vista do ambiente liquida n.s.a,9010.0,3082,90,9.0,50,,800,True,,3082,ok,9,recuperado major de '9.0' (provável Nº perigo na coluna),9 — Matérias e objetos perigosos diversos,materia perigosa do ponto de vista do ambiente liquida n.s.a
1519,Aerossois asfixiantes,4780.0,1950,20,2.0,50,500.0,800,True,,1950,ok,2,recuperado major de '2.0' (provável Nº perigo na coluna),2 — Gases,aerossois asfixiantes
1519,Argon liquido refrigerado,28600.0,1951,22,2.0,100,100.0,800,True,,1951,ok,2,recuperado major de '2.0' (provável Nº perigo na coluna),2 — Gases,argon liquido refrigerado
1520,Adesivos contendo um liquido inflamavel,360.0,1133,33,3.0,50,300.0,800,True,,1133,ok,3,recuperado major de '3.0' (provável Nº perigo na coluna),3 — Líquidos inflamáveis,adesivos contendo um liquido inflamavel
1521,Recipientes de baixa capacidade contendo gas,14380.0,2037,20,2.0,50,,800,True,,2037,ok,2,recuperado major de '2.0' (provável Nº perigo na coluna),2 — Gases,recipientes de baixa capacidade contendo gas
1522,Alquifenois liquidos,0.0,3145,88,8.0,50,800.0,800,True,,3145,ok,8,recuperado major de '8.0' (provável Nº perigo na coluna),8 — Matérias corrosivas,alquifenois liquidos
1523,Aerossois asfixiantes,17420.0,1950,20,2.0,50,500.0,800,True,,1950,ok,2,recuperado major de '2.0' (provável Nº perigo na coluna),2 — Gases,aerossois asfixiantes
1524,Materia perigosa do ponto de vista do ambiente solida n.s.a.,6820.0,3077,90,9.0,50,,800,True,,3077,ok,9,recuperado major de '9.0' (provável Nº perigo na coluna),9 — Matérias e objetos perigosos diversos,materia perigosa do ponto de vista do ambiente solida n.s.a.
1524,Diisocianato de toluileno,21815.0,2078,60,6.1,50,,800,True,,2078,ok,6.1,ok,6.1 — Matérias tóxicas,diisocianato de toluileno
1525,Diisocianato de toluileno,21815.0,2078,60,6.1,50,,800,True,,2078,ok,6.1,ok,6.1 — Matérias tóxicas,diisocianato de toluileno
1526,Peroxido de hidrogenio em solucao aquosa estabilizado,142950.0,2015,559,5.1,50,,800,True,,2015,ok,5.1,ok,5.1 — Matérias comburentes,peroxido de hidrogenio em solucao aquosa estabilizado
1526,Argon liquido refrigerado,27000.0,1951,22,2.0,100,100.0,800,True,,1951,ok,2,recuperado major de '2.0' (provável Nº perigo na coluna),2 — Gases,argon liquido refrigerado
1527,"Hidrocarbonetos gasosos em mistura liquefeita, nsa",12000.0,1965,23,2.0,100,800.0,1600,True,,1965,ok,2,recuperado major de '2.0' (provável Nº perigo na coluna),2 — Gases,"hidrocarbonetos gasosos em mistura liquefeita, nsa"
1527,Gasolina para motores de automoveis,22879.0,1203,33,3.0,50,300.0,800,True,,1203,ok,3,recuperado major de '3.0' (provável Nº perigo na coluna),3 — Líquidos inflamáveis,gasolina para motores de automoveis
1528,Materia perigosa do ponto de vista do ambiente liquida n.s.a,0.0,3082,90,9.0,50,,800,True,,3082,ok,9,recuperado major de '9.0' (provável Nº perigo na coluna),9 — Matérias e objetos perigosos diversos,materia perigosa do ponto de vista do ambiente liquida n.s.a
1529,"Hidrocarbonetos gasosos em mistura liquefeita, nsa",12000.0,1965,23,2.0,100,800.0,1600,True,,1965,ok,2,recuperado major de '2.0' (provável Nº perigo na coluna),2 — Gases,"hidrocarbonetos gasosos em mistura liquefeita, nsa"
1530,Tintas ou materias aparentadas as tintas,9880.0,1263,33,3.0,50,300.0,800,True,,1263,ok,3,recuperado major de '3.0' (provável Nº perigo na coluna),3 — Líquidos inflamáveis,tintas ou materias aparentadas as tintas
1530,Tetracloroetileno,19800.0,1897,60,6.1,50,100.0,800,True,,1897,ok,6.1,ok,6.1 — Matérias tóxicas,tetracloroetileno
1531,Tintas ou materias aparentadas as tintas,9880.0,1263,33,3.0,50,300.0,800,True,,1263,ok,3,recuperado major de '3.0' (provável Nº perigo na coluna),3 — Líquidos inflamáveis,tintas ou materias aparentadas as tintas
1531,Tetracloroetileno,19800.0,1897,60,6.1,50,100.0,800,True,,1897,ok,6.1,ok,6.1 — Matérias tóxicas,tetracloroetileno
1532,Tintas ou materias aparentadas as tintas,9880.0,1263,33,3.0,50,300.0,800,True,,1263,ok,3,recuperado major de '3.0' (provável Nº perigo na coluna),3 — Líquidos inflamáveis,tintas ou materias aparentadas as tintas
1532,Tetracloroetileno,19800.0,1897,60,6.1,50,100.0,800,True,,1897,ok,6.1,ok,6.1 — Matérias tóxicas,tetracloroetileno
1533,Tintas ou materias aparentadas as tintas,12340.0,1263,33,3.0,50,300.0,800,True,,1263,ok,3,recuperado major de '3.0' (provável Nº perigo na coluna),3 — Líquidos inflamáveis,tintas ou materias aparentadas as tintas
1534,Tintas ou materias aparentadas as tintas,28520.0,1263,33,3.0,50,300.0,800,True,,1263,ok,3,recuperado major de '3.0' (provável Nº perigo na coluna),3 — Líquidos inflamáveis,tintas ou materias aparentadas as tintas
1535,Acetona,17640.0,1090,33,3.0,50,300.0,800,True,,1090,ok,3,recuperado major de '3.0' (provável Nº perigo na coluna),3 — Líquidos inflamáveis,acetona
1535,Materia perigosa do ponto de vista do ambiente liquida n.s.a,11860.0,3082,90,9.0,50,,800,True,,3082,ok,9,recuperado major de '9.0' (provável Nº perigo na coluna),9 — Matérias e objetos perigosos diversos,materia perigosa do ponto de vista do ambiente liquida n.s.a
1535,Tintas ou materias aparentadas as tintas,12380.0,1263,33,3.0,50,300.0,800,True,,1263,ok,3,recuperado major de '3.0' (provável Nº perigo na coluna),3 — Líquidos inflamáveis,tintas ou materias aparentadas as tintas
1536,Acetona,17640.0,1090,33,3.0,50,300.0,800,True,,1090,ok,3,recuperado major de '3.0' (provável Nº perigo na coluna),3 — Líquidos inflamáveis,acetona
1536,Materia perigosa do ponto de vista do ambiente liquida n.s.a,11860.0,3082,90,9.0,50,,800,True,,3082,ok,9,recuperado major de '9.0' (provável Nº perigo na coluna),9 — Matérias e objetos perigosos diversos,materia perigosa do ponto de vista do ambiente liquida n.s.a
1536,Tintas ou materias aparentadas as tintas,12380.0,1263,33,3.0,50,300.0,800,True,,1263,ok,3,recuperado major de '3.0' (provável Nº perigo na coluna),3 — Líquidos inflamáveis,tintas ou materias aparentadas as tintas
1537,Aerossois asfixiantes,9575.0,1950,20,2.0,50,500.0,800,True,,1950,ok,2,recuperado major de '2.0' (provável Nº perigo na coluna),2 — Gases,aerossois asfixiantes
1538,Acetona,23380.0,1090,33,3.0,50,300.0,800,True,,1090,ok,3,recuperado major de '3.0' (provável Nº perigo na coluna),3 — Líquidos inflamáveis,acetona
1539,Acetona,23380.0,1090,33,3.0,50,300.0,800,True,,1090,ok,3,recuperado major de '3.0' (provável Nº perigo na coluna),3 — Líquidos inflamáveis,acetona
1540,Tintas ou materias aparentadas as tintas,2500.0,1263,33,3.0,50,300.0,800,True,,1263,ok,3,recuperado major de '3.0' (provável Nº perigo na coluna),3 — Líquidos inflamáveis,tintas ou materias aparentadas as tintas
1540,Adesivos contendo um liquido inflamavel,24760.0,1133,33,3.0,50,300.0,800,True,,1133,ok,3,recuperado major de '3.0' (provável Nº perigo na coluna),3 — Líquidos inflamáveis,adesivos contendo um liquido inflamavel
1541,Peroxido de hidrogenio em solucao aquosa estabilizado,188990.0,2015,559,5.1,50,,800,True,,2015,ok,5.1,ok,5.1 — Matérias comburentes,peroxido de hidrogenio em solucao aquosa estabilizado
1541,Etanol (alcool etilico) ou etanol em solucao,0.0,1170,33,3.0,50,300.0,800,True,,1170,ok,3,recuperado major de '3.0' (provável Nº perigo na coluna),3 — Líquidos inflamáveis,etanol (alcool etilico) ou etanol em solucao
1541,Dioxido de carbono liquido refrigerado,24000.0,2187,22,2.0,100,100.0,800,True,,2187,ok,2,recuperado major de '2.0' (provável Nº perigo na coluna),2 — Gases,dioxido de carbono liquido refrigerado
1541,Resina em solucao,4310.0,1866,33,3.0,50,300.0,800,True,,1866,ok,3,recuperado major de '3.0' (provável Nº perigo na coluna),3 — Líquidos inflamáveis,resina em solucao
1542,Diisocianato de toluileno,43405.0,2078,60,6.1,50,,800,True,,2078,ok,6.1,ok,6.1 — Matérias tóxicas,diisocianato de toluileno
1543,Diisocianato de toluileno,43405.0,2078,60,6.1,50,,800,True,,2078,ok,6.1,ok,6.1 — Matérias tóxicas,diisocianato de toluileno
1544,Diclorometano,13340.0,1593,60,6.1,50,100.0,800,True,,1593,ok,6.1,ok,6.1 — Matérias tóxicas,diclorometano
1545,Acumuladores electricos insusceptivel de verter,3060.0,2800,80,8.0,25,,800,True,,2800,ok,8,recuperado major de '8.0' (provável Nº perigo na coluna),8 — Matérias corrosivas,acumuladores electricos insusceptivel de verter
1545,Nitrobenzeno,123640.0,1662,60,6.1,50,,800,True,,1662,ok,6.1,ok,6.1 — Matérias tóxicas,nitrobenzeno
1545,Oxigenio comprimido,1680.0,1072,25,2.0,100,500.0,800,True,,1072,ok,2,recuperado major de '2.0' (provável Nº perigo na coluna),2 — Gases,oxigenio comprimido
1546,Oxigenio comprimido,1680.0,1072,25,2.0,100,500.0,800,True,,1072,ok,2,recuperado major de '2.0' (provável Nº perigo na coluna),2 — Gases,oxigenio comprimido
1547,Acumuladores electricos insusceptivel de verter,3060.0,2800,80,8.0,25,,800,True,,2800,ok,8,recuperado major de '8.0' (provável Nº perigo na coluna),8 — Matérias corrosivas,acumuladores electricos insusceptivel de verter
1547,Nitrobenzeno,49400.0,1662,60,6.1,50,,800,True,,1662,ok,6.1,ok,6.1 — Matérias tóxicas,nitrobenzeno
1548,Acumuladores electricos insusceptivel de verter,3060.0,2800,80,8.0,25,,800,True,,2800,ok,8,recuperado major de '8.0' (provável Nº perigo na coluna),8 — Matérias corrosivas,acumuladores electricos insusceptivel de verter
1548,Nitrobenzeno,49400.0,1662,60,6.1,50,,800,True,,1662,ok,6.1,ok,6.1 — Matérias tóxicas,nitrobenzeno
1549,Kits de resina poliester,19567.0,3269,33,3.0,50,300.0,800,True,,3269,ok,3,recuperado major de '3.0' (provável Nº perigo na coluna),3 — Líquidos inflamáveis,kits de resina poliester
1550,Nitrobenzeno,74240.0,1662,60,6.1,50,,800,True,,1662,ok,6.1,ok,6.1 — Matérias tóxicas,nitrobenzeno
1551,Kits de resina poliester,19567.0,3269,33,3.0,50,300.0,800,True,,3269,ok,3,recuperado major de '3.0' (provável Nº perigo na coluna),3 — Líquidos inflamáveis,kits de resina poliester
1552,Kits de resina poliester,13331.0,3269,33,3.0,50,300.0,800,True,,3269,ok,3,recuperado major de '3.0' (provável Nº perigo na coluna),3 — Líquidos inflamáveis,kits de resina poliester
1553,Gas refrigerante r 404a,1660.0,3337,20,2.0,100,500.0,800,True,,3337,ok,2,recuperado major de '2.0' (provável Nº perigo na coluna),2 — Gases,gas refrigerante r 404a
1553,Tetrafluor,1400.0,3159,20,2.0,100,500.0,800,True,,3159,ok,2,recuperado major de '2.0' (provável Nº perigo na coluna),2 — Gases,tetrafluor
1553,"Gas frigorifico, n.s.a.",2349.0,1078,20,2.0,100,500.0,800,True,,1078,ok,2,recuperado major de '2.0' (provável Nº perigo na coluna),2 — Gases,"gas frigorifico, n.s.a."
1554,Nitrobenzeno,66638.0,1662,60,6.1,50,,800,True,,1662,ok,6.1,ok,6.1 — Matérias tóxicas,nitrobenzeno
1554,Hidroxido de sodio solido,62060.0,1823,80,8.0,50,,800,True,,1823,ok,8,recuperado major de '8.0' (provável Nº perigo na coluna),8 — Matérias corrosivas,hidroxido de sodio solido
1555,Dispositivos de insuflagem de sacos insuflaveis,16772.0,3268,90,9.0,50,,800,True,,3268,ok,9,recuperado major de '9.0' (provável Nº perigo na coluna),9 — Matérias e objetos perigosos diversos,dispositivos de insuflagem de sacos insuflaveis
1556,Dispositivos de insuflagem de sacos insuflaveis,16772.0,3268,90,9.0,50,,800,True,,3268,ok,9,recuperado major de '9.0' (provável Nº perigo na coluna),9 — Matérias e objetos perigosos diversos,dispositivos de insuflagem de sacos insuflaveis
1557,Tintas ou materias aparentadas as tintas,33780.0,1263,33,3.0,50,300.0,800,True,,1263,ok,3,recuperado major de '3.0' (provável Nº perigo na coluna),3 — Líquidos inflamáveis,tintas ou materias aparentadas as tintas
1557,Aerossois asfixiantes,6540.0,1950,20,2.0,50,500.0,800,True,,1950,ok,2,recuperado major de '2.0' (provável Nº perigo na coluna),2 — Gases,aerossois asfixiantes
1558,Bebidas alcoolicas contendo mais de 70% de alcool,38860.0,3065,33,3.0,50,300.0,800,True,,3065,ok,3,recuperado major de '3.0' (provável Nº perigo na coluna),3 — Líquidos inflamáveis,bebidas alcoolicas contendo mais de 70% de alcool
1558,Nitrobenzeno,151690.0,1662,60,6.1,50,,800,True,,1662,ok,6.1,ok,6.1 — Matérias tóxicas,nitrobenzeno
1559,Dispositivos de insuflagem de sacos insuflaveis,15402.0,3268,90,9.0,50,,800,True,,3268,ok,9,recuperado major de '9.0' (provável Nº perigo na coluna),9 — Matérias e objetos perigosos diversos,dispositivos de insuflagem de sacos insuflaveis
1560,Dispositivos de insuflagem de sacos insuflaveis,15402.0,3268,90,9.0,50,,800,True,,3268,ok,9,recuperado major de '9.0' (provável Nº perigo na coluna),9 — Matérias e objetos perigosos diversos,dispositivos de insuflagem de sacos insuflaveis
1561,Oxido de etileno e clorotetrafluoretano em mistura,0.0,3297,20,2.0,100,500.0,800,True,,3297,ok,2,recuperado major de '2.0' (provável Nº perigo na coluna),2 — Gases,oxido de etileno e clorotetrafluoretano em mistura
1562,Adesivos contendo um liquido inflamavel,18375.0,1133,33,3.0,50,300.0,800,True,,1133,ok,3,recuperado major de '3.0' (provável Nº perigo na coluna),3 — Líquidos inflamáveis,adesivos contendo um liquido inflamavel
1563,Liquido inflamavel n.s.a.,3360.0,1993,33,3.0,50,300.0,800,False,,1993,ok,3,recuperado major de '3.0' (provável Nº perigo na coluna),3 — Líquidos inflamáveis,liquido inflamavel n.s.a.
1564,Liquido inflamavel n.s.a.,3360.0,1993,33,3.0,50,300.0,800,True,,1993,ok,3,recuperado major de '3.0' (provável Nº perigo na coluna),3 — Líquidos inflamáveis,liquido inflamavel n.s.a.
1565,Tintas ou materias aparentadas as tintas,87440.0,1263,33,3.0,50,300.0,800,True,,1263,ok,3,recuperado major de '3.0' (provável Nº perigo na coluna),3 — Líquidos inflamáveis,tintas ou materias aparentadas as tintas
1565,"Destilados de petroleo, n.s.a.",17940.0,1268,33,3.0,50,300.0,800,True,,1268,ok,3,recuperado major de '3.0' (provável Nº perigo na coluna),3 — Líquidos inflamáveis,"destilados de petroleo, n.s.a."
1566,Acido sulfurico,41280.0,1830,80,8.0,50,,800,True,,1830,ok,8,recuperado major de '8.0' (provável Nº perigo na coluna),8 — Matérias corrosivas,acido sulfurico
1567,Tintas ou materias aparentadas as tintas,14138.0,1263,33,3.0,50,300.0,800,True,,1263,ok,3,recuperado major de '3.0' (provável Nº perigo na coluna),3 — Líquidos inflamáveis,tintas ou materias aparentadas as tintas
1568,Argon liquido refrigerado,51300.0,1951,22,2.0,100,100.0,800,True,,1951,ok,2,recuperado major de '2.0' (provável Nº perigo na coluna),2 — Gases,argon liquido refrigerado
1568,Tintas ou materias aparentadas as tintas,4880.0,1263,33,3.0,50,300.0,800,True,,1263,ok,3,recuperado major de '3.0' (provável Nº perigo na coluna),3 — Líquidos inflamáveis,tintas ou materias aparentadas as tintas
1568,Propano,980.0,1978,23,2.0,100,800.0,1600,True,,1978,ok,2,recuperado major de '2.0' (provável Nº perigo na coluna),2 — Gases,propano
1569,Argon liquido refrigerado,29420.0,1951,22,2.0,100,100.0,800,True,,1951,ok,2,recuperado major de '2.0' (provável Nº perigo na coluna),2 — Gases,argon liquido refrigerado
1570,Acido sulfurico,21800.0,1830,80,8.0,50,,800,True,,1830,ok,8,recuperado major de '8.0' (provável Nº perigo na coluna),8 — Matérias corrosivas,acido sulfurico
1571,Argon liquido refrigerado,29420.0,1951,22,2.0,100,100.0,800,True,,1951,ok,2,recuperado major de '2.0' (provável Nº perigo na coluna),2 — Gases,argon liquido refrigerado
1572,Tintas ou materias aparentadas as tintas,13700.0,1263,33,3.0,50,300.0,800,True,,1263,ok,3,recuperado major de '3.0' (provável Nº perigo na coluna),3 — Líquidos inflamáveis,tintas ou materias aparentadas as tintas
1573,Materia perigosa do ponto de vista do ambiente liquida n.s.a,17880.0,3082,90,9.0,50,,800,True,,3082,ok,9,recuperado major de '9.0' (provável Nº perigo na coluna),9 — Matérias e objetos perigosos diversos,materia perigosa do ponto de vista do ambiente liquida n.s.a
1574,Acido tricloroisocianurico seco,13440.0,2468,50,5.1,50,,800,True,,2468,ok,5.1,ok,5.1 — Matérias comburentes,acido tricloroisocianurico seco
1575,Etanol (alcool etilico) ou etanol em solucao,8120.0,1170,33,3.0,50,300.0,800,True,,1170,ok,3,recuperado major de '3.0' (provável Nº perigo na coluna),3 — Líquidos inflamáveis,etanol (alcool etilico) ou etanol em solucao
1575,Acumuladores electricos cheios de electrolito liquido acido,19470.0,2794,80,8.0,50,,800,True,,2794,ok,8,recuperado major de '8.0' (provável Nº perigo na coluna),8 — Matérias corrosivas,acumuladores electricos cheios de electrolito liquido acido
1576,Dispositivos de insuflagem de sacos insuflaveis,11415.0,3268,90,9.0,50,,800,True,,3268,ok,9,recuperado major de '9.0' (provável Nº perigo na coluna),9 — Matérias e objetos perigosos diversos,dispositivos de insuflagem de sacos insuflaveis
1577,Dispositivos de insuflagem de sacos insuflaveis,11415.0,3268,90,9.0,50,,800,True,,3268,ok,9,recuperado major de '9.0' (provável Nº perigo na coluna),9 — Matérias e objetos perigosos diversos,dispositivos de insuflagem de sacos insuflaveis
1578,Extintores,2480.0,1044,20,2.0,100,500.0,800,False,,1044,ok,2,recuperado major de '2.0' (provável Nº perigo na coluna),2 — Gases,extintores
1578,Resina em solucao,13980.0,1866,33,3.0,50,300.0,800,True,,1866,ok,3,recuperado major de '3.0' (provável Nº perigo na coluna),3 — Líquidos inflamáveis,resina em solucao
1578,Acumuladores electricos cheios de electrolito liquido acido,17860.0,2794,80,8.0,50,,800,True,,2794,ok,8,recuperado major de '8.0' (provável Nº perigo na coluna),8 — Matérias corrosivas,acumuladores electricos cheios de electrolito liquido acido
1579,Etanol (alccol etilico) ou etanol em solucao,8120.0,1170,33,3.0,50,300.0,800,True,,1170,ok,3,recuperado major de '3.0' (provável Nº perigo na coluna),3 — Líquidos inflamáveis,etanol (alccol etilico) ou etanol em solucao
1580,Acumuladores electricos insusceptivel de verter,5330.0,2800,80,8.0,25,,800,True,,2800,ok,8,recuperado major de '8.0' (provável Nº perigo na coluna),8 — Matérias corrosivas,acumuladores electricos insusceptivel de verter
1581,Peroxido de hidrogenio em solucao aquosa estabilizado,0.0,2015,559,5.1,50,,800,True,,2015,ok,5.1,ok,5.1 — Matérias comburentes,peroxido de hidrogenio em solucao aquosa estabilizado
1582,Aminas liquidas corrosivas n.s.a.,8670.0,2735,88,8.0,50,,800,True,,2735,ok,8,recuperado major de '8.0' (provável Nº perigo na coluna),8 — Matérias corrosivas,aminas liquidas corrosivas n.s.a.
1583,Aminas liquidas corrosivas n.s.a.,8670.0,2735,88,8.0,50,,800,True,,2735,ok,8,recuperado major de '8.0' (provável Nº perigo na coluna),8 — Matérias corrosivas,aminas liquidas corrosivas n.s.a.
1584,Acido sulfurico com mais de 51% de acido,21840.0,1830,80,8.0,50,,800,True,,1830,ok,8,recuperado major de '8.0' (provável Nº perigo na coluna),8 — Matérias corrosivas,acido sulfurico com mais de 51% de acido
1584,Adesivos contendo um liquido inflamavel,14700.0,1133,33,3.0,50,300.0,800,True,,1133,ok,3,recuperado major de '3.0' (provável Nº perigo na coluna),3 — Líquidos inflamáveis,adesivos contendo um liquido inflamavel
1585,Materia perigosa do ponto de vista do ambiente liquida n.s.a,10550.0,3082,90,9.0,50,,800,True,,3082,ok,9,recuperado major de '9.0' (provável Nº perigo na coluna),9 — Matérias e objetos perigosos diversos,materia perigosa do ponto de vista do ambiente liquida n.s.a
1586,Argon liquido refrigerado,16490.0,1951,22,2.0,100,100.0,800,True,,1951,ok,2,recuperado major de '2.0' (provável Nº perigo na coluna),2 — Gases,argon liquido refrigerado
1587,Argon comprimido,16880.0,1006,20,2.0,100,,800,True,,1006,ok,2,recuperado major de '2.0' (provável Nº perigo na coluna),2 — Gases,argon comprimido
1587,Essencia de terebentina,21615.0,1299,30,3.0,50,300.0,800,True,,1299,ok,3,recuperado major de '3.0' (provável Nº perigo na coluna),3 — Líquidos inflamáveis,essencia de terebentina
1587,Aerossois asfixiantes,17640.0,1950,20,2.0,50,500.0,800,True,,1950,ok,2,recuperado major de '2.0' (provável Nº perigo na coluna),2 — Gases,aerossois asfixiantes
1588,Argon liquido refrigerado,8190.0,1951,22,2.0,100,100.0,800,True,,1951,ok,2,recuperado major de '2.0' (provável Nº perigo na coluna),2 — Gases,argon liquido refrigerado
1589,Argon comprimido,16880.0,1006,20,2.0,100,,800,True,,1006,ok,2,recuperado major de '2.0' (provável Nº perigo na coluna),2 — Gases,argon comprimido
1589,Essencia de terebentina,21335.0,1299,30,3.0,50,300.0,800,True,,1299,ok,3,recuperado major de '3.0' (provável Nº perigo na coluna),3 — Líquidos inflamáveis,essencia de terebentina
1589,Tintas ou materias aparentadas as tintas,16270.0,1263,33,3.0,50,300.0,800,True,,1263,ok,3,recuperado major de '3.0' (provável Nº perigo na coluna),3 — Líquidos inflamáveis,tintas ou materias aparentadas as tintas
1590,Acido cloridrico,23820.0,1789,80,8.0,50,,800,True,,1789,ok,8,recuperado major de '8.0' (provável Nº perigo na coluna),8 — Matérias corrosivas,acido cloridrico
1591,Acido cloridrico,23820.0,1789,80,8.0,50,,800,True,,1789,ok,8,recuperado major de '8.0' (provável Nº perigo na coluna),8 — Matérias corrosivas,acido cloridrico
1592,Argon liquido refrigerado,48850.0,1951,22,2.0,100,100.0,800,True,,1951,ok,2,recuperado major de '2.0' (provável Nº perigo na coluna),2 — Gases,argon liquido refrigerado
1592,Peroxido de hidrogenio em solucao aquosa estabilizado,180394.0,2015,559,5.1,50,,800,True,,2015,ok,5.1,ok,5.1 — Matérias comburentes,peroxido de hidrogenio em solucao aquosa estabilizado
1593,Argon liquido refrigerado,8300.0,1951,22,2.0,100,100.0,800,True,,1951,ok,2,recuperado major de '2.0' (provável Nº perigo na coluna),2 — Gases,argon liquido refrigerado
1594,Argon liquido refrigerado,8300.0,1951,22,2.0,100,100.0,800,True,,1951,ok,2,recuperado major de '2.0' (provável Nº perigo na coluna),2 — Gases,argon liquido refrigerado
1595,Argon liquido refrigerado,8300.0,1951,22,2.0,100,100.0,800,True,,1951,ok,2,recuperado major de '2.0' (provável Nº perigo na coluna),2 — Gases,argon liquido refrigerado
1596,Dispositivos de insuflagem de sacos insuflaveis,10708.0,3268,90,9.0,50,,800,True,,3268,ok,9,recuperado major de '9.0' (provável Nº perigo na coluna),9 — Matérias e objetos perigosos diversos,dispositivos de insuflagem de sacos insuflaveis
1597,Dispositivos de insuflagem de sacos insuflaveis,10708.0,3268,90,9.0,50,,800,True,,3268,ok,9,recuperado major de '9.0' (provável Nº perigo na coluna),9 — Matérias e objetos perigosos diversos,dispositivos de insuflagem de sacos insuflaveis
1598,Nitrobenzeno,112030.0,1662,60,6.1,50,,800,True,,1662,ok,6.1,ok,6.1 — Matérias tóxicas,nitrobenzeno
1599,Nitrobenzeno,112030.0,1662,60,6.1,50,,800,True,,1662,ok,6.1,ok,6.1 — Matérias tóxicas,nitrobenzeno
1600,Liquido organico corrosivo basico n.s.a.,21320.0,3266,88,8.0,50,,800,True,,3266,ok,8,recuperado major de '8.0' (provável Nº perigo na coluna),8 — Matérias corrosivas,liquido organico corrosivo basico n.s.a.
1600,Nitrobenzeno,63380.0,1662,60,6.1,50,,800,True,,1662,ok,6.1,ok,6.1 — Matérias tóxicas,nitrobenzeno
1601,Nitrobenzeno,44260.0,1662,60,6.1,50,,800,True,,1662,ok,6.1,ok,6.1 — Matérias tóxicas,nitrobenzeno
1602,Peroxido de hidrogenio em solucao aquosa,0.0,2015,559,5.1,50,,800,False,,2015,ok,5.1,ok,5.1 — Matérias comburentes,peroxido de hidrogenio em solucao aquosa
1602,"Hidrocarbonetos gasosos em mistura liquefeita, nsa",0.0,1965,23,2.0,100,800.0,1600,True,,1965,ok,2,recuperado major de '2.0' (provável Nº perigo na coluna),2 — Gases,"hidrocarbonetos gasosos em mistura liquefeita, nsa"
1603,Liquido inflamavel n.s.a.,27800.0,1993,33,3.0,50,300.0,800,True,,1993,ok,3,recuperado major de '3.0' (provável Nº perigo na coluna),3 — Líquidos inflamáveis,liquido inflamavel n.s.a.
1604,Pilhas de litio ionico,6220.0,3480,90,9.0,25,100.0,500,False,,3480,ok,9,recuperado major de '9.0' (provável Nº perigo na coluna),9 — Matérias e objetos perigosos diversos,pilhas de litio ionico
1605,Acetato de n-propilo,0.0,1276,33,3.0,50,300.0,800,True,,1276,ok,3,recuperado major de '3.0' (provável Nº perigo na coluna),3 — Líquidos inflamáveis,acetato de n-propilo
1606,Peroxido de hidrogenio em solucao aquosa estabilizado,180670.0,2015,559,5.1,50,,800,True,,2015,ok,5.1,ok,5.1 — Matérias comburentes,peroxido de hidrogenio em solucao aquosa estabilizado
1606,"Gas comprimido, n.s.a.",44080.0,1956,20,2.0,100,500.0,800,False,,1956,ok,2,recuperado major de '2.0' (provável Nº perigo na coluna),2 — Gases,"gas comprimido, n.s.a."
1606,Metacrilato de metilo monomero estabilizado,0.0,1247,339,3.0,50,300.0,800,True,,1247,ok,3,recuperado major de '3.0' (provável Nº perigo na coluna),3 — Líquidos inflamáveis,metacrilato de metilo monomero estabilizado
1606,"Hidrocarbonetos gasosos em mistura liquefeita, nsa",22700.0,2015,23,2.0,100,800.0,1600,True,,2015,ok,2,recuperado major de '2.0' (provável Nº perigo na coluna),2 — Gases,"hidrocarbonetos gasosos em mistura liquefeita, nsa"
1607,Materia perigosa do ponto de vista do ambiente liquida n.s.a,9080.0,3082,90,9.0,50,,800,True,,3082,ok,9,recuperado major de '9.0' (provável Nº perigo na coluna),9 — Matérias e objetos perigosos diversos,materia perigosa do ponto de vista do ambiente liquida n.s.a
1607,Tintas ou materias aparentadas as tintas,9895.0,1263,33,3.0,50,300.0,800,True,,1263,ok,3,recuperado major de '3.0' (provável Nº perigo na coluna),3 — Líquidos inflamáveis,tintas ou materias aparentadas as tintas
1608,Acrilatos de butilo estabilizados,0.0,2348,39,3.0,50,,800,True,,2348,ok,3,recuperado major de '3.0' (provável Nº perigo na coluna),3 — Líquidos inflamáveis,acrilatos de butilo estabilizados
1609,Peroxido de hidrogenio em solucao aquosa estabilizado,80980.0,2015,559,5.1,50,,800,True,,2015,ok,5.1,ok,5.1 — Matérias comburentes,peroxido de hidrogenio em solucao aquosa estabilizado
1609,Eter metilvinilico estabilizado,0.0,1087,239,2.0,100,800.0,1600,False,,1087,ok,2,recuperado major de '2.0' (provável Nº perigo na coluna),2 — Gases,eter metilvinilico estabilizado
1609,"Hidrocarbonetos gasosos em mistura liquefeita, nsa",19100.0,1965,23,2.0,100,800.0,1600,True,,1965,ok,2,recuperado major de '2.0' (provável Nº perigo na coluna),2 — Gases,"hidrocarbonetos gasosos em mistura liquefeita, nsa"
1610,Isopropanol (alcool isopropilico),0.0,1219,33,3.0,50,300.0,800,True,,1219,ok,3,recuperado major de '3.0' (provável Nº perigo na coluna),3 — Líquidos inflamáveis,isopropanol (alcool isopropilico)
1610,Peroxido de hidrogenio em solucao aquosa estabilizado,0.0,2015,559,5.1,50,,800,True,,2015,ok,5.1,ok,5.1 — Matérias comburentes,peroxido de hidrogenio em solucao aquosa estabilizado
1610,"Hidrocarbonetos gasosos em mistura liquefeita, nsa",0.0,1965,23,2.0,100,800.0,1600,True,,1965,ok,2,recuperado major de '2.0' (provável Nº perigo na coluna),2 — Gases,"hidrocarbonetos gasosos em mistura liquefeita, nsa"
1611,Peroxido de hidrogenio em solucao aquosa estabilizado,158150.0,2015,559,5.1,50,,800,True,,2015,ok,5.1,ok,5.1 — Matérias comburentes,peroxido de hidrogenio em solucao aquosa estabilizado
1611,Acido acrilico estabilizado,0.0,2218,839,8.0,50,,800,True,,2218,ok,8,recuperado major de '8.0' (provável Nº perigo na coluna),8 — Matérias corrosivas,acido acrilico estabilizado
1611,Argon liquido refrigerado,23250.0,1951,22,2.0,100,100.0,800,True,,1951,ok,2,recuperado major de '2.0' (provável Nº perigo na coluna),2 — Gases,argon liquido refrigerado
1611,"Hidrocarbonetos gasosos em mistura liquefeita, nsa",23880.0,1965,23,2.0,100,800.0,1600,True,,1965,ok,2,recuperado major de '2.0' (provável Nº perigo na coluna),2 — Gases,"hidrocarbonetos gasosos em mistura liquefeita, nsa"
1612,Liquido inflamavel n.s.a.,,1993,33,3.0,50,300.0,800,True,,1993,ok,3,recuperado major de '3.0' (provável Nº perigo na coluna),3 — Líquidos inflamáveis,liquido inflamavel n.s.a.
1613,Acido acetico em solucao,297.0,2790,80,8.0,25,,800,True,,2790,ok,8,recuperado major de '8.0' (provável Nº perigo na coluna),8 — Matérias corrosivas,acido acetico em solucao
1613,Hidroxido de sodio solido,24990.0,1823,80,8.0,50,,800,True,,1823,ok,8,recuperado major de '8.0' (provável Nº perigo na coluna),8 — Matérias corrosivas,hidroxido de sodio solido
1613,Etanolamina ou etanolamina em solucao,24120.0,2491,80,8.0,50,50.0,800,True,,2491,ok,8,recuperado major de '8.0' (provável Nº perigo na coluna),8 — Matérias corrosivas,etanolamina ou etanolamina em solucao
1613,Hipoclorito em solucao,24840.0,1791,80,8.0,50,,800,True,,1791,ok,8,recuperado major de '8.0' (provável Nº perigo na coluna),8 — Matérias corrosivas,hipoclorito em solucao
1614,Tintas ou materias aparentadas as tintas,21610.0,1263,30,3.0,50,300.0,800,True,,1263,ok,3,recuperado major de '3.0' (provável Nº perigo na coluna),3 — Líquidos inflamáveis,tintas ou materias aparentadas as tintas
1615,Tintas ou materias aparentadas as tintas,21610.0,1263,30,3.0,50,300.0,800,True,,1263,ok,3,recuperado major de '3.0' (provável Nº perigo na coluna),3 — Líquidos inflamáveis,tintas ou materias aparentadas as tintas
1616,Nitrobenzeno,242490.0,1662,60,6.1,50,,800,True,,1662,ok,6.1,ok,6.1 — Matérias tóxicas,nitrobenzeno
1617,Tintas ou materias aparentadas as tintas,26300.0,1263,33,3.0,50,300.0,800,True,,1263,ok,3,recuperado major de '3.0' (provável Nº perigo na coluna),3 — Líquidos inflamáveis,tintas ou materias aparentadas as tintas
1618,Argon liquido refrigerado,0.0,1951,22,2.0,100,100.0,800,True,,1951,ok,2,recuperado major de '2.0' (provável Nº perigo na coluna),2 — Gases,argon liquido refrigerado
1619,Argon liquido refrigerado,0.0,1951,22,2.0,100,100.0,800,True,,1951,ok,2,recuperado major de '2.0' (provável Nº perigo na coluna),2 — Gases,argon liquido refrigerado
1620,Acumuladores electricos cheios de electrolito liquido acido,16440.0,2794,80,8.0,50,,800,True,,2794,ok,8,recuperado major de '8.0' (provável Nº perigo na coluna),8 — Matérias corrosivas,acumuladores electricos cheios de electrolito liquido acido
1621,Acumuladores electricos cheios de electrolito liquido acido,16440.0,2794,80,8.0,50,,800,True,,2794,ok,8,recuperado major de '8.0' (provável Nº perigo na coluna),8 — Matérias corrosivas,acumuladores electricos cheios de electrolito liquido acido
1622,Adesivos contendo um liquido inflamavel,7315.0,1133,33,3.0,50,300.0,800,True,,1133,ok,3,recuperado major de '3.0' (provável Nº perigo na coluna),3 — Líquidos inflamáveis,adesivos contendo um liquido inflamavel
1623,Aerossois asfixiantes,8010.0,1950,20,2.0,50,500.0,800,True,,1950,ok,2,recuperado major de '2.0' (provável Nº perigo na coluna),2 — Gases,aerossois asfixiantes
1623,Acetona,13200.0,1090,33,3.0,50,300.0,800,True,,1090,ok,3,recuperado major de '3.0' (provável Nº perigo na coluna),3 — Líquidos inflamáveis,acetona
1623,Argon liquido refrigerado,28380.0,1951,22,2.0,100,100.0,800,True,,1951,ok,2,recuperado major de '2.0' (provável Nº perigo na coluna),2 — Gases,argon liquido refrigerado
1624,Argon liquido refrigerado,28860.0,1951,22,2.0,100,100.0,800,True,,1951,ok,2,recuperado major de '2.0' (provável Nº perigo na coluna),2 — Gases,argon liquido refrigerado
1625,Nitrobenzeno,200120.0,1662,60,6.1,50,,800,True,,1662,ok,6.1,ok,6.1 — Matérias tóxicas,nitrobenzeno
1625,Liquido inflamavel n.s.a.,17990.0,1993,33,3.0,50,300.0,800,True,,1993,ok,3,recuperado major de '3.0' (provável Nº perigo na coluna),3 — Líquidos inflamáveis,liquido inflamavel n.s.a.
1626,Peroxido de hidrogenio em solucao aquosa estabilizado,0.0,2015,559,5.1,50,,800,True,,2015,ok,5.1,ok,5.1 — Matérias comburentes,peroxido de hidrogenio em solucao aquosa estabilizado
1626,"Hidrocarbonetos gasosos em mistura liquefeita, nsa",0.0,1965,23,2.0,100,800.0,1600,True,,1965,ok,2,recuperado major de '2.0' (provável Nº perigo na coluna),2 — Gases,"hidrocarbonetos gasosos em mistura liquefeita, nsa"
1626,Dioxido de carbono liquido refrigerado,0.0,2187,22,2.0,100,100.0,800,True,,2187,ok,2,recuperado major de '2.0' (provável Nº perigo na coluna),2 — Gases,dioxido de carbono liquido refrigerado
1627,Dispositivos de insuflagem de sacos insuflaveis,11237.0,3268,90,9.0,50,,800,True,,3268,ok,9,recuperado major de '9.0' (provável Nº perigo na coluna),9 — Matérias e objetos perigosos diversos,dispositivos de insuflagem de sacos insuflaveis
1628,"Hidrocarbonetos gasosos em mistura liquefeita, nsa",0.0,1965,23,2.0,100,800.0,1600,True,,1965,ok,2,recuperado major de '2.0' (provável Nº perigo na coluna),2 — Gases,"hidrocarbonetos gasosos em mistura liquefeita, nsa"
1628,Argon liquido refrigerado,0.0,1951,22,2.0,100,100.0,800,True,,1951,ok,2,recuperado major de '2.0' (provável Nº perigo na coluna),2 — Gases,argon liquido refrigerado
1628,Peroxido de hidrogenio em solucao aquosa estabilizado,0.0,2015,559,5.1,50,,800,True,,2015,ok,5.1,ok,5.1 — Matérias comburentes,peroxido de hidrogenio em solucao aquosa estabilizado
1629,Peroxido de hidrogenio em solucao aquosa estabilizado,0.0,2015,559,5.1,50,,800,True,,2015,ok,5.1,ok,5.1 — Matérias comburentes,peroxido de hidrogenio em solucao aquosa estabilizado
1629,Dioxido de carbono liquido refrigerado,0.0,2187,22,2.0,100,100.0,800,True,,2187,ok,2,recuperado major de '2.0' (provável Nº perigo na coluna),2 — Gases,dioxido de carbono liquido refrigerado
1630,Materia perigosa do ponto de vista do ambiente liquida n.s.a,23710.0,3082,90,9.0,50,,800,True,,3082,ok,9,recuperado major de '9.0' (provável Nº perigo na coluna),9 — Matérias e objetos perigosos diversos,materia perigosa do ponto de vista do ambiente liquida n.s.a
1631,Peroxido de hidrogenio em solucao aquosa estabilizado,0.0,2015,559,5.1,50,,800,True,,2015,ok,5.1,ok,5.1 — Matérias comburentes,peroxido de hidrogenio em solucao aquosa estabilizado
1632,Nitrobenzeno,94800.0,1662,60,6.1,50,,800,True,,1662,ok,6.1,ok,6.1 — Matérias tóxicas,nitrobenzeno
1633,Nitrobenzeno,140450.0,1662,60,6.1,50,,800,True,,1662,ok,6.1,ok,6.1 — Matérias tóxicas,nitrobenzeno
1634,Nitrobenzeno,228040.0,1662,60,6.1,50,,800,True,,1662,ok,6.1,ok,6.1 — Matérias tóxicas,nitrobenzeno
1635,Materia perigosa do ponto de vista do ambiente liquida n.s.a,18555.0,3082,90,9.0,50,,800,True,,3082,ok,9,recuperado major de '9.0' (provável Nº perigo na coluna),9 — Matérias e objetos perigosos diversos,materia perigosa do ponto de vista do ambiente liquida n.s.a
1636,Acido fosforico em solucao,2400.0,1805,80,8.0,50,,800,True,,1805,ok,8,recuperado major de '8.0' (provável Nº perigo na coluna),8 — Matérias corrosivas,acido fosforico em solucao
1637,Argon liquido refrigerado,27220.0,1951,22,2.2,100,100.0,800,True,,1951,ok,2.2,ok,"2.2 — Gases não inflamáveis, não tóxicos",argon liquido refrigerado
1637,Tintas ou materias aparentadas as tintas,16540.0,1263,33,3.0,50,300.0,800,True,,1263,ok,3,recuperado major de '3.0' (provável Nº perigo na coluna),3 — Líquidos inflamáveis,tintas ou materias aparentadas as tintas
1638,Tintas ou materias aparentadas as tintas,77500.0,1263,30,3.0,50,300.0,800,True,,1263,ok,3,recuperado major de '3.0' (provável Nº perigo na coluna),3 — Líquidos inflamáveis,tintas ou materias aparentadas as tintas
1639,Tintas ou materias aparentadas as tintas,16100.0,1263,30,3.0,50,300.0,800,True,,1263,ok,3,recuperado major de '3.0' (provável Nº perigo na coluna),3 — Líquidos inflamáveis,tintas ou materias aparentadas as tintas
1640,Aerossois,5520.0,1950,20,2.0,50,500.0,800,True,,1950,ok,2,recuperado major de '2.0' (provável Nº perigo na coluna),2 — Gases,aerossois
1640,Argon liquido refrigerado,29000.0,1951,22,2.2,100,100.0,800,True,,1951,ok,2.2,ok,"2.2 — Gases não inflamáveis, não tóxicos",argon liquido refrigerado
1640,Resina em solucao,15980.0,1866,33,3.0,50,300.0,800,True,,1866,ok,3,recuperado major de '3.0' (provável Nº perigo na coluna),3 — Líquidos inflamáveis,resina em solucao
1640,Materia perigosa do ponto de vista do ambiente solida n.s.a.,50.0,3077,90,9.0,50,,800,True,,3077,ok,9,recuperado major de '9.0' (provável Nº perigo na coluna),9 — Matérias e objetos perigosos diversos,materia perigosa do ponto de vista do ambiente solida n.s.a.
1641,Tintas ou materias aparentadas as tintas,28942.0,1263,30 ou 33,3.0,50,300.0,800,True,,1263,ok,3,recuperado major de '3.0' (provável Nº perigo na coluna),3 — Líquidos inflamáveis,tintas ou materias aparentadas as tintas
1641,Resina em solucao,26187.0,1866,33,3.0,50,300.0,800,True,,1866,ok,3,recuperado major de '3.0' (provável Nº perigo na coluna),3 — Líquidos inflamáveis,resina em solucao
1641,Acido fosforico em solucao,280.0,1805,80,8.0,50,,800,True,,1805,ok,8,recuperado major de '8.0' (provável Nº perigo na coluna),8 — Matérias corrosivas,acido fosforico em solucao
1641,Materia perigosa do ponto de vista do ambiente liquida n.s.a,1525.0,3082,90,9.0,50,,800,True,,3082,ok,9,recuperado major de '9.0' (provável Nº perigo na coluna),9 — Matérias e objetos perigosos diversos,materia perigosa do ponto de vista do ambiente liquida n.s.a
1641,Hidrocarbonetos liquidos n.s.a.,445.0,3295,30,3.0,50,300.0,800,True,,3295,ok,3,recuperado major de '3.0' (provável Nº perigo na coluna),3 — Líquidos inflamáveis,hidrocarbonetos liquidos n.s.a.
1641,Xilenos,5100.0,1307,30 ou 33,3.0,50,300.0,800,True,,1307,ok,3,recuperado major de '3.0' (provável Nº perigo na coluna),3 — Líquidos inflamáveis,xilenos
1641,Aerossois,1723.0,1950,20,2.0,50,500.0,800,True,,1950,ok,2,recuperado major de '2.0' (provável Nº perigo na coluna),2 — Gases,aerossois
1641,Liquido corrosivo n.s.a.,25.0,1760,88,8.0,50,,800,True,,1760,ok,8,recuperado major de '8.0' (provável Nº perigo na coluna),8 — Matérias corrosivas,liquido corrosivo n.s.a.
1641,"Liquido corrosivo, inflamavel, nsa",200.0,2920,80,8.0,50,,800,True,,2920,ok,8,recuperado major de '8.0' (provável Nº perigo na coluna),8 — Matérias corrosivas,"liquido corrosivo, inflamavel, nsa"
1641,Liquido inflamavel n.s.a.,1230.0,1993,33,3.0,50,300.0,800,True,,1993,ok,3,recuperado major de '3.0' (provável Nº perigo na coluna),3 — Líquidos inflamáveis,liquido inflamavel n.s.a.
1641,Butanol,165.0,1120,30 ou 33,3.0,50,300.0,800,True,,1120,ok,3,recuperado major de '3.0' (provável Nº perigo na coluna),3 — Líquidos inflamáveis,butanol
1641,Esteres n.s.a.,200.0,3272,30 ou 33,3.0,50,300.0,800,True,,3272,ok,3,recuperado major de '3.0' (provável Nº perigo na coluna),3 — Líquidos inflamáveis,esteres n.s.a.
1641,Etilmetilcetona,165.0,1193,33,3.0,50,300.0,800,True,,1193,ok,3,recuperado major de '3.0' (provável Nº perigo na coluna),3 — Líquidos inflamáveis,etilmetilcetona
1642,Tintas ou materias aparentadas as tintas,80441.0,1263,30 ou 33,3.0,50,300.0,800,True,,1263,ok,3,recuperado major de '3.0' (provável Nº perigo na coluna),3 — Líquidos inflamáveis,tintas ou materias aparentadas as tintas
1642,Resina em solucao,26187.0,1866,33,3.0,50,300.0,800,True,,1866,ok,3,recuperado major de '3.0' (provável Nº perigo na coluna),3 — Líquidos inflamáveis,resina em solucao
1642,Acido fosforico em solucao,280.0,1805,80,8.0,50,,800,True,,1805,ok,8,recuperado major de '8.0' (provável Nº perigo na coluna),8 — Matérias corrosivas,acido fosforico em solucao
1642,Materia perigosa do ponto de vista do ambiente liquida n.s.a,1300.0,3082,90,9.0,50,,800,True,,3082,ok,9,recuperado major de '9.0' (provável Nº perigo na coluna),9 — Matérias e objetos perigosos diversos,materia perigosa do ponto de vista do ambiente liquida n.s.a
1642,Hidrocarbonetos liquidos n.s.a.,445.0,3295,33,3.0,50,300.0,800,True,,3295,ok,3,recuperado major de '3.0' (provável Nº perigo na coluna),3 — Líquidos inflamáveis,hidrocarbonetos liquidos n.s.a.
1642,Xilenos,5100.0,1307,30 ou 33,3.0,50,300.0,800,True,,1307,ok,3,recuperado major de '3.0' (provável Nº perigo na coluna),3 — Líquidos inflamáveis,xilenos
1642,Aerossois,1723.0,1950,20,2.0,50,500.0,800,True,,1950,ok,2,recuperado major de '2.0' (provável Nº perigo na coluna),2 — Gases,aerossois
1642,Liquido corrosivo n.s.a.,25.0,1760,88,8.0,50,,800,True,,1760,ok,8,recuperado major de '8.0' (provável Nº perigo na coluna),8 — Matérias corrosivas,liquido corrosivo n.s.a.
1642,Materia perigosa do ponto de vista do ambiente solida n.s.a.,200.0,3077,90,9.0,50,,800,True,,3077,ok,9,recuperado major de '9.0' (provável Nº perigo na coluna),9 — Matérias e objetos perigosos diversos,materia perigosa do ponto de vista do ambiente solida n.s.a.
1642,Tetracloroetileno,598.0,1897,60,6.1,50,100.0,800,True,,1897,ok,6.1,ok,6.1 — Matérias tóxicas,tetracloroetileno
1642,Metoxi-1 Propanol-2,25.0,3092,30,3.0,50,300.0,800,True,,3092,ok,3,recuperado major de '3.0' (provável Nº perigo na coluna),3 — Líquidos inflamáveis,metoxi-1 propanol-2
1642,Liquido inflamavel n.s.a.,1230.0,1993,33,3.0,50,300.0,800,True,,1993,ok,3,recuperado major de '3.0' (provável Nº perigo na coluna),3 — Líquidos inflamáveis,liquido inflamavel n.s.a.
1642,"Liquido corrosivo, inflamavel, nsa",200.0,2920,80,8.0,50,,800,True,,2920,ok,8,recuperado major de '8.0' (provável Nº perigo na coluna),8 — Matérias corrosivas,"liquido corrosivo, inflamavel, nsa"
1642,Butanol,165.0,1120,30 ou 33,3.0,50,300.0,800,True,,1120,ok,3,recuperado major de '3.0' (provável Nº perigo na coluna),3 — Líquidos inflamáveis,butanol
1642,Esteres n.s.a.,200.0,3272,30 ou 33,3.0,50,300.0,800,True,,3272,ok,3,recuperado major de '3.0' (provável Nº perigo na coluna),3 — Líquidos inflamáveis,esteres n.s.a.
1642,Etilmetilcetona,165.0,1193,33,3.0,50,300.0,800,True,,1193,ok,3,recuperado major de '3.0' (provável Nº perigo na coluna),3 — Líquidos inflamáveis,etilmetilcetona
1643,"Destilados de petroleo, n.s.a.",19145.0,1268,33,3.0,50,300.0,800,True,,1268,ok,3,recuperado major de '3.0' (provável Nº perigo na coluna),3 — Líquidos inflamáveis,"destilados de petroleo, n.s.a."
1643,Resina em solucao,16630.0,1866,33,3.0,50,300.0,800,True,,1866,ok,3,recuperado major de '3.0' (provável Nº perigo na coluna),3 — Líquidos inflamáveis,resina em solucao
1643,Sucedaneo de essencia de terebentina,14890.0,1300,30 ou 33,3.0,50,300.0,800,True,,1300,ok,3,recuperado major de '3.0' (provável Nº perigo na coluna),3 — Líquidos inflamáveis,sucedaneo de essencia de terebentina
1643,Acetato de etilo,15570.0,1173,33,3.0,50,300.0,800,True,,1173,ok,3,recuperado major de '3.0' (provável Nº perigo na coluna),3 — Líquidos inflamáveis,acetato de etilo
1643,Acumuladores electricos cheios de electrolito liquido acido,12440.0,2794,80,8.0,50,,800,True,,2794,ok,8,recuperado major de '8.0' (provável Nº perigo na coluna),8 — Matérias corrosivas,acumuladores electricos cheios de electrolito liquido acido
1643,Adesivos contendo um liquido inflamavel,7980.0,1133,33,3.0,50,300.0,800,True,,1133,ok,3,recuperado major de '3.0' (provável Nº perigo na coluna),3 — Líquidos inflamáveis,adesivos contendo um liquido inflamavel
1643,Maquinas frigorificas,17700.0,2857,20,2.0,100,500.0,800,False,,2857,ok,2,recuperado major de '2.0' (provável Nº perigo na coluna),2 — Gases,maquinas frigorificas
1644,Liquido organico corrosivo acido n.s.a.,200.0,3265,88,8.0,50,,800,True,,3265,ok,8,recuperado major de '8.0' (provável Nº perigo na coluna),8 — Matérias corrosivas,liquido organico corrosivo acido n.s.a.
1644,Materia perigosa do ponto de vista do ambiente liquida n.s.a,2040.0,3082,90,9.0,50,,800,True,,3082,ok,9,recuperado major de '9.0' (provável Nº perigo na coluna),9 — Matérias e objetos perigosos diversos,materia perigosa do ponto de vista do ambiente liquida n.s.a
1644,Tolueno,850.0,1294,33,3.0,50,300.0,800,True,,1294,ok,3,recuperado major de '3.0' (provável Nº perigo na coluna),3 — Líquidos inflamáveis,tolueno
1644,Acetona,800.0,1090,33,3.0,50,300.0,800,True,,1090,ok,3,recuperado major de '3.0' (provável Nº perigo na coluna),3 — Líquidos inflamáveis,acetona
1645,Hidroxido de sodio em solucao,27000.0,1824,80,8.0,50,,800,True,,1824,ok,8,recuperado major de '8.0' (provável Nº perigo na coluna),8 — Matérias corrosivas,hidroxido de sodio em solucao
1645,Veiculo de propulsão a gas inflamavel,,3166,n/aplica,9.0,50,300.0,800,True,,3166,ok,9,recuperado major de '9.0' (provável Nº perigo na coluna),9 — Matérias e objetos perigosos diversos,veiculo de propulsao a gas inflamavel
1646,Tintas ou materias aparentadas as tintas,195.0,1263,33,3.0,50,300.0,800,True,,1263,ok,3,recuperado major de '3.0' (provável Nº perigo na coluna),3 — Líquidos inflamáveis,tintas ou materias aparentadas as tintas
1646,Materia perigosa do ponto de vista do ambiente liquida n.s.a,5502.0,3082,90,9.0,50,,800,True,,3082,ok,9,recuperado major de '9.0' (provável Nº perigo na coluna),9 — Matérias e objetos perigosos diversos,materia perigosa do ponto de vista do ambiente liquida n.s.a
1646,Tintas ou materias aparentadas as tintas,3780.0,3066,33,3.0,50,300.0,800,True,,3066,ok,3,recuperado major de '3.0' (provável Nº perigo na coluna),3 — Líquidos inflamáveis,tintas ou materias aparentadas as tintas
